0 :           0 :      0      0 :   0  5       1   0  5       1 :        0     1752        0     1752      0 : 0.00e+00  0.00e+00  4.06e-01
0 :          53 :      1      0 :   0  5       2   0  5       1 :     1753     2514        0     1752      0 : 0.00e+00  0.00e+00  2.80e-02
0 :         106 :      2      0 :   0  5       3   0  5       1 :     2515     4234        0     1752      0 : 0.00e+00  0.00e+00  5.84e-02
0 :         159 :      3      0 :   0  5       4   0  5       1 :     4235     4987        0     1752      0 : 0.00e+00  0.00e+00  2.57e-02
1 :         212 :      4      0 :   0  6       9   0  5       1 :     4988     6868        0     1752     14 : 9.85e+01  9.85e+01  1.32e-03
1 :         265 :      5      0 :   0  6      11   0  5       1 :     6869     8218        0     1752     11 : 9.86e+01  9.86e+01  1.15e-03
1 :         318 :      6      0 :   0  6      12   0  5       1 :     8219    10055        0     1752     12 : 9.87e+01  9.87e+01  1.17e-03
1 :         371 :      7      0 :   0  6      14   0  5       1 :    10056    11954        0     1752     11 : 9.88e+01  9.88e+01  1.13e-03
1 :         424 :      8      0 :   0  6      15   0  5       1 :    11955    13812        0     1752     11 : 9.88e+01  9.88e+01  1.13e-03
1 :         477 :      9      0 :   0  6      16   0  5       1 :    13813    15162        0     1752     10 : 9.87e+01  9.87e+01  1.18e-03
1 :         530 :     10      0 :   0  6      26   0  5       1 :    15163    17042        0     1752      9 : 9.90e+01  9.90e+01  1.12e-03
1 :         583 :     11      0 :   0  6      27   0  5       1 :    17043    18216        0     1752      7 : 9.90e+01  9.90e+01  1.12e-03
1 :         636 :     12      0 :   0  6      28   0  5       1 :    18217    20483        0     1752      9 : 9.91e+01  9.91e+01  1.12e-03
1 :         689 :     13      0 :   0  6      29   0  5       1 :    20484    22354        0     1752      9 : 9.90e+01  9.90e+01  1.12e-03
1 :         742 :     14      0 :   0  6      31   0  5       1 :    22355    24605        0     1752      9 : 9.91e+01  9.91e+01  1.12e-03
1 :         795 :     15      0 :   0  6      32   0  5       1 :    24606    25765        0     1752      7 : 9.90e+01  9.90e+01  1.12e-03
1 :         848 :     16      0 :   0  7      19   0  5       1 :    25766    27455        0     1752     15 : 9.83e+01  9.83e+01  1.15e-03
1 :         901 :     17      0 :   0  7      20   0  5       1 :    27456    28389        0     1752      9 : 9.85e+01  9.85e+01  1.14e-03
1 :         954 :     18      0 :   0  7      25   0  5       1 :    28390    30099        0     1752     12 : 9.86e+01  9.86e+01  1.17e-03
1 :        1007 :     19      0 :   0  7      26   0  5       1 :    30100    31020        0     1752      9 : 9.85e+01  9.85e+01  1.13e-03
1 :        1060 :     20      0 :   0  7      35   0  5       1 :    31021    32680        0     1752      9 : 9.89e+01  9.89e+01  1.12e-03
1 :        1113 :     21      0 :   0  7      40   0  5       1 :    32681    34410        0     1752      9 : 9.90e+01  9.90e+01  1.12e-03
1 :        1166 :     22      0 :   0  7      41   0  5       1 :    34411    36062        0     1752     11 : 9.87e+01  9.87e+01  1.13e-03
1 :        1219 :     23      0 :   0  7      46   0  5       1 :    36063    37795        0     1752     10 : 9.89e+01  9.89e+01  1.17e-03
1 :        1272 :     24      0 :   0  7      50   0  5       1 :    37796    38258        0     1752      6 : 9.84e+01  9.84e+01  1.18e-03
1 :        1325 :     25      0 :   0  7      59   0  5       1 :    38259    39857        0     1752      8 : 9.90e+01  9.90e+01  1.18e-03
1 :        1378 :     26      0 :   0  7      60   0  5       1 :    39858    40314        0     1752      6 : 9.83e+01  9.83e+01  1.16e-03
1 :        1431 :     27      0 :   0  8      65   0  5       1 :    40315    42013        0     1752     10 : 9.88e+01  9.88e+01  1.18e-03
1 :        1484 :     28      0 :   0  8      66   0  5       1 :    42014    42768        0     1752      6 : 9.89e+01  9.89e+01  1.16e-03
1 :        1537 :     29      0 :   0  8      67   0  5       1 :    42769    43712        0     1752      7 : 9.89e+01  9.89e+01  1.12e-03
1 :        1590 :     30      0 :   0  8      68   0  5       1 :    43713    45403        0     1752      9 : 9.90e+01  9.90e+01  1.12e-03
1 :        1643 :     31      0 :   0  8      71   0  5       1 :    45404    47057        0     1752     10 : 9.88e+01  9.88e+01  1.18e-03
1 :        1696 :     32      0 :   0  8      72   0  5       1 :    47058    49013        0     1752      9 : 9.90e+01  9.90e+01  1.12e-03
1 :        1749 :     33      0 :   0  8      73   0  5       1 :    49014    49752        0     1752      6 : 9.88e+01  9.88e+01  1.16e-03
1 :        1802 :     34      0 :   0  8      74   0  5       1 :    49753    51606        0     1752      9 : 9.90e+01  9.90e+01  1.13e-03
1 :        1855 :     35      0 :   0  8      75   0  5       1 :    51607    53340        0     1752      9 : 9.90e+01  9.90e+01  1.12e-03
1 :        1908 :     36      0 :   0  8      76   0  5       1 :    53341    54448        0     1752      7 : 9.90e+01  9.90e+01  1.12e-03
1 :        1961 :     37      0 :   0  8      77   0  5       1 :    54449    56151        0     1752      9 : 9.90e+01  9.90e+01  1.12e-03
1 :        2014 :     38      0 :   0  8      78   0  5       1 :    56152    58105        0     1752     10 : 9.89e+01  9.89e+01  1.17e-03
1 :        2067 :     39      0 :   0  8      83   0  5       1 :    58106    60074        0     1752     10 : 9.89e+01  9.89e+01  1.17e-03
1 :        2120 :     40      0 :   0  8      84   0  5       1 :    60075    61735        0     1752     10 : 9.88e+01  9.88e+01  1.17e-03
1 :        2173 :     41      0 :   0  8      85   0  5       1 :    61736    62505        0     1752      6 : 9.89e+01  9.89e+01  1.17e-03
1 :        2226 :     42      0 :   0  8      86   0  5       1 :    62506    64201        0     1752      9 : 9.90e+01  9.90e+01  1.12e-03
1 :        2279 :     43      0 :   0  8      87   0  5       1 :    64202    65898        0     1752     10 : 9.88e+01  9.88e+01  1.17e-03
1 :        2332 :     44      0 :   0  8      88   0  5       1 :    65899    66838        0     1752      7 : 9.89e+01  9.89e+01  1.12e-03
1 :        2385 :     45      0 :   0  8      89   0  5       1 :    66839    68824        0     1752      9 : 9.90e+01  9.90e+01  1.13e-03
1 :        2438 :     46      0 :   0  8      90   0  5       1 :    68825    70511        0     1752      9 : 9.90e+01  9.90e+01  1.12e-03
1 :        2491 :     47      0 :   0  8      93   0  5       1 :    70512    72369        0     1752     10 : 9.89e+01  9.89e+01  1.17e-03
1 :        2544 :     48      0 :   0  8      94   0  5       1 :    72370    73108        0     1752      6 : 9.88e+01  9.88e+01  1.17e-03
1 :        2597 :     49      0 :   0  8      95   0  5       1 :    73109    74219        0     1752      7 : 9.90e+01  9.90e+01  1.12e-03
1 :        2650 :     50      0 :   0  8      96   0  5       1 :    74220    76059        0     1752     10 : 9.89e+01  9.89e+01  1.17e-03
1 :        2703 :     51      0 :   0  8      97   0  5       1 :    76060    77572        0     1752      8 : 9.90e+01  9.90e+01  1.17e-03
1 :        2756 :     52      0 :   0  8      98   0  5       1 :    77573    77654        0     1752      5 : 9.36e+01  9.36e+01  1.12e-03
0 :          54 :      1      1 :   0  5       2   0  5       2 :     1753     2514     1753     2514      0 : 0.00e+00  0.00e+00  4.20e-02
0 :         107 :      2      1 :   0  5       3   0  5       2 :     2515     4234     1753     2514      0 : 0.00e+00  0.00e+00  4.28e-02
0 :          55 :      1      2 :   0  5       2   0  5       3 :     1753     2514     2515     4234      0 : 0.00e+00  0.00e+00  3.03e-02
0 :         160 :      3      1 :   0  5       4   0  5       2 :     4235     4987     1753     2514      0 : 0.00e+00  0.00e+00  1.87e-02
0 :          56 :      1      3 :   0  5       2   0  5       4 :     1753     2514     4235     4987      0 : 0.00e+00  0.00e+00  1.38e-02
0 :         213 :      4      1 :   0  6       9   0  5       2 :     4988     6868     1753     2514      0 : 0.00e+00  0.00e+00  2.06e-02
0 :          57 :      1      4 :   0  5       2   0  6       9 :     1753     2514     4988     6868      0 : 0.00e+00  0.00e+00  7.09e-03
1 :         266 :      5      1 :   0  6      11   0  5       2 :     6869     8218     1753     2514      6 : 9.88e+01  9.77e+01  1.56e-03
1 :          58 :      1      5 :   0  5       2   0  6      11 :     1753     2514     6869     8218      6 : 9.88e+01  9.79e+01  8.97e-04
1 :         319 :      6      1 :   0  6      12   0  5       2 :     8219    10055     1753     2514      6 : 9.89e+01  9.80e+01  1.23e-03
1 :          59 :      1      6 :   0  5       2   0  6      12 :     1753     2514     8219    10055      6 : 9.89e+01  9.81e+01  9.16e-04
1 :         372 :      7      1 :   0  6      14   0  5       2 :    10056    11954     1753     2514      6 : 9.89e+01  9.82e+01  1.15e-03
1 :          60 :      1      7 :   0  5       2   0  6      14 :     1753     2514    10056    11954      6 : 9.89e+01  9.83e+01  7.03e-04
1 :         425 :      8      1 :   0  6      15   0  5       2 :    11955    13812     1753     2514      5 : 9.91e+01  9.83e+01  1.07e-03
1 :          61 :      1      8 :   0  5       2   0  6      15 :     1753     2514    11955    13812      5 : 9.91e+01  9.83e+01  7.46e-04
1 :         478 :      9      1 :   0  6      16   0  5       2 :    13813    15162     1753     2514      5 : 9.90e+01  9.82e+01  1.01e-03
1 :          62 :      1      9 :   0  5       2   0  6      16 :     1753     2514    13813    15162      5 : 9.90e+01  9.82e+01  6.21e-04
1 :         531 :     10      1 :   0  6      26   0  5       2 :    15163    17042     1753     2514      3 : 9.94e+01  9.89e+01  9.46e-04
1 :          63 :      1     10 :   0  5       2   0  6      26 :     1753     2514    15163    17042      3 : 9.94e+01  9.87e+01  5.59e-04
1 :         584 :     11      1 :   0  6      27   0  5       2 :    17043    18216     1753     2514      3 : 9.94e+01  9.87e+01  8.77e-04
1 :          64 :      1     11 :   0  5       2   0  6      27 :     1753     2514    17043    18216      3 : 9.94e+01  9.85e+01  4.07e-04
1 :         637 :     12      1 :   0  6      28   0  5       2 :    18217    20483     1753     2514      3 : 9.95e+01  9.89e+01  9.59e-04
1 :          65 :      1     12 :   0  5       2   0  6      28 :     1753     2514    18217    20483      3 : 9.95e+01  9.89e+01  5.65e-04
1 :         690 :     13      1 :   0  6      29   0  5       2 :    20484    22354     1753     2514      3 : 9.94e+01  9.89e+01  9.30e-04
1 :          66 :      1     13 :   0  5       2   0  6      29 :     1753     2514    20484    22354      3 : 9.94e+01  9.87e+01  5.51e-04
1 :         743 :     14      1 :   0  6      31   0  5       2 :    22355    24605     1753     2514      3 : 9.95e+01  9.89e+01  9.47e-04
1 :          67 :      1     14 :   0  5       2   0  6      31 :     1753     2514    22355    24605      3 : 9.95e+01  9.89e+01  5.73e-04
1 :         796 :     15      1 :   0  6      32   0  5       2 :    24606    25765     1753     2514      3 : 9.93e+01  9.87e+01  8.76e-04
1 :          68 :      1     15 :   0  5       2   0  6      32 :     1753     2514    24606    25765      3 : 9.93e+01  9.87e+01  3.75e-04
0 :         849 :     16      1 :   0  7      19   0  5       2 :    25766    27455     1753     2514      0 : 0.00e+00  0.00e+00  1.80e-02
0 :          69 :      1     16 :   0  5       2   0  7      19 :     1753     2514    25766    27455      0 : 0.00e+00  0.00e+00  6.40e-03
1 :         902 :     17      1 :   0  7      20   0  5       2 :    27456    28389     1753     2514      8 : 9.81e+01  9.67e+01  1.16e-03
1 :          70 :      1     17 :   0  5       2   0  7      20 :     1753     2514    27456    28389      8 : 9.81e+01  9.67e+01  8.26e-04
0 :         955 :     18      1 :   0  7      25   0  5       2 :    28390    30099     1753     2514      0 : 0.00e+00  0.00e+00  1.86e-02
0 :          71 :      1     18 :   0  5       2   0  7      25 :     1753     2514    28390    30099      0 : 0.00e+00  0.00e+00  6.40e-03
1 :        1008 :     19      1 :   0  7      26   0  5       2 :    30100    31020     1753     2514      6 : 9.86e+01  9.78e+01  1.04e-03
1 :          72 :      1     19 :   0  5       2   0  7      26 :     1753     2514    30100    31020      6 : 9.86e+01  9.76e+01  7.00e-04
1 :        1061 :     20      1 :   0  7      35   0  5       2 :    31021    32680     1753     2514      5 : 9.90e+01  9.83e+01  1.03e-03
1 :          73 :      1     20 :   0  5       2   0  7      35 :     1753     2514    31021    32680      5 : 9.90e+01  9.85e+01  6.93e-04
1 :        1114 :     21      1 :   0  7      40   0  5       2 :    32681    34410     1753     2514      3 : 9.94e+01  9.87e+01  9.49e-04
1 :          74 :      1     21 :   0  5       2   0  7      40 :     1753     2514    32681    34410      3 : 9.94e+01  9.87e+01  5.58e-04
1 :        1167 :     22      1 :   0  7      41   0  5       2 :    34411    36062     1753     2514      4 : 9.92e+01  9.85e+01  1.01e-03
1 :          75 :      1     22 :   0  5       2   0  7      41 :     1753     2514    34411    36062      4 : 9.92e+01  9.85e+01  5.92e-04
1 :        1220 :     23      1 :   0  7      46   0  5       2 :    36063    37795     1753     2514      3 : 9.94e+01  9.87e+01  9.76e-04
1 :          76 :      1     23 :   0  5       2   0  7      46 :     1753     2514    36063    37795      3 : 9.94e+01  9.89e+01  5.38e-04
1 :        1273 :     24      1 :   0  7      50   0  5       2 :    37796    38258     1753     2514      3 : 9.90e+01  9.79e+01  8.42e-04
1 :          77 :      1     24 :   0  5       2   0  7      50 :     1753     2514    37796    38258      3 : 9.90e+01  9.79e+01  3.23e-04
1 :        1326 :     25      1 :   0  7      59   0  5       2 :    38259    39857     1753     2514      3 : 9.94e+01  9.88e+01  8.98e-04
1 :          78 :      1     25 :   0  5       2   0  7      59 :     1753     2514    38259    39857      3 : 9.94e+01  9.88e+01  4.36e-04
1 :        1379 :     26      1 :   0  7      60   0  5       2 :    39858    40314     1753     2514      3 : 9.89e+01  9.79e+01  8.27e-04
1 :          79 :      1     26 :   0  5       2   0  7      60 :     1753     2514    39858    40314      3 : 9.89e+01  9.79e+01  3.14e-04
1 :        1432 :     27      1 :   0  8      65   0  5       2 :    40315    42013     1753     2514      4 : 9.92e+01  9.85e+01  1.01e-03
1 :          80 :      1     27 :   0  5       2   0  8      65 :     1753     2514    40315    42013      4 : 9.92e+01  9.85e+01  5.96e-04
1 :        1485 :     28      1 :   0  8      66   0  5       2 :    42014    42768     1753     2514      3 : 9.92e+01  9.82e+01  8.59e-04
1 :          81 :      1     28 :   0  5       2   0  8      66 :     1753     2514    42014    42768      3 : 9.92e+01  9.79e+01  3.62e-04
1 :        1538 :     29      1 :   0  8      67   0  5       2 :    42769    43712     1753     2514      3 : 9.93e+01  9.86e+01  8.51e-04
1 :          82 :      1     29 :   0  5       2   0  8      67 :     1753     2514    42769    43712      3 : 9.93e+01  9.83e+01  3.67e-04
1 :        1591 :     30      1 :   0  8      68   0  5       2 :    43713    45403     1753     2514      3 : 9.94e+01  9.87e+01  9.27e-04
1 :          83 :      1     30 :   0  5       2   0  8      68 :     1753     2514    43713    45403      3 : 9.94e+01  9.85e+01  5.63e-04
1 :        1644 :     31      1 :   0  8      71   0  5       2 :    45404    47057     1753     2514      3 : 9.94e+01  9.85e+01  9.80e-04
1 :          84 :      1     31 :   0  5       2   0  8      71 :     1753     2514    45404    47057      3 : 9.94e+01  9.85e+01  5.51e-04
1 :        1697 :     32      1 :   0  8      72   0  5       2 :    47058    49013     1753     2514      3 : 9.95e+01  9.87e+01  9.40e-04
1 :          85 :      1     32 :   0  5       2   0  8      72 :     1753     2514    47058    49013      3 : 9.95e+01  9.87e+01  6.10e-04
1 :        1750 :     33      1 :   0  8      73   0  5       2 :    49014    49752     1753     2514      3 : 9.92e+01  9.84e+01  8.51e-04
1 :          86 :      1     33 :   0  5       2   0  8      73 :     1753     2514    49014    49752      3 : 9.92e+01  9.81e+01  3.49e-04
1 :        1803 :     34      1 :   0  8      74   0  5       2 :    49753    51606     1753     2514      3 : 9.94e+01  9.85e+01  9.57e-04
1 :          87 :      1     34 :   0  5       2   0  8      74 :     1753     2514    49753    51606      3 : 9.94e+01  9.87e+01  5.57e-04
1 :        1856 :     35      1 :   0  8      75   0  5       2 :    51607    53340     1753     2514      3 : 9.94e+01  9.89e+01  9.22e-04
1 :          88 :      1     35 :   0  5       2   0  8      75 :     1753     2514    51607    53340      3 : 9.94e+01  9.87e+01  5.30e-04
1 :        1909 :     36      1 :   0  8      76   0  5       2 :    53341    54448     1753     2514      3 : 9.93e+01  9.87e+01  8.63e-04
1 :          89 :      1     36 :   0  5       2   0  8      76 :     1753     2514    53341    54448      3 : 9.93e+01  9.87e+01  3.75e-04
1 :        1962 :     37      1 :   0  8      77   0  5       2 :    54449    56151     1753     2514      3 : 9.94e+01  9.89e+01  9.05e-04
1 :          90 :      1     37 :   0  5       2   0  8      77 :     1753     2514    54449    56151      3 : 9.94e+01  9.87e+01  5.40e-04
1 :        2015 :     38      1 :   0  8      78   0  5       2 :    56152    58105     1753     2514      3 : 9.95e+01  9.87e+01  9.88e-04
1 :          91 :      1     38 :   0  5       2   0  8      78 :     1753     2514    56152    58105      3 : 9.95e+01  9.87e+01  5.52e-04
1 :        2068 :     39      1 :   0  8      83   0  5       2 :    58106    60074     1753     2514      3 : 9.95e+01  9.87e+01  9.79e-04
1 :          92 :      1     39 :   0  5       2   0  8      83 :     1753     2514    58106    60074      3 : 9.95e+01  9.87e+01  5.55e-04
1 :        2121 :     40      1 :   0  8      84   0  5       2 :    60075    61735     1753     2514      3 : 9.94e+01  9.87e+01  9.63e-04
1 :          93 :      1     40 :   0  5       2   0  8      84 :     1753     2514    60075    61735      3 : 9.94e+01  9.87e+01  5.58e-04
1 :        2174 :     41      1 :   0  8      85   0  5       2 :    61736    62505     1753     2514      3 : 9.92e+01  9.84e+01  8.31e-04
1 :          94 :      1     41 :   0  5       2   0  8      85 :     1753     2514    61736    62505      3 : 9.92e+01  9.82e+01  3.60e-04
1 :        2227 :     42      1 :   0  8      86   0  5       2 :    62506    64201     1753     2514      3 : 9.94e+01  9.87e+01  9.22e-04
1 :          95 :      1     42 :   0  5       2   0  8      86 :     1753     2514    62506    64201      3 : 9.94e+01  9.87e+01  5.31e-04
1 :        2280 :     43      1 :   0  8      87   0  5       2 :    64202    65898     1753     2514      3 : 9.94e+01  9.87e+01  9.99e-04
1 :          96 :      1     43 :   0  5       2   0  8      87 :     1753     2514    64202    65898      3 : 9.94e+01  9.87e+01  5.68e-04
1 :        2333 :     44      1 :   0  8      88   0  5       2 :    65899    66838     1753     2514      3 : 9.93e+01  9.86e+01  8.41e-04
1 :          97 :      1     44 :   0  5       2   0  8      88 :     1753     2514    65899    66838      3 : 9.93e+01  9.83e+01  3.76e-04
1 :        2386 :     45      1 :   0  8      89   0  5       2 :    66839    68824     1753     2514      3 : 9.95e+01  9.89e+01  9.33e-04
1 :          98 :      1     45 :   0  5       2   0  8      89 :     1753     2514    66839    68824      3 : 9.95e+01  9.87e+01  5.63e-04
1 :        2439 :     46      1 :   0  8      90   0  5       2 :    68825    70511     1753     2514      3 : 9.94e+01  9.89e+01  9.08e-04
1 :          99 :      1     46 :   0  5       2   0  8      90 :     1753     2514    68825    70511      3 : 9.94e+01  9.87e+01  5.29e-04
1 :        2492 :     47      1 :   0  8      93   0  5       2 :    70512    72369     1753     2514      3 : 9.94e+01  9.87e+01  9.79e-04
1 :         100 :      1     47 :   0  5       2   0  8      93 :     1753     2514    70512    72369      3 : 9.94e+01  9.87e+01  5.55e-04
1 :        2545 :     48      1 :   0  8      94   0  5       2 :    72370    73108     1753     2514      3 : 9.92e+01  9.84e+01  8.42e-04
1 :         101 :      1     48 :   0  5       2   0  8      94 :     1753     2514    72370    73108      3 : 9.92e+01  9.84e+01  3.27e-04
1 :        2598 :     49      1 :   0  8      95   0  5       2 :    73109    74219     1753     2514      3 : 9.93e+01  9.87e+01  8.65e-04
1 :         102 :      1     49 :   0  5       2   0  8      95 :     1753     2514    73109    74219      3 : 9.93e+01  9.87e+01  3.74e-04
1 :        2651 :     50      1 :   0  8      96   0  5       2 :    74220    76059     1753     2514      3 : 9.94e+01  9.87e+01  9.75e-04
1 :         103 :      1     50 :   0  5       2   0  8      96 :     1753     2514    74220    76059      3 : 9.94e+01  9.89e+01  5.33e-04
1 :        2704 :     51      1 :   0  8      97   0  5       2 :    76060    77572     1753     2514      3 : 9.94e+01  9.88e+01  9.22e-04
1 :         104 :      1     51 :   0  5       2   0  8      97 :     1753     2514    76060    77572      3 : 9.94e+01  9.88e+01  4.18e-04
1 :        2757 :     52      1 :   0  8      98   0  5       2 :    77573    77654     1753     2514      3 : 9.59e+01  9.32e+01  7.84e-04
1 :         105 :      1     52 :   0  5       2   0  8      98 :     1753     2514    77573    77654      3 : 9.59e+01  9.32e+01  2.71e-04
0 :         108 :      2      2 :   0  5       3   0  5       3 :     2515     4234     2515     4234      0 : 0.00e+00  0.00e+00  4.74e-01
0 :         161 :      3      2 :   0  5       4   0  5       3 :     4235     4987     2515     4234      0 : 0.00e+00  0.00e+00  7.26e-02
0 :         109 :      2      3 :   0  5       3   0  5       4 :     2515     4234     4235     4987      0 : 0.00e+00  0.00e+00  4.42e-02
1 :         214 :      4      2 :   0  6       9   0  5       3 :     4988     6868     2515     4234      6 : 9.93e+01  9.88e+01  5.05e-02
1 :         110 :      2      4 :   0  5       3   0  6       9 :     2515     4234     4988     6868      7 : 9.92e+01  9.88e+01  3.99e-02
1 :         267 :      5      2 :   0  6      11   0  5       3 :     6869     8218     2515     4234      3 : 9.96e+01  9.87e+01  4.04e-03
1 :         111 :      2      5 :   0  5       3   0  6      11 :     2515     4234     6869     8218      3 : 9.96e+01  9.87e+01  2.86e-03
1 :         320 :      6      2 :   0  6      12   0  5       3 :     8219    10055     2515     4234      4 : 9.95e+01  9.86e+01  3.99e-03
1 :         112 :      2      6 :   0  5       3   0  6      12 :     2515     4234     8219    10055      4 : 9.95e+01  9.88e+01  2.80e-03
1 :         373 :      7      2 :   0  6      14   0  5       3 :    10056    11954     2515     4234      6 : 9.93e+01  9.84e+01  4.04e-03
1 :         113 :      2      7 :   0  5       3   0  6      14 :     2515     4234    10056    11954      6 : 9.93e+01  9.84e+01  2.84e-03
1 :         426 :      8      2 :   0  6      15   0  5       3 :    11955    13812     2515     4234      5 : 9.94e+01  9.87e+01  3.82e-03
1 :         114 :      2      8 :   0  5       3   0  6      15 :     2515     4234    11955    13812      5 : 9.94e+01  9.88e+01  2.62e-03
1 :         479 :      9      2 :   0  6      16   0  5       3 :    13813    15162     2515     4234      5 : 9.93e+01  9.85e+01  3.72e-03
1 :         115 :      2      9 :   0  5       3   0  6      16 :     2515     4234    13813    15162      5 : 9.93e+01  9.85e+01  2.49e-03
1 :         532 :     10      2 :   0  6      26   0  5       3 :    15163    17042     2515     4234      3 : 9.97e+01  9.90e+01  3.52e-03
1 :         116 :      2     10 :   0  5       3   0  6      26 :     2515     4234    15163    17042      3 : 9.97e+01  9.90e+01  2.24e-03
1 :         585 :     11      2 :   0  6      27   0  5       3 :    17043    18216     2515     4234      3 : 9.96e+01  9.90e+01  3.32e-03
1 :         117 :      2     11 :   0  5       3   0  6      27 :     2515     4234    17043    18216      3 : 9.96e+01  9.90e+01  1.86e-03
1 :         638 :     12      2 :   0  6      28   0  5       3 :    18217    20483     2515     4234      3 : 9.97e+01  9.91e+01  3.50e-03
1 :         118 :      2     12 :   0  5       3   0  6      28 :     2515     4234    18217    20483      3 : 9.97e+01  9.91e+01  2.26e-03
1 :         691 :     13      2 :   0  6      29   0  5       3 :    20484    22354     2515     4234      3 : 9.97e+01  9.90e+01  3.42e-03
1 :         119 :      2     13 :   0  5       3   0  6      29 :     2515     4234    20484    22354      3 : 9.97e+01  9.90e+01  2.18e-03
1 :         744 :     14      2 :   0  6      31   0  5       3 :    22355    24605     2515     4234      3 : 9.97e+01  9.91e+01  3.46e-03
1 :         120 :      2     14 :   0  5       3   0  6      31 :     2515     4234    22355    24605      3 : 9.97e+01  9.91e+01  2.24e-03
1 :         797 :     15      2 :   0  6      32   0  5       3 :    24606    25765     2515     4234      3 : 9.96e+01  9.90e+01  3.31e-03
1 :         121 :      2     15 :   0  5       3   0  6      32 :     2515     4234    24606    25765      3 : 9.96e+01  9.90e+01  1.81e-03
1 :         850 :     16      2 :   0  7      19   0  5       3 :    25766    27455     2515     4234      9 : 9.89e+01  9.84e+01  3.93e-02
1 :         122 :      2     16 :   0  5       3   0  7      19 :     2515     4234    25766    27455      9 : 9.89e+01  9.85e+01  3.62e-02
1 :         903 :     17      2 :   0  7      20   0  5       3 :    27456    28389     2515     4234      5 : 9.92e+01  9.83e+01  3.82e-03
1 :         123 :      2     17 :   0  5       3   0  7      20 :     2515     4234    27456    28389      5 : 9.92e+01  9.85e+01  2.83e-03
1 :         956 :     18      2 :   0  7      25   0  5       3 :    28390    30099     2515     4234      7 : 9.92e+01  9.84e+01  4.03e-02
1 :         124 :      2     18 :   0  5       3   0  7      25 :     2515     4234    28390    30099      8 : 9.91e+01  9.84e+01  3.70e-02
1 :        1009 :     19      2 :   0  7      26   0  5       3 :    30100    31020     2515     4234      5 : 9.92e+01  9.83e+01  3.76e-03
1 :         125 :      2     19 :   0  5       3   0  7      26 :     2515     4234    30100    31020      5 : 9.92e+01  9.85e+01  2.62e-03
1 :        1062 :     20      2 :   0  7      35   0  5       3 :    31021    32680     2515     4234      3 : 9.96e+01  9.88e+01  3.58e-03
1 :         126 :      2     20 :   0  5       3   0  7      35 :     2515     4234    31021    32680      3 : 9.96e+01  9.89e+01  2.34e-03
1 :        1115 :     21      2 :   0  7      40   0  5       3 :    32681    34410     2515     4234      3 : 9.97e+01  9.90e+01  3.51e-03
1 :         127 :      2     21 :   0  5       3   0  7      40 :     2515     4234    32681    34410      3 : 9.97e+01  9.90e+01  2.21e-03
1 :        1168 :     22      2 :   0  7      41   0  5       3 :    34411    36062     2515     4234      3 : 9.96e+01  9.88e+01  3.64e-03
1 :         128 :      2     22 :   0  5       3   0  7      41 :     2515     4234    34411    36062      3 : 9.96e+01  9.88e+01  2.30e-03
1 :        1221 :     23      2 :   0  7      46   0  5       3 :    36063    37795     2515     4234      3 : 9.97e+01  9.88e+01  3.52e-03
1 :         129 :      2     23 :   0  5       3   0  7      46 :     2515     4234    36063    37795      3 : 9.97e+01  9.90e+01  2.19e-03
1 :        1274 :     24      2 :   0  7      50   0  5       3 :    37796    38258     2515     4234      3 : 9.92e+01  9.84e+01  3.21e-03
1 :         130 :      2     24 :   0  5       3   0  7      50 :     2515     4234    37796    38258      3 : 9.92e+01  9.84e+01  1.64e-03
1 :        1327 :     25      2 :   0  7      59   0  5       3 :    38259    39857     2515     4234      3 : 9.96e+01  9.90e+01  3.42e-03
1 :         131 :      2     25 :   0  5       3   0  7      59 :     2515     4234    38259    39857      3 : 9.96e+01  9.90e+01  1.96e-03
1 :        1380 :     26      2 :   0  7      60   0  5       3 :    39858    40314     2515     4234      3 : 9.92e+01  9.83e+01  3.21e-03
1 :         132 :      2     26 :   0  5       3   0  7      60 :     2515     4234    39858    40314      3 : 9.92e+01  9.83e+01  1.63e-03
1 :        1433 :     27      2 :   0  8      65   0  5       3 :    40315    42013     2515     4234      3 : 9.96e+01  9.89e+01  3.49e-03
1 :         133 :      2     27 :   0  5       3   0  8      65 :     2515     4234    40315    42013      3 : 9.96e+01  9.89e+01  2.24e-03
1 :        1486 :     28      2 :   0  8      66   0  5       3 :    42014    42768     2515     4234      3 : 9.94e+01  9.89e+01  3.26e-03
1 :         134 :      2     28 :   0  5       3   0  8      66 :     2515     4234    42014    42768      3 : 9.94e+01  9.89e+01  1.68e-03
1 :        1539 :     29      2 :   0  8      67   0  5       3 :    42769    43712     2515     4234      3 : 9.95e+01  9.89e+01  3.27e-03
1 :         135 :      2     29 :   0  5       3   0  8      67 :     2515     4234    42769    43712      3 : 9.95e+01  9.89e+01  1.73e-03
1 :        1592 :     30      2 :   0  8      68   0  5       3 :    43713    45403     2515     4234      3 : 9.96e+01  9.89e+01  3.41e-03
1 :         136 :      2     30 :   0  5       3   0  8      68 :     2515     4234    43713    45403      3 : 9.96e+01  9.89e+01  2.20e-03
1 :        1645 :     31      2 :   0  8      71   0  5       3 :    45404    47057     2515     4234      3 : 9.96e+01  9.89e+01  3.48e-03
1 :         137 :      2     31 :   0  5       3   0  8      71 :     2515     4234    45404    47057      3 : 9.96e+01  9.89e+01  2.15e-03
1 :        1698 :     32      2 :   0  8      72   0  5       3 :    47058    49013     2515     4234      3 : 9.97e+01  9.90e+01  3.43e-03
1 :         138 :      2     32 :   0  5       3   0  8      72 :     2515     4234    47058    49013      3 : 9.97e+01  9.90e+01  2.33e-03
1 :        1751 :     33      2 :   0  8      73   0  5       3 :    49014    49752     2515     4234      3 : 9.94e+01  9.88e+01  3.25e-03
1 :         139 :      2     33 :   0  5       3   0  8      73 :     2515     4234    49014    49752      3 : 9.94e+01  9.88e+01  1.65e-03
1 :        1804 :     34      2 :   0  8      74   0  5       3 :    49753    51606     2515     4234      3 : 9.97e+01  9.90e+01  3.41e-03
1 :         140 :      2     34 :   0  5       3   0  8      74 :     2515     4234    49753    51606      3 : 9.97e+01  9.90e+01  2.16e-03
1 :        1857 :     35      2 :   0  8      75   0  5       3 :    51607    53340     2515     4234      3 : 9.97e+01  9.90e+01  3.41e-03
1 :         141 :      2     35 :   0  5       3   0  8      75 :     2515     4234    51607    53340      3 : 9.97e+01  9.90e+01  2.09e-03
1 :        1910 :     36      2 :   0  8      76   0  5       3 :    53341    54448     2515     4234      3 : 9.96e+01  9.90e+01  3.29e-03
1 :         142 :      2     36 :   0  5       3   0  8      76 :     2515     4234    53341    54448      3 : 9.96e+01  9.90e+01  1.74e-03
1 :        1963 :     37      2 :   0  8      77   0  5       3 :    54449    56151     2515     4234      3 : 9.96e+01  9.89e+01  3.39e-03
1 :         143 :      2     37 :   0  5       3   0  8      77 :     2515     4234    54449    56151      3 : 9.96e+01  9.89e+01  2.08e-03
1 :        2016 :     38      2 :   0  8      78   0  5       3 :    56152    58105     2515     4234      3 : 9.97e+01  9.90e+01  3.50e-03
1 :         144 :      2     38 :   0  5       3   0  8      78 :     2515     4234    56152    58105      3 : 9.97e+01  9.90e+01  2.19e-03
1 :        2069 :     39      2 :   0  8      83   0  5       3 :    58106    60074     2515     4234      3 : 9.97e+01  9.90e+01  3.49e-03
1 :         145 :      2     39 :   0  5       3   0  8      83 :     2515     4234    58106    60074      3 : 9.97e+01  9.90e+01  2.22e-03
1 :        2122 :     40      2 :   0  8      84   0  5       3 :    60075    61735     2515     4234      3 : 9.96e+01  9.88e+01  3.47e-03
1 :         146 :      2     40 :   0  5       3   0  8      84 :     2515     4234    60075    61735      3 : 9.96e+01  9.89e+01  2.21e-03
1 :        2175 :     41      2 :   0  8      85   0  5       3 :    61736    62505     2515     4234      3 : 9.94e+01  9.89e+01  3.26e-03
1 :         147 :      2     41 :   0  5       3   0  8      85 :     2515     4234    61736    62505      3 : 9.94e+01  9.89e+01  1.65e-03
1 :        2228 :     42      2 :   0  8      86   0  5       3 :    62506    64201     2515     4234      3 : 9.96e+01  9.88e+01  3.42e-03
1 :         148 :      2     42 :   0  5       3   0  8      86 :     2515     4234    62506    64201      3 : 9.96e+01  9.89e+01  2.13e-03
1 :        2281 :     43      2 :   0  8      87   0  5       3 :    64202    65898     2515     4234      3 : 9.96e+01  9.88e+01  3.53e-03
1 :         149 :      2     43 :   0  5       3   0  8      87 :     2515     4234    64202    65898      3 : 9.96e+01  9.89e+01  2.23e-03
1 :        2334 :     44      2 :   0  8      88   0  5       3 :    65899    66838     2515     4234      3 : 9.95e+01  9.88e+01  3.24e-03
1 :         150 :      2     44 :   0  5       3   0  8      88 :     2515     4234    65899    66838      3 : 9.95e+01  9.88e+01  1.74e-03
1 :        2387 :     45      2 :   0  8      89   0  5       3 :    66839    68824     2515     4234      3 : 9.97e+01  9.90e+01  3.42e-03
1 :         151 :      2     45 :   0  5       3   0  8      89 :     2515     4234    66839    68824      3 : 9.97e+01  9.90e+01  2.18e-03
1 :        2440 :     46      2 :   0  8      90   0  5       3 :    68825    70511     2515     4234      3 : 9.96e+01  9.89e+01  3.36e-03
1 :         152 :      2     46 :   0  5       3   0  8      90 :     2515     4234    68825    70511      3 : 9.96e+01  9.89e+01  2.15e-03
1 :        2493 :     47      2 :   0  8      93   0  5       3 :    70512    72369     2515     4234      3 : 9.97e+01  9.90e+01  3.47e-03
1 :         153 :      2     47 :   0  5       3   0  8      93 :     2515     4234    70512    72369      3 : 9.97e+01  9.90e+01  2.18e-03
1 :        2546 :     48      2 :   0  8      94   0  5       3 :    72370    73108     2515     4234      3 : 9.94e+01  9.86e+01  3.25e-03
1 :         154 :      2     48 :   0  5       3   0  8      94 :     2515     4234    72370    73108      3 : 9.94e+01  9.88e+01  1.68e-03
1 :        2599 :     49      2 :   0  8      95   0  5       3 :    73109    74219     2515     4234      3 : 9.96e+01  9.90e+01  3.27e-03
1 :         155 :      2     49 :   0  5       3   0  8      95 :     2515     4234    73109    74219      3 : 9.96e+01  9.90e+01  1.75e-03
1 :        2652 :     50      2 :   0  8      96   0  5       3 :    74220    76059     2515     4234      3 : 9.97e+01  9.89e+01  3.53e-03
1 :         156 :      2     50 :   0  5       3   0  8      96 :     2515     4234    74220    76059      3 : 9.97e+01  9.90e+01  2.16e-03
1 :        2705 :     51      2 :   0  8      97   0  5       3 :    76060    77572     2515     4234      3 : 9.96e+01  9.90e+01  3.39e-03
1 :         157 :      2     51 :   0  5       3   0  8      97 :     2515     4234    76060    77572      3 : 9.96e+01  9.90e+01  1.89e-03
1 :        2758 :     52      2 :   0  8      98   0  5       3 :    77573    77654     2515     4234      3 : 9.62e+01  9.36e+01  3.12e-03
1 :         158 :      2     52 :   0  5       3   0  8      98 :     2515     4234    77573    77654      3 : 9.62e+01  9.36e+01  1.48e-03
0 :         162 :      3      3 :   0  5       4   0  5       4 :     4235     4987     4235     4987      0 : 0.00e+00  0.00e+00  6.02e-02
1 :         215 :      4      3 :   0  6       9   0  5       4 :     4988     6868     4235     4987      9 : 9.83e+01  9.81e+01  2.39e-02
1 :         163 :      3      4 :   0  5       4   0  6       9 :     4235     4987     4988     6868     11 : 9.80e+01  9.81e+01  1.88e-02
1 :         268 :      5      3 :   0  6      11   0  5       4 :     6869     8218     4235     4987      5 : 9.90e+01  9.81e+01  2.17e-03
1 :         164 :      3      5 :   0  5       4   0  6      11 :     4235     4987     6869     8218      5 : 9.90e+01  9.81e+01  1.74e-03
1 :         321 :      6      3 :   0  6      12   0  5       4 :     8219    10055     4235     4987      5 : 9.91e+01  9.81e+01  2.36e-03
1 :         165 :      3      6 :   0  5       4   0  6      12 :     4235     4987     8219    10055      5 : 9.91e+01  9.79e+01  1.85e-03
0 :         374 :      7      3 :   0  6      14   0  5       4 :    10056    11954     4235     4987      0 : 0.00e+00  0.00e+00  3.39e-02
0 :         166 :      3      7 :   0  5       4   0  6      14 :     4235     4987    10056    11954      0 : 0.00e+00  0.00e+00  2.05e-02
1 :         427 :      8      3 :   0  6      15   0  5       4 :    11955    13812     4235     4987      6 : 9.89e+01  9.81e+01  2.48e-03
1 :         167 :      3      8 :   0  5       4   0  6      15 :     4235     4987    11955    13812      6 : 9.89e+01  9.79e+01  2.08e-03
1 :         480 :      9      3 :   0  6      16   0  5       4 :    13813    15162     4235     4987      6 : 9.88e+01  9.79e+01  2.10e-03
1 :         168 :      3      9 :   0  5       4   0  6      16 :     4235     4987    13813    15162      6 : 9.88e+01  9.77e+01  1.86e-03
1 :         533 :     10      3 :   0  6      26   0  5       4 :    15163    17042     4235     4987      3 : 9.94e+01  9.89e+01  1.85e-03
1 :         169 :      3     10 :   0  5       4   0  6      26 :     4235     4987    15163    17042      3 : 9.94e+01  9.87e+01  1.30e-03
1 :         586 :     11      3 :   0  6      27   0  5       4 :    17043    18216     4235     4987      3 : 9.93e+01  9.87e+01  1.70e-03
1 :         170 :      3     11 :   0  5       4   0  6      27 :     4235     4987    17043    18216      3 : 9.93e+01  9.87e+01  9.94e-04
1 :         639 :     12      3 :   0  6      28   0  5       4 :    18217    20483     4235     4987      3 : 9.95e+01  9.89e+01  1.87e-03
1 :         171 :      3     12 :   0  5       4   0  6      28 :     4235     4987    18217    20483      3 : 9.95e+01  9.89e+01  1.28e-03
1 :         692 :     13      3 :   0  6      29   0  5       4 :    20484    22354     4235     4987      3 : 9.94e+01  9.89e+01  1.78e-03
1 :         172 :      3     13 :   0  5       4   0  6      29 :     4235     4987    20484    22354      3 : 9.94e+01  9.87e+01  1.19e-03
1 :         745 :     14      3 :   0  6      31   0  5       4 :    22355    24605     4235     4987      3 : 9.95e+01  9.89e+01  1.83e-03
1 :         173 :      3     14 :   0  5       4   0  6      31 :     4235     4987    22355    24605      3 : 9.95e+01  9.88e+01  1.32e-03
1 :         798 :     15      3 :   0  6      32   0  5       4 :    24606    25765     4235     4987      3 : 9.93e+01  9.85e+01  1.71e-03
1 :         174 :      3     15 :   0  5       4   0  6      32 :     4235     4987    24606    25765      3 : 9.93e+01  9.87e+01  9.68e-04
0 :         851 :     16      3 :   0  7      19   0  5       4 :    25766    27455     4235     4987      0 : 0.00e+00  0.00e+00  3.97e-02
0 :         175 :      3     16 :   0  5       4   0  7      19 :     4235     4987    25766    27455      0 : 0.00e+00  0.00e+00  2.83e-02
1 :         904 :     17      3 :   0  7      20   0  5       4 :    27456    28389     4235     4987      6 : 9.86e+01  9.74e+01  2.21e-03
1 :         176 :      3     17 :   0  5       4   0  7      20 :     4235     4987    27456    28389      6 : 9.86e+01  9.74e+01  1.81e-03
0 :         957 :     18      3 :   0  7      25   0  5       4 :    28390    30099     4235     4987      0 : 0.00e+00  0.00e+00  4.06e-02
0 :         177 :      3     18 :   0  5       4   0  7      25 :     4235     4987    28390    30099      0 : 0.00e+00  0.00e+00  2.86e-02
1 :        1010 :     19      3 :   0  7      26   0  5       4 :    30100    31020     4235     4987      8 : 9.81e+01  9.64e+01  2.35e-03
1 :         178 :      3     19 :   0  5       4   0  7      26 :     4235     4987    30100    31020      8 : 9.81e+01  9.64e+01  1.88e-03
1 :        1063 :     20      3 :   0  7      35   0  5       4 :    31021    32680     4235     4987      3 : 9.94e+01  9.85e+01  1.95e-03
1 :         179 :      3     20 :   0  5       4   0  7      35 :     4235     4987    31021    32680      3 : 9.94e+01  9.85e+01  1.49e-03
1 :        1116 :     21      3 :   0  7      40   0  5       4 :    32681    34410     4235     4987      3 : 9.94e+01  9.89e+01  1.80e-03
1 :         180 :      3     21 :   0  5       4   0  7      40 :     4235     4987    32681    34410      3 : 9.94e+01  9.87e+01  1.29e-03
1 :        1169 :     22      3 :   0  7      41   0  5       4 :    34411    36062     4235     4987      4 : 9.92e+01  9.85e+01  1.96e-03
1 :         181 :      3     22 :   0  5       4   0  7      41 :     4235     4987    34411    36062      4 : 9.92e+01  9.85e+01  1.27e-03
1 :        1222 :     23      3 :   0  7      46   0  5       4 :    36063    37795     4235     4987      3 : 9.94e+01  9.87e+01  1.82e-03
1 :         182 :      3     23 :   0  5       4   0  7      46 :     4235     4987    36063    37795      3 : 9.94e+01  9.87e+01  1.16e-03
1 :        1275 :     24      3 :   0  7      50   0  5       4 :    37796    38258     4235     4987      3 : 9.90e+01  9.79e+01  1.63e-03
1 :         183 :      3     24 :   0  5       4   0  7      50 :     4235     4987    37796    38258      3 : 9.90e+01  9.79e+01  8.40e-04
1 :        1328 :     25      3 :   0  7      59   0  5       4 :    38259    39857     4235     4987      3 : 9.94e+01  9.88e+01  1.73e-03
1 :         184 :      3     25 :   0  5       4   0  7      59 :     4235     4987    38259    39857      3 : 9.94e+01  9.86e+01  1.08e-03
1 :        1381 :     26      3 :   0  7      60   0  5       4 :    39858    40314     4235     4987      3 : 9.89e+01  9.79e+01  1.61e-03
1 :         185 :      3     26 :   0  5       4   0  7      60 :     4235     4987    39858    40314      3 : 9.89e+01  9.75e+01  8.50e-04
1 :        1434 :     27      3 :   0  8      65   0  5       4 :    40315    42013     4235     4987      3 : 9.94e+01  9.87e+01  1.83e-03
1 :         186 :      3     27 :   0  5       4   0  8      65 :     4235     4987    40315    42013      3 : 9.94e+01  9.87e+01  1.18e-03
1 :        1487 :     28      3 :   0  8      66   0  5       4 :    42014    42768     4235     4987      3 : 9.92e+01  9.81e+01  1.66e-03
1 :         187 :      3     28 :   0  5       4   0  8      66 :     4235     4987    42014    42768      3 : 9.92e+01  9.81e+01  8.75e-04
1 :        1540 :     29      3 :   0  8      67   0  5       4 :    42769    43712     4235     4987      3 : 9.93e+01  9.86e+01  1.63e-03
1 :         188 :      3     29 :   0  5       4   0  8      67 :     4235     4987    42769    43712      3 : 9.93e+01  9.83e+01  9.12e-04
1 :        1593 :     30      3 :   0  8      68   0  5       4 :    43713    45403     4235     4987      3 : 9.94e+01  9.87e+01  1.78e-03
1 :         189 :      3     30 :   0  5       4   0  8      68 :     4235     4987    43713    45403      3 : 9.94e+01  9.87e+01  1.15e-03
1 :        1646 :     31      3 :   0  8      71   0  5       4 :    45404    47057     4235     4987      3 : 9.94e+01  9.86e+01  1.82e-03
1 :         190 :      3     31 :   0  5       4   0  8      71 :     4235     4987    45404    47057      3 : 9.94e+01  9.86e+01  1.14e-03
1 :        1699 :     32      3 :   0  8      72   0  5       4 :    47058    49013     4235     4987      3 : 9.94e+01  9.87e+01  1.81e-03
1 :         191 :      3     32 :   0  5       4   0  8      72 :     4235     4987    47058    49013      3 : 9.94e+01  9.85e+01  1.31e-03
1 :        1752 :     33      3 :   0  8      73   0  5       4 :    49014    49752     4235     4987      3 : 9.92e+01  9.84e+01  1.67e-03
1 :         192 :      3     33 :   0  5       4   0  8      73 :     4235     4987    49014    49752      3 : 9.92e+01  9.84e+01  8.61e-04
1 :        1805 :     34      3 :   0  8      74   0  5       4 :    49753    51606     4235     4987      3 : 9.94e+01  9.87e+01  1.80e-03
1 :         193 :      3     34 :   0  5       4   0  8      74 :     4235     4987    49753    51606      3 : 9.94e+01  9.87e+01  1.16e-03
1 :        1858 :     35      3 :   0  8      75   0  5       4 :    51607    53340     4235     4987      3 : 9.94e+01  9.89e+01  1.78e-03
1 :         194 :      3     35 :   0  5       4   0  8      75 :     4235     4987    51607    53340      3 : 9.94e+01  9.89e+01  1.13e-03
1 :        1911 :     36      3 :   0  8      76   0  5       4 :    53341    54448     4235     4987      3 : 9.93e+01  9.87e+01  1.68e-03
1 :         195 :      3     36 :   0  5       4   0  8      76 :     4235     4987    53341    54448      3 : 9.93e+01  9.87e+01  9.34e-04
1 :        1964 :     37      3 :   0  8      77   0  5       4 :    54449    56151     4235     4987      3 : 9.94e+01  9.89e+01  1.76e-03
1 :         196 :      3     37 :   0  5       4   0  8      77 :     4235     4987    54449    56151      3 : 9.94e+01  9.87e+01  1.13e-03
1 :        2017 :     38      3 :   0  8      78   0  5       4 :    56152    58105     4235     4987      3 : 9.94e+01  9.89e+01  1.86e-03
1 :         197 :      3     38 :   0  5       4   0  8      78 :     4235     4987    56152    58105      3 : 9.94e+01  9.87e+01  1.22e-03
1 :        2070 :     39      3 :   0  8      83   0  5       4 :    58106    60074     4235     4987      3 : 9.94e+01  9.87e+01  1.87e-03
1 :         198 :      3     39 :   0  5       4   0  8      83 :     4235     4987    58106    60074      3 : 9.94e+01  9.85e+01  1.24e-03
1 :        2123 :     40      3 :   0  8      84   0  5       4 :    60075    61735     4235     4987      3 : 9.94e+01  9.86e+01  1.80e-03
1 :         199 :      3     40 :   0  5       4   0  8      84 :     4235     4987    60075    61735      3 : 9.94e+01  9.85e+01  1.20e-03
1 :        2176 :     41      3 :   0  8      85   0  5       4 :    61736    62505     4235     4987      3 : 9.92e+01  9.79e+01  1.66e-03
1 :         200 :      3     41 :   0  5       4   0  8      85 :     4235     4987    61736    62505      3 : 9.92e+01  9.82e+01  8.94e-04
1 :        2229 :     42      3 :   0  8      86   0  5       4 :    62506    64201     4235     4987      3 : 9.94e+01  9.85e+01  1.81e-03
1 :         201 :      3     42 :   0  5       4   0  8      86 :     4235     4987    62506    64201      3 : 9.94e+01  9.87e+01  1.13e-03
1 :        2282 :     43      3 :   0  8      87   0  5       4 :    64202    65898     4235     4987      3 : 9.94e+01  9.87e+01  1.82e-03
1 :         202 :      3     43 :   0  5       4   0  8      87 :     4235     4987    64202    65898      3 : 9.94e+01  9.87e+01  1.17e-03
1 :        2335 :     44      3 :   0  8      88   0  5       4 :    65899    66838     4235     4987      3 : 9.93e+01  9.86e+01  1.66e-03
1 :         203 :      3     44 :   0  5       4   0  8      88 :     4235     4987    65899    66838      3 : 9.93e+01  9.83e+01  9.12e-04
1 :        2388 :     45      3 :   0  8      89   0  5       4 :    66839    68824     4235     4987      3 : 9.95e+01  9.89e+01  1.80e-03
1 :         204 :      3     45 :   0  5       4   0  8      89 :     4235     4987    66839    68824      3 : 9.95e+01  9.87e+01  1.19e-03
1 :        2441 :     46      3 :   0  8      90   0  5       4 :    68825    70511     4235     4987      3 : 9.94e+01  9.87e+01  1.78e-03
1 :         205 :      3     46 :   0  5       4   0  8      90 :     4235     4987    68825    70511      3 : 9.94e+01  9.87e+01  1.13e-03
1 :        2494 :     47      3 :   0  8      93   0  5       4 :    70512    72369     4235     4987      3 : 9.94e+01  9.85e+01  1.87e-03
1 :         206 :      3     47 :   0  5       4   0  8      93 :     4235     4987    70512    72369      3 : 9.94e+01  9.87e+01  1.18e-03
1 :        2547 :     48      3 :   0  8      94   0  5       4 :    72370    73108     4235     4987      3 : 9.92e+01  9.81e+01  1.65e-03
1 :         207 :      3     48 :   0  5       4   0  8      94 :     4235     4987    72370    73108      3 : 9.92e+01  9.81e+01  8.65e-04
1 :        2600 :     49      3 :   0  8      95   0  5       4 :    73109    74219     4235     4987      3 : 9.93e+01  9.87e+01  1.68e-03
1 :         208 :      3     49 :   0  5       4   0  8      95 :     4235     4987    73109    74219      3 : 9.93e+01  9.87e+01  9.24e-04
1 :        2653 :     50      3 :   0  8      96   0  5       4 :    74220    76059     4235     4987      3 : 9.94e+01  9.87e+01  1.83e-03
1 :         209 :      3     50 :   0  5       4   0  8      96 :     4235     4987    74220    76059      3 : 9.94e+01  9.87e+01  1.25e-03
1 :        2706 :     51      3 :   0  8      97   0  5       4 :    76060    77572     4235     4987      3 : 9.94e+01  9.88e+01  1.76e-03
1 :         210 :      3     51 :   0  5       4   0  8      97 :     4235     4987    76060    77572      3 : 9.94e+01  9.88e+01  1.01e-03
1 :        2759 :     52      3 :   0  8      98   0  5       4 :    77573    77654     4235     4987      3 : 9.59e+01  9.32e+01  1.55e-03
1 :         211 :      3     52 :   0  5       4   0  8      98 :     4235     4987    77573    77654      3 : 9.59e+01  9.32e+01  7.46e-04
0 :         216 :      4      4 :   0  6       9   0  6       9 :     4988     6868     4988     6868      0 : 0.00e+00  0.00e+00  5.74e-01
0 :         269 :      5      4 :   0  6      11   0  6       9 :     6869     8218     4988     6868      0 : 0.00e+00  0.00e+00  9.99e-02
0 :         217 :      4      5 :   0  6       9   0  6      11 :     4988     6868     6869     8218      0 : 0.00e+00  0.00e+00  4.62e-02
0 :         322 :      6      4 :   0  6      12   0  6       9 :     8219    10055     4988     6868      0 : 0.00e+00  0.00e+00  1.35e-01
0 :         218 :      4      6 :   0  6       9   0  6      12 :     4988     6868     8219    10055      0 : 0.00e+00  0.00e+00  6.26e-02
1 :         375 :      7      4 :   0  6      14   0  6       9 :    10056    11954     4988     6868      3 : 9.97e+01  9.87e+01  4.64e-03
1 :         219 :      4      7 :   0  6       9   0  6      14 :     4988     6868    10056    11954      3 : 9.97e+01  9.87e+01  2.67e-03
1 :         428 :      8      4 :   0  6      15   0  6       9 :    11955    13812     4988     6868      5 : 9.95e+01  9.87e+01  3.54e-03
1 :         220 :      4      8 :   0  6       9   0  6      15 :     4988     6868    11955    13812      5 : 9.95e+01  9.87e+01  1.92e-03
1 :         481 :      9      4 :   0  6      16   0  6       9 :    13813    15162     4988     6868      4 : 9.95e+01  9.86e+01  3.28e-03
1 :         221 :      4      9 :   0  6       9   0  6      16 :     4988     6868    13813    15162      4 : 9.95e+01  9.87e+01  1.51e-03
1 :         534 :     10      4 :   0  6      26   0  6       9 :    15163    17042     4988     6868      3 : 9.97e+01  9.89e+01  2.90e-03
1 :         222 :      4     10 :   0  6       9   0  6      26 :     4988     6868    15163    17042      3 : 9.97e+01  9.89e+01  1.18e-03
1 :         587 :     11      4 :   0  6      27   0  6       9 :    17043    18216     4988     6868      3 : 9.96e+01  9.90e+01  2.56e-03
1 :         223 :      4     11 :   0  6       9   0  6      27 :     4988     6868    17043    18216      3 : 9.96e+01  9.90e+01  9.28e-04
1 :         640 :     12      4 :   0  6      28   0  6       9 :    18217    20483     4988     6868      3 : 9.97e+01  9.91e+01  2.90e-03
1 :         224 :      4     12 :   0  6       9   0  6      28 :     4988     6868    18217    20483      3 : 9.97e+01  9.91e+01  1.23e-03
1 :         693 :     13      4 :   0  6      29   0  6       9 :    20484    22354     4988     6868      3 : 9.97e+01  9.90e+01  2.75e-03
1 :         225 :      4     13 :   0  6       9   0  6      29 :     4988     6868    20484    22354      3 : 9.97e+01  9.89e+01  1.18e-03
1 :         746 :     14      4 :   0  6      31   0  6       9 :    22355    24605     4988     6868      3 : 9.97e+01  9.91e+01  2.84e-03
1 :         226 :      4     14 :   0  6       9   0  6      31 :     4988     6868    22355    24605      3 : 9.97e+01  9.91e+01  1.28e-03
1 :         799 :     15      4 :   0  6      32   0  6       9 :    24606    25765     4988     6868      3 : 9.96e+01  9.90e+01  2.53e-03
1 :         227 :      4     15 :   0  6       9   0  6      32 :     4988     6868    24606    25765      3 : 9.96e+01  9.90e+01  8.72e-04
0 :         852 :     16      4 :   0  7      19   0  6       9 :    25766    27455     4988     6868      0 : 0.00e+00  0.00e+00  1.46e-01
0 :         228 :      4     16 :   0  6       9   0  7      19 :     4988     6868    25766    27455      0 : 0.00e+00  0.00e+00  8.13e-02
0 :         905 :     17      4 :   0  7      20   0  6       9 :    27456    28389     4988     6868      0 : 0.00e+00  0.00e+00  7.16e-02
0 :         229 :      4     17 :   0  6       9   0  7      20 :     4988     6868    27456    28389      0 : 0.00e+00  0.00e+00  3.22e-02
1 :         958 :     18      4 :   0  7      25   0  6       9 :    28390    30099     4988     6868     10 : 9.89e+01  9.85e+01  4.70e-02
1 :         230 :      4     18 :   0  6       9   0  7      25 :     4988     6868    28390    30099      9 : 9.90e+01  9.85e+01  4.02e-02
1 :        1011 :     19      4 :   0  7      26   0  6       9 :    30100    31020     4988     6868      5 : 9.92e+01  9.84e+01  3.32e-03
1 :         231 :      4     19 :   0  6       9   0  7      26 :     4988     6868    30100    31020      5 : 9.92e+01  9.84e+01  1.68e-03
1 :        1064 :     20      4 :   0  7      35   0  6       9 :    31021    32680     4988     6868      5 : 9.94e+01  9.86e+01  3.26e-03
1 :         232 :      4     20 :   0  6       9   0  7      35 :     4988     6868    31021    32680      5 : 9.94e+01  9.86e+01  1.63e-03
1 :        1117 :     21      4 :   0  7      40   0  6       9 :    32681    34410     4988     6868      3 : 9.97e+01  9.90e+01  2.77e-03
1 :         233 :      4     21 :   0  6       9   0  7      40 :     4988     6868    32681    34410      3 : 9.97e+01  9.90e+01  1.17e-03
1 :        1170 :     22      4 :   0  7      41   0  6       9 :    34411    36062     4988     6868      3 : 9.97e+01  9.87e+01  2.94e-03
1 :         234 :      4     22 :   0  6       9   0  7      41 :     4988     6868    34411    36062      3 : 9.97e+01  9.87e+01  1.30e-03
1 :        1223 :     23      4 :   0  7      46   0  6       9 :    36063    37795     4988     6868      3 : 9.97e+01  9.89e+01  2.83e-03
1 :         235 :      4     23 :   0  6       9   0  7      46 :     4988     6868    36063    37795      3 : 9.97e+01  9.90e+01  1.11e-03
1 :        1276 :     24      4 :   0  7      50   0  6       9 :    37796    38258     4988     6868      3 : 9.92e+01  9.84e+01  2.40e-03
1 :         236 :      4     24 :   0  6       9   0  7      50 :     4988     6868    37796    38258      3 : 9.92e+01  9.84e+01  7.05e-04
1 :        1329 :     25      4 :   0  7      59   0  6       9 :    38259    39857     4988     6868      3 : 9.97e+01  9.91e+01  2.63e-03
1 :         237 :      4     25 :   0  6       9   0  7      59 :     4988     6868    38259    39857      3 : 9.97e+01  9.91e+01  1.00e-03
1 :        1382 :     26      4 :   0  7      60   0  6       9 :    39858    40314     4988     6868      3 : 9.92e+01  9.84e+01  2.37e-03
1 :         238 :      4     26 :   0  6       9   0  7      60 :     4988     6868    39858    40314      3 : 9.92e+01  9.84e+01  7.09e-04
1 :        1435 :     27      4 :   0  8      65   0  6       9 :    40315    42013     4988     6868      5 : 9.94e+01  9.87e+01  3.12e-03
1 :         239 :      4     27 :   0  6       9   0  8      65 :     4988     6868    40315    42013      5 : 9.94e+01  9.87e+01  1.49e-03
1 :        1488 :     28      4 :   0  8      66   0  6       9 :    42014    42768     4988     6868      5 : 9.91e+01  9.83e+01  2.61e-03
1 :         240 :      4     28 :   0  6       9   0  8      66 :     4988     6868    42014    42768      5 : 9.91e+01  9.83e+01  9.46e-04
1 :        1541 :     29      4 :   0  8      67   0  6       9 :    42769    43712     4988     6868      3 : 9.95e+01  9.84e+01  2.56e-03
1 :         241 :      4     29 :   0  6       9   0  8      67 :     4988     6868    42769    43712      3 : 9.95e+01  9.87e+01  8.64e-04
1 :        1594 :     30      4 :   0  8      68   0  6       9 :    43713    45403     4988     6868      4 : 9.96e+01  9.88e+01  2.86e-03
1 :         242 :      4     30 :   0  6       9   0  8      68 :     4988     6868    43713    45403      4 : 9.96e+01  9.88e+01  1.21e-03
1 :        1647 :     31      4 :   0  8      71   0  6       9 :    45404    47057     4988     6868      3 : 9.97e+01  9.88e+01  2.84e-03
1 :         243 :      4     31 :   0  6       9   0  8      71 :     4988     6868    45404    47057      3 : 9.97e+01  9.88e+01  1.18e-03
1 :        1700 :     32      4 :   0  8      72   0  6       9 :    47058    49013     4988     6868      3 : 9.97e+01  9.89e+01  2.78e-03
1 :         244 :      4     32 :   0  6       9   0  8      72 :     4988     6868    47058    49013      3 : 9.97e+01  9.89e+01  1.34e-03
1 :        1753 :     33      4 :   0  8      73   0  6       9 :    49014    49752     4988     6868      3 : 9.94e+01  9.87e+01  2.46e-03
1 :         245 :      4     33 :   0  6       9   0  8      73 :     4988     6868    49014    49752      3 : 9.94e+01  9.87e+01  7.82e-04
1 :        1806 :     34      4 :   0  8      74   0  6       9 :    49753    51606     4988     6868      3 : 9.97e+01  9.89e+01  2.74e-03
1 :         246 :      4     34 :   0  6       9   0  8      74 :     4988     6868    49753    51606      3 : 9.97e+01  9.88e+01  1.16e-03
1 :        1859 :     35      4 :   0  8      75   0  6       9 :    51607    53340     4988     6868      3 : 9.97e+01  9.90e+01  2.69e-03
1 :         247 :      4     35 :   0  6       9   0  8      75 :     4988     6868    51607    53340      3 : 9.97e+01  9.90e+01  1.10e-03
1 :        1912 :     36      4 :   0  8      76   0  6       9 :    53341    54448     4988     6868      3 : 9.96e+01  9.90e+01  2.52e-03
1 :         248 :      4     36 :   0  6       9   0  8      76 :     4988     6868    53341    54448      3 : 9.96e+01  9.90e+01  8.85e-04
1 :        1965 :     37      4 :   0  8      77   0  6       9 :    54449    56151     4988     6868      3 : 9.97e+01  9.89e+01  2.73e-03
1 :         249 :      4     37 :   0  6       9   0  8      77 :     4988     6868    54449    56151      3 : 9.97e+01  9.88e+01  1.15e-03
1 :        2018 :     38      4 :   0  8      78   0  6       9 :    56152    58105     4988     6868      3 : 9.97e+01  9.90e+01  2.80e-03
1 :         250 :      4     38 :   0  6       9   0  8      78 :     4988     6868    56152    58105      3 : 9.97e+01  9.90e+01  1.17e-03
1 :        2071 :     39      4 :   0  8      83   0  6       9 :    58106    60074     4988     6868      3 : 9.97e+01  9.90e+01  2.87e-03
1 :         251 :      4     39 :   0  6       9   0  8      83 :     4988     6868    58106    60074      3 : 9.97e+01  9.90e+01  1.16e-03
1 :        2124 :     40      4 :   0  8      84   0  6       9 :    60075    61735     4988     6868      3 : 9.97e+01  9.89e+01  2.71e-03
1 :         252 :      4     40 :   0  6       9   0  8      84 :     4988     6868    60075    61735      3 : 9.97e+01  9.89e+01  1.18e-03
1 :        2177 :     41      4 :   0  8      85   0  6       9 :    61736    62505     4988     6868      3 : 9.95e+01  9.87e+01  2.44e-03
1 :         253 :      4     41 :   0  6       9   0  8      85 :     4988     6868    61736    62505      3 : 9.95e+01  9.87e+01  7.85e-04
1 :        2230 :     42      4 :   0  8      86   0  6       9 :    62506    64201     4988     6868      3 : 9.97e+01  9.90e+01  2.66e-03
1 :         254 :      4     42 :   0  6       9   0  8      86 :     4988     6868    62506    64201      3 : 9.97e+01  9.89e+01  1.10e-03
1 :        2283 :     43      4 :   0  8      87   0  6       9 :    64202    65898     4988     6868      3 : 9.97e+01  9.89e+01  2.71e-03
1 :         255 :      4     43 :   0  6       9   0  8      87 :     4988     6868    64202    65898      3 : 9.97e+01  9.89e+01  1.13e-03
1 :        2336 :     44      4 :   0  8      88   0  6       9 :    65899    66838     4988     6868      3 : 9.95e+01  9.89e+01  2.47e-03
1 :         256 :      4     44 :   0  6       9   0  8      88 :     4988     6868    65899    66838      3 : 9.95e+01  9.89e+01  8.51e-04
1 :        2389 :     45      4 :   0  8      89   0  6       9 :    66839    68824     4988     6868      3 : 9.97e+01  9.91e+01  2.71e-03
1 :         257 :      4     45 :   0  6       9   0  8      89 :     4988     6868    66839    68824      3 : 9.97e+01  9.90e+01  1.15e-03
1 :        2442 :     46      4 :   0  8      90   0  6       9 :    68825    70511     4988     6868      3 : 9.97e+01  9.89e+01  2.71e-03
1 :         258 :      4     46 :   0  6       9   0  8      90 :     4988     6868    68825    70511      3 : 9.97e+01  9.89e+01  1.12e-03
1 :        2495 :     47      4 :   0  8      93   0  6       9 :    70512    72369     4988     6868      3 : 9.97e+01  9.89e+01  2.77e-03
1 :         259 :      4     47 :   0  6       9   0  8      93 :     4988     6868    70512    72369      3 : 9.97e+01  9.90e+01  1.12e-03
1 :        2548 :     48      4 :   0  8      94   0  6       9 :    72370    73108     4988     6868      3 : 9.94e+01  9.87e+01  2.45e-03
1 :         260 :      4     48 :   0  6       9   0  8      94 :     4988     6868    72370    73108      3 : 9.94e+01  9.89e+01  7.67e-04
1 :        2601 :     49      4 :   0  8      95   0  6       9 :    73109    74219     4988     6868      3 : 9.96e+01  9.90e+01  2.50e-03
1 :         261 :      4     49 :   0  6       9   0  8      95 :     4988     6868    73109    74219      3 : 9.96e+01  9.90e+01  8.76e-04
1 :        2654 :     50      4 :   0  8      96   0  6       9 :    74220    76059     4988     6868      3 : 9.97e+01  9.90e+01  2.72e-03
1 :         262 :      4     50 :   0  6       9   0  8      96 :     4988     6868    74220    76059      3 : 9.97e+01  9.90e+01  1.09e-03
1 :        2707 :     51      4 :   0  8      97   0  6       9 :    76060    77572     4988     6868      3 : 9.96e+01  9.90e+01  2.60e-03
1 :         263 :      4     51 :   0  6       9   0  8      97 :     4988     6868    76060    77572      3 : 9.96e+01  9.90e+01  9.91e-04
1 :        2760 :     52      4 :   0  8      98   0  6       9 :    77573    77654     4988     6868      3 : 9.62e+01  9.36e+01  2.31e-03
1 :         264 :      4     52 :   0  6       9   0  8      98 :     4988     6868    77573    77654      3 : 9.62e+01  9.36e+01  6.18e-04
0 :         270 :      5      5 :   0  6      11   0  6      11 :     6869     8218     6869     8218      0 : 0.00e+00  0.00e+00  2.57e-01
0 :         323 :      6      5 :   0  6      12   0  6      11 :     8219    10055     6869     8218      0 : 0.00e+00  0.00e+00  1.45e-01
0 :         271 :      5      6 :   0  6      11   0  6      12 :     6869     8218     8219    10055      0 : 0.00e+00  0.00e+00  1.02e-01
1 :         376 :      7      5 :   0  6      14   0  6      11 :    10056    11954     6869     8218      4 : 9.95e+01  9.86e+01  3.93e-03
1 :         272 :      5      7 :   0  6      11   0  6      14 :     6869     8218    10056    11954      4 : 9.95e+01  9.86e+01  2.91e-03
1 :         429 :      8      5 :   0  6      15   0  6      11 :    11955    13812     6869     8218      5 : 9.94e+01  9.83e+01  3.20e-03
1 :         273 :      5      8 :   0  6      11   0  6      15 :     6869     8218    11955    13812      5 : 9.94e+01  9.85e+01  2.40e-03
1 :         482 :      9      5 :   0  6      16   0  6      11 :    13813    15162     6869     8218      5 : 9.93e+01  9.84e+01  2.77e-03
1 :         274 :      5      9 :   0  6      11   0  6      16 :     6869     8218    13813    15162      5 : 9.93e+01  9.85e+01  1.73e-03
1 :         535 :     10      5 :   0  6      26   0  6      11 :    15163    17042     6869     8218      3 : 9.96e+01  9.87e+01  2.61e-03
1 :         275 :      5     10 :   0  6      11   0  6      26 :     6869     8218    15163    17042      3 : 9.96e+01  9.87e+01  1.46e-03
1 :         588 :     11      5 :   0  6      27   0  6      11 :    17043    18216     6869     8218      3 : 9.95e+01  9.87e+01  2.34e-03
1 :         276 :      5     11 :   0  6      11   0  6      27 :     6869     8218    17043    18216      3 : 9.95e+01  9.89e+01  1.11e-03
1 :         641 :     12      5 :   0  6      28   0  6      11 :    18217    20483     6869     8218      3 : 9.96e+01  9.89e+01  2.65e-03
1 :         277 :      5     12 :   0  6      11   0  6      28 :     6869     8218    18217    20483      3 : 9.96e+01  9.91e+01  1.53e-03
1 :         694 :     13      5 :   0  6      29   0  6      11 :    20484    22354     6869     8218      3 : 9.96e+01  9.86e+01  2.64e-03
1 :         278 :      5     13 :   0  6      11   0  6      29 :     6869     8218    20484    22354      3 : 9.96e+01  9.89e+01  1.41e-03
1 :         747 :     14      5 :   0  6      31   0  6      11 :    22355    24605     6869     8218      3 : 9.96e+01  9.91e+01  2.54e-03
1 :         279 :      5     14 :   0  6      11   0  6      31 :     6869     8218    22355    24605      3 : 9.96e+01  9.91e+01  1.42e-03
1 :         800 :     15      5 :   0  6      32   0  6      11 :    24606    25765     6869     8218      3 : 9.95e+01  9.87e+01  2.27e-03
1 :         280 :      5     15 :   0  6      11   0  6      32 :     6869     8218    24606    25765      3 : 9.95e+01  9.89e+01  1.09e-03
0 :         853 :     16      5 :   0  7      19   0  6      11 :    25766    27455     6869     8218      0 : 0.00e+00  0.00e+00  1.30e-01
0 :         281 :      5     16 :   0  6      11   0  7      19 :     6869     8218    25766    27455      0 : 0.00e+00  0.00e+00  9.52e-02
0 :         906 :     17      5 :   0  7      20   0  6      11 :    27456    28389     6869     8218      0 : 0.00e+00  0.00e+00  7.37e-02
0 :         282 :      5     17 :   0  6      11   0  7      20 :     6869     8218    27456    28389      0 : 0.00e+00  0.00e+00  5.27e-02
1 :         959 :     18      5 :   0  7      25   0  6      11 :    28390    30099     6869     8218      5 : 9.93e+01  9.87e+01  4.36e-03
1 :         283 :      5     18 :   0  6      11   0  7      25 :     6869     8218    28390    30099      5 : 9.93e+01  9.87e+01  3.78e-03
1 :        1012 :     19      5 :   0  7      26   0  6      11 :    30100    31020     6869     8218      5 : 9.91e+01  9.82e+01  2.68e-03
1 :         284 :      5     19 :   0  6      11   0  7      26 :     6869     8218    30100    31020      5 : 9.91e+01  9.80e+01  1.74e-03
0 :        1065 :     20      5 :   0  7      35   0  6      11 :    31021    32680     6869     8218      0 : 0.00e+00  0.00e+00  8.46e-02
0 :         285 :      5     20 :   0  6      11   0  7      35 :     6869     8218    31021    32680      0 : 0.00e+00  0.00e+00  5.09e-02
1 :        1118 :     21      5 :   0  7      40   0  6      11 :    32681    34410     6869     8218      3 : 9.96e+01  9.87e+01  2.79e-03
1 :         286 :      5     21 :   0  6      11   0  7      40 :     6869     8218    32681    34410      3 : 9.96e+01  9.87e+01  1.70e-03
1 :        1171 :     22      5 :   0  7      41   0  6      11 :    34411    36062     6869     8218      5 : 9.93e+01  9.85e+01  2.91e-03
1 :         287 :      5     22 :   0  6      11   0  7      41 :     6869     8218    34411    36062      5 : 9.93e+01  9.87e+01  1.81e-03
1 :        1224 :     23      5 :   0  7      46   0  6      11 :    36063    37795     6869     8218      3 : 9.96e+01  9.88e+01  2.49e-03
1 :         288 :      5     23 :   0  6      11   0  7      46 :     6869     8218    36063    37795      3 : 9.96e+01  9.87e+01  1.40e-03
1 :        1277 :     24      5 :   0  7      50   0  6      11 :    37796    38258     6869     8218      3 : 9.91e+01  9.83e+01  2.11e-03
1 :         289 :      5     24 :   0  6      11   0  7      50 :     6869     8218    37796    38258      3 : 9.91e+01  9.77e+01  9.64e-04
1 :        1330 :     25      5 :   0  7      59   0  6      11 :    38259    39857     6869     8218      3 : 9.96e+01  9.89e+01  2.39e-03
1 :         290 :      5     25 :   0  6      11   0  7      59 :     6869     8218    38259    39857      3 : 9.96e+01  9.89e+01  1.22e-03
1 :        1383 :     26      5 :   0  7      60   0  6      11 :    39858    40314     6869     8218      3 : 9.91e+01  9.82e+01  2.10e-03
1 :         291 :      5     26 :   0  6      11   0  7      60 :     6869     8218    39858    40314      3 : 9.91e+01  9.82e+01  9.08e-04
0 :        1436 :     27      5 :   0  8      65   0  6      11 :    40315    42013     6869     8218      0 : 0.00e+00  0.00e+00  8.73e-02
0 :         292 :      5     27 :   0  6      11   0  8      65 :     6869     8218    40315    42013      0 : 0.00e+00  0.00e+00  5.19e-02
0 :        1489 :     28      5 :   0  8      66   0  6      11 :    42014    42768     6869     8218      0 : 0.00e+00  0.00e+00  4.02e-02
0 :         293 :      5     28 :   0  6      11   0  8      66 :     6869     8218    42014    42768      0 : 0.00e+00  0.00e+00  2.37e-02
1 :        1542 :     29      5 :   0  8      67   0  6      11 :    42769    43712     6869     8218      6 : 9.89e+01  9.80e+01  2.78e-03
1 :         294 :      5     29 :   0  6      11   0  8      67 :     6869     8218    42769    43712      6 : 9.89e+01  9.80e+01  1.64e-03
1 :        1595 :     30      5 :   0  8      68   0  6      11 :    43713    45403     6869     8218      6 : 9.92e+01  9.81e+01  3.17e-03
1 :         295 :      5     30 :   0  6      11   0  8      68 :     6869     8218    43713    45403      6 : 9.92e+01  9.81e+01  2.12e-03
1 :        1648 :     31      5 :   0  8      71   0  6      11 :    45404    47057     6869     8218      6 : 9.92e+01  9.83e+01  2.97e-03
1 :         296 :      5     31 :   0  6      11   0  8      71 :     6869     8218    45404    47057      6 : 9.92e+01  9.83e+01  1.84e-03
1 :        1701 :     32      5 :   0  8      72   0  6      11 :    47058    49013     6869     8218      5 : 9.94e+01  9.86e+01  2.75e-03
1 :         297 :      5     32 :   0  6      11   0  8      72 :     6869     8218    47058    49013      5 : 9.94e+01  9.86e+01  1.82e-03
1 :        1754 :     33      5 :   0  8      73   0  6      11 :    49014    49752     6869     8218      5 : 9.90e+01  9.83e+01  2.30e-03
1 :         298 :      5     33 :   0  6      11   0  8      73 :     6869     8218    49014    49752      5 : 9.90e+01  9.81e+01  1.18e-03
1 :        1807 :     34      5 :   0  8      74   0  6      11 :    49753    51606     6869     8218      5 : 9.94e+01  9.85e+01  2.76e-03
1 :         299 :      5     34 :   0  6      11   0  8      74 :     6869     8218    49753    51606      5 : 9.94e+01  9.86e+01  1.56e-03
1 :        1860 :     35      5 :   0  8      75   0  6      11 :    51607    53340     6869     8218      3 : 9.96e+01  9.87e+01  2.47e-03
1 :         300 :      5     35 :   0  6      11   0  8      75 :     6869     8218    51607    53340      3 : 9.96e+01  9.87e+01  1.41e-03
1 :        1913 :     36      5 :   0  8      76   0  6      11 :    53341    54448     6869     8218      3 : 9.95e+01  9.85e+01  2.28e-03
1 :         301 :      5     36 :   0  6      11   0  8      76 :     6869     8218    53341    54448      3 : 9.95e+01  9.87e+01  1.10e-03
1 :        1966 :     37      5 :   0  8      77   0  6      11 :    54449    56151     6869     8218      5 : 9.93e+01  9.85e+01  2.68e-03
1 :         302 :      5     37 :   0  6      11   0  8      77 :     6869     8218    54449    56151      5 : 9.93e+01  9.85e+01  1.50e-03
1 :        2019 :     38      5 :   0  8      78   0  6      11 :    56152    58105     6869     8218      5 : 9.94e+01  9.86e+01  2.91e-03
1 :         303 :      5     38 :   0  6      11   0  8      78 :     6869     8218    56152    58105      5 : 9.94e+01  9.86e+01  1.61e-03
1 :        2072 :     39      5 :   0  8      83   0  6      11 :    58106    60074     6869     8218      5 : 9.94e+01  9.88e+01  2.76e-03
1 :         304 :      5     39 :   0  6      11   0  8      83 :     6869     8218    58106    60074      5 : 9.94e+01  9.86e+01  1.58e-03
1 :        2125 :     40      5 :   0  8      84   0  6      11 :    60075    61735     6869     8218      4 : 9.95e+01  9.87e+01  2.58e-03
1 :         305 :      5     40 :   0  6      11   0  8      84 :     6869     8218    60075    61735      4 : 9.95e+01  9.85e+01  1.55e-03
1 :        2178 :     41      5 :   0  8      85   0  6      11 :    61736    62505     6869     8218      3 : 9.94e+01  9.84e+01  2.19e-03
1 :         306 :      5     41 :   0  6      11   0  8      85 :     6869     8218    61736    62505      3 : 9.94e+01  9.84e+01  9.94e-04
1 :        2231 :     42      5 :   0  8      86   0  6      11 :    62506    64201     6869     8218      3 : 9.96e+01  9.87e+01  2.44e-03
1 :         307 :      5     42 :   0  6      11   0  8      86 :     6869     8218    62506    64201      3 : 9.96e+01  9.88e+01  1.32e-03
1 :        2284 :     43      5 :   0  8      87   0  6      11 :    64202    65898     6869     8218      3 : 9.96e+01  9.85e+01  2.57e-03
1 :         308 :      5     43 :   0  6      11   0  8      87 :     6869     8218    64202    65898      3 : 9.96e+01  9.88e+01  1.41e-03
1 :        2337 :     44      5 :   0  8      88   0  6      11 :    65899    66838     6869     8218      3 : 9.95e+01  9.86e+01  2.21e-03
1 :         309 :      5     44 :   0  6      11   0  8      88 :     6869     8218    65899    66838      3 : 9.95e+01  9.87e+01  1.04e-03
1 :        2390 :     45      5 :   0  8      89   0  6      11 :    66839    68824     6869     8218      3 : 9.96e+01  9.88e+01  2.51e-03
1 :         310 :      5     45 :   0  6      11   0  8      89 :     6869     8218    66839    68824      3 : 9.96e+01  9.88e+01  1.40e-03
1 :        2443 :     46      5 :   0  8      90   0  6      11 :    68825    70511     6869     8218      3 : 9.96e+01  9.87e+01  2.42e-03
1 :         311 :      5     46 :   0  6      11   0  8      90 :     6869     8218    68825    70511      3 : 9.96e+01  9.87e+01  1.33e-03
1 :        2496 :     47      5 :   0  8      93   0  6      11 :    70512    72369     6869     8218      3 : 9.96e+01  9.88e+01  2.46e-03
1 :         312 :      5     47 :   0  6      11   0  8      93 :     6869     8218    70512    72369      3 : 9.96e+01  9.90e+01  1.32e-03
1 :        2549 :     48      5 :   0  8      94   0  6      11 :    72370    73108     6869     8218      3 : 9.94e+01  9.85e+01  2.17e-03
1 :         313 :      5     48 :   0  6      11   0  8      94 :     6869     8218    72370    73108      3 : 9.94e+01  9.87e+01  9.44e-04
1 :        2602 :     49      5 :   0  8      95   0  6      11 :    73109    74219     6869     8218      3 : 9.95e+01  9.89e+01  2.24e-03
1 :         314 :      5     49 :   0  6      11   0  8      95 :     6869     8218    73109    74219      3 : 9.95e+01  9.89e+01  1.07e-03
1 :        2655 :     50      5 :   0  8      96   0  6      11 :    74220    76059     6869     8218      3 : 9.96e+01  9.88e+01  2.55e-03
1 :         315 :      5     50 :   0  6      11   0  8      96 :     6869     8218    74220    76059      3 : 9.96e+01  9.90e+01  1.31e-03
1 :        2708 :     51      5 :   0  8      97   0  6      11 :    76060    77572     6869     8218      3 : 9.96e+01  9.87e+01  2.36e-03
1 :         316 :      5     51 :   0  6      11   0  8      97 :     6869     8218    76060    77572      3 : 9.96e+01  9.87e+01  1.23e-03
1 :        2761 :     52      5 :   0  8      98   0  6      11 :    77573    77654     6869     8218      3 : 9.61e+01  9.35e+01  2.02e-03
1 :         317 :      5     52 :   0  6      11   0  8      98 :     6869     8218    77573    77654      3 : 9.61e+01  9.22e+01  8.16e-04
0 :         324 :      6      6 :   0  6      12   0  6      12 :     8219    10055     8219    10055      0 : 0.00e+00  0.00e+00  6.51e-01
1 :         377 :      7      6 :   0  6      14   0  6      12 :    10056    11954     8219    10055      5 : 9.95e+01  9.87e+01  6.74e-03
1 :         325 :      6      7 :   0  6      12   0  6      14 :     8219    10055    10056    11954      5 : 9.95e+01  9.86e+01  4.57e-03
0 :         430 :      8      6 :   0  6      15   0  6      12 :    11955    13812     8219    10055      0 : 0.00e+00  0.00e+00  1.65e-01
0 :         326 :      6      8 :   0  6      12   0  6      15 :     8219    10055    11955    13812      0 : 0.00e+00  0.00e+00  9.30e-02
1 :         483 :      9      6 :   0  6      16   0  6      12 :    13813    15162     8219    10055      5 : 9.94e+01  9.85e+01  5.76e-03
1 :         327 :      6      9 :   0  6      12   0  6      16 :     8219    10055    13813    15162      5 : 9.94e+01  9.83e+01  3.74e-03
1 :         536 :     10      6 :   0  6      26   0  6      12 :    15163    17042     8219    10055      3 : 9.97e+01  9.87e+01  5.17e-03
1 :         328 :      6     10 :   0  6      12   0  6      26 :     8219    10055    15163    17042      3 : 9.97e+01  9.89e+01  3.09e-03
1 :         589 :     11      6 :   0  6      27   0  6      12 :    17043    18216     8219    10055      3 : 9.96e+01  9.90e+01  4.70e-03
1 :         329 :      6     11 :   0  6      12   0  6      27 :     8219    10055    17043    18216      3 : 9.96e+01  9.90e+01  2.60e-03
1 :         642 :     12      6 :   0  6      28   0  6      12 :    18217    20483     8219    10055      3 : 9.97e+01  9.91e+01  5.03e-03
1 :         330 :      6     12 :   0  6      12   0  6      28 :     8219    10055    18217    20483      3 : 9.97e+01  9.91e+01  2.99e-03
1 :         695 :     13      6 :   0  6      29   0  6      12 :    20484    22354     8219    10055      3 : 9.97e+01  9.87e+01  4.97e-03
1 :         331 :      6     13 :   0  6      12   0  6      29 :     8219    10055    20484    22354      3 : 9.97e+01  9.89e+01  2.88e-03
1 :         748 :     14      6 :   0  6      31   0  6      12 :    22355    24605     8219    10055      3 : 9.97e+01  9.91e+01  4.93e-03
1 :         332 :      6     14 :   0  6      12   0  6      31 :     8219    10055    22355    24605      3 : 9.97e+01  9.91e+01  2.97e-03
1 :         801 :     15      6 :   0  6      32   0  6      12 :    24606    25765     8219    10055      3 : 9.96e+01  9.89e+01  4.70e-03
1 :         333 :      6     15 :   0  6      12   0  6      32 :     8219    10055    24606    25765      3 : 9.96e+01  9.89e+01  2.55e-03
0 :         854 :     16      6 :   0  7      19   0  6      12 :    25766    27455     8219    10055      0 : 0.00e+00  0.00e+00  2.45e-01
0 :         334 :      6     16 :   0  6      12   0  7      19 :     8219    10055    25766    27455      0 : 0.00e+00  0.00e+00  1.85e-01
0 :         907 :     17      6 :   0  7      20   0  6      12 :    27456    28389     8219    10055      0 : 0.00e+00  0.00e+00  1.40e-01
0 :         335 :      6     17 :   0  6      12   0  7      20 :     8219    10055    27456    28389      0 : 0.00e+00  0.00e+00  1.03e-01
0 :         960 :     18      6 :   0  7      25   0  6      12 :    28390    30099     8219    10055      0 : 0.00e+00  0.00e+00  1.52e-01
0 :         336 :      6     18 :   0  6      12   0  7      25 :     8219    10055    28390    30099      0 : 0.00e+00  0.00e+00  8.75e-02
0 :        1013 :     19      6 :   0  7      26   0  6      12 :    30100    31020     8219    10055      0 : 0.00e+00  0.00e+00  8.26e-02
0 :         337 :      6     19 :   0  6      12   0  7      26 :     8219    10055    30100    31020      0 : 0.00e+00  0.00e+00  4.72e-02
0 :        1066 :     20      6 :   0  7      35   0  6      12 :    31021    32680     8219    10055      0 : 0.00e+00  0.00e+00  1.84e-01
0 :         338 :      6     20 :   0  6      12   0  7      35 :     8219    10055    31021    32680      0 : 0.00e+00  0.00e+00  1.24e-01
1 :        1119 :     21      6 :   0  7      40   0  6      12 :    32681    34410     8219    10055      4 : 9.96e+01  9.87e+01  5.49e-03
1 :         339 :      6     21 :   0  6      12   0  7      40 :     8219    10055    32681    34410      4 : 9.96e+01  9.88e+01  3.15e-03
0 :        1172 :     22      6 :   0  7      41   0  6      12 :    34411    36062     8219    10055      0 : 0.00e+00  0.00e+00  1.43e-01
0 :         340 :      6     22 :   0  6      12   0  7      41 :     8219    10055    34411    36062      0 : 0.00e+00  0.00e+00  8.28e-02
1 :        1225 :     23      6 :   0  7      46   0  6      12 :    36063    37795     8219    10055      3 : 9.97e+01  9.88e+01  5.28e-03
1 :         341 :      6     23 :   0  6      12   0  7      46 :     8219    10055    36063    37795      3 : 9.97e+01  9.88e+01  3.03e-03
1 :        1278 :     24      6 :   0  7      50   0  6      12 :    37796    38258     8219    10055      3 : 9.92e+01  9.81e+01  4.59e-03
1 :         342 :      6     24 :   0  6      12   0  7      50 :     8219    10055    37796    38258      3 : 9.92e+01  9.84e+01  2.42e-03
1 :        1331 :     25      6 :   0  7      59   0  6      12 :    38259    39857     8219    10055      3 : 9.96e+01  9.89e+01  4.87e-03
1 :         343 :      6     25 :   0  6      12   0  7      59 :     8219    10055    38259    39857      3 : 9.96e+01  9.89e+01  2.80e-03
1 :        1384 :     26      6 :   0  7      60   0  6      12 :    39858    40314     8219    10055      3 : 9.92e+01  9.84e+01  4.46e-03
1 :         344 :      6     26 :   0  6      12   0  7      60 :     8219    10055    39858    40314      3 : 9.92e+01  9.84e+01  2.34e-03
1 :        1437 :     27      6 :   0  8      65   0  6      12 :    40315    42013     8219    10055     10 : 9.89e+01  9.83e+01  6.50e-02
1 :         345 :      6     27 :   0  6      12   0  8      65 :     8219    10055    40315    42013      9 : 9.90e+01  9.84e+01  5.88e-02
0 :        1490 :     28      6 :   0  8      66   0  6      12 :    42014    42768     8219    10055      0 : 0.00e+00  0.00e+00  8.78e-02
0 :         346 :      6     28 :   0  6      12   0  8      66 :     8219    10055    42014    42768      0 : 0.00e+00  0.00e+00  5.78e-02
1 :        1543 :     29      6 :   0  8      67   0  6      12 :    42769    43712     8219    10055      5 : 9.92e+01  9.84e+01  5.18e-03
1 :         347 :      6     29 :   0  6      12   0  8      67 :     8219    10055    42769    43712      5 : 9.92e+01  9.84e+01  3.05e-03
1 :        1596 :     30      6 :   0  8      68   0  6      12 :    43713    45403     8219    10055      6 : 9.93e+01  9.83e+01  5.80e-03
1 :         348 :      6     30 :   0  6      12   0  8      68 :     8219    10055    43713    45403      6 : 9.93e+01  9.85e+01  3.80e-03
1 :        1649 :     31      6 :   0  8      71   0  6      12 :    45404    47057     8219    10055      6 : 9.93e+01  9.83e+01  5.69e-03
1 :         349 :      6     31 :   0  6      12   0  8      71 :     8219    10055    45404    47057      6 : 9.93e+01  9.84e+01  3.65e-03
1 :        1702 :     32      6 :   0  8      72   0  6      12 :    47058    49013     8219    10055      6 : 9.94e+01  9.85e+01  5.63e-03
1 :         350 :      6     32 :   0  6      12   0  8      72 :     8219    10055    47058    49013      6 : 9.94e+01  9.85e+01  3.86e-03
1 :        1755 :     33      6 :   0  8      73   0  6      12 :    49014    49752     8219    10055      4 : 9.92e+01  9.85e+01  4.72e-03
1 :         351 :      6     33 :   0  6      12   0  8      73 :     8219    10055    49014    49752      4 : 9.92e+01  9.85e+01  2.64e-03
1 :        1808 :     34      6 :   0  8      74   0  6      12 :    49753    51606     8219    10055      5 : 9.95e+01  9.87e+01  5.47e-03
1 :         352 :      6     34 :   0  6      12   0  8      74 :     8219    10055    49753    51606      5 : 9.95e+01  9.87e+01  3.42e-03
1 :        1861 :     35      6 :   0  8      75   0  6      12 :    51607    53340     8219    10055      3 : 9.97e+01  9.89e+01  4.86e-03
1 :         353 :      6     35 :   0  6      12   0  8      75 :     8219    10055    51607    53340      3 : 9.97e+01  9.88e+01  2.86e-03
1 :        1914 :     36      6 :   0  8      76   0  6      12 :    53341    54448     8219    10055      3 : 9.96e+01  9.87e+01  4.71e-03
1 :         354 :      6     36 :   0  6      12   0  8      76 :     8219    10055    53341    54448      3 : 9.96e+01  9.87e+01  2.57e-03
1 :        1967 :     37      6 :   0  8      77   0  6      12 :    54449    56151     8219    10055      5 : 9.94e+01  9.86e+01  5.26e-03
1 :         355 :      6     37 :   0  6      12   0  8      77 :     8219    10055    54449    56151      5 : 9.94e+01  9.86e+01  3.30e-03
1 :        2020 :     38      6 :   0  8      78   0  6      12 :    56152    58105     8219    10055      5 : 9.95e+01  9.87e+01  5.42e-03
1 :         356 :      6     38 :   0  6      12   0  8      78 :     8219    10055    56152    58105      5 : 9.95e+01  9.87e+01  3.43e-03
1 :        2073 :     39      6 :   0  8      83   0  6      12 :    58106    60074     8219    10055      6 : 9.94e+01  9.85e+01  5.65e-03
1 :         357 :      6     39 :   0  6      12   0  8      83 :     8219    10055    58106    60074      6 : 9.94e+01  9.85e+01  3.64e-03
1 :        2126 :     40      6 :   0  8      84   0  6      12 :    60075    61735     8219    10055      5 : 9.94e+01  9.85e+01  5.36e-03
1 :         358 :      6     40 :   0  6      12   0  8      84 :     8219    10055    60075    61735      5 : 9.94e+01  9.85e+01  3.29e-03
1 :        2179 :     41      6 :   0  8      85   0  6      12 :    61736    62505     8219    10055      5 : 9.91e+01  9.83e+01  4.73e-03
1 :         359 :      6     41 :   0  6      12   0  8      85 :     8219    10055    61736    62505      5 : 9.91e+01  9.85e+01  2.63e-03
1 :        2232 :     42      6 :   0  8      86   0  6      12 :    62506    64201     8219    10055      3 : 9.97e+01  9.88e+01  4.87e-03
1 :         360 :      6     42 :   0  6      12   0  8      86 :     8219    10055    62506    64201      3 : 9.97e+01  9.88e+01  2.86e-03
1 :        2285 :     43      6 :   0  8      87   0  6      12 :    64202    65898     8219    10055      4 : 9.95e+01  9.86e+01  5.16e-03
1 :         361 :      6     43 :   0  6      12   0  8      87 :     8219    10055    64202    65898      4 : 9.95e+01  9.88e+01  3.09e-03
1 :        2338 :     44      6 :   0  8      88   0  6      12 :    65899    66838     8219    10055      3 : 9.95e+01  9.87e+01  4.60e-03
1 :         362 :      6     44 :   0  6      12   0  8      88 :     8219    10055    65899    66838      3 : 9.95e+01  9.87e+01  2.47e-03
1 :        2391 :     45      6 :   0  8      89   0  6      12 :    66839    68824     8219    10055      5 : 9.95e+01  9.87e+01  5.32e-03
1 :         363 :      6     45 :   0  6      12   0  8      89 :     8219    10055    66839    68824      5 : 9.95e+01  9.88e+01  3.17e-03
1 :        2444 :     46      6 :   0  8      90   0  6      12 :    68825    70511     8219    10055      4 : 9.95e+01  9.86e+01  5.11e-03
1 :         364 :      6     46 :   0  6      12   0  8      90 :     8219    10055    68825    70511      4 : 9.95e+01  9.86e+01  3.09e-03
1 :        2497 :     47      6 :   0  8      93   0  6      12 :    70512    72369     8219    10055      3 : 9.97e+01  9.87e+01  5.06e-03
1 :         365 :      6     47 :   0  6      12   0  8      93 :     8219    10055    70512    72369      3 : 9.97e+01  9.87e+01  3.00e-03
1 :        2550 :     48      6 :   0  8      94   0  6      12 :    72370    73108     8219    10055      3 : 9.94e+01  9.87e+01  4.53e-03
1 :         366 :      6     48 :   0  6      12   0  8      94 :     8219    10055    72370    73108      3 : 9.94e+01  9.89e+01  2.37e-03
1 :        2603 :     49      6 :   0  8      95   0  6      12 :    73109    74219     8219    10055      3 : 9.96e+01  9.90e+01  4.63e-03
1 :         367 :      6     49 :   0  6      12   0  8      95 :     8219    10055    73109    74219      3 : 9.96e+01  9.90e+01  2.51e-03
1 :        2656 :     50      6 :   0  8      96   0  6      12 :    74220    76059     8219    10055      3 : 9.97e+01  9.89e+01  4.84e-03
1 :         368 :      6     50 :   0  6      12   0  8      96 :     8219    10055    74220    76059      3 : 9.97e+01  9.90e+01  2.85e-03
1 :        2709 :     51      6 :   0  8      97   0  6      12 :    76060    77572     8219    10055      3 : 9.96e+01  9.90e+01  4.67e-03
1 :         369 :      6     51 :   0  6      12   0  8      97 :     8219    10055    76060    77572      3 : 9.96e+01  9.89e+01  2.72e-03
1 :        2762 :     52      6 :   0  8      98   0  6      12 :    77573    77654     8219    10055      3 : 9.62e+01  9.36e+01  4.34e-03
1 :         370 :      6     52 :   0  6      12   0  8      98 :     8219    10055    77573    77654      3 : 9.62e+01  9.11e+01  2.22e-03
0 :         378 :      7      7 :   0  6      14   0  6      14 :    10056    11954    10056    11954      0 : 0.00e+00  0.00e+00  6.38e-01
0 :         431 :      8      7 :   0  6      15   0  6      14 :    11955    13812    10056    11954      0 : 0.00e+00  0.00e+00  1.87e-01
0 :         379 :      7      8 :   0  6      14   0  6      15 :    10056    11954    11955    13812      0 : 0.00e+00  0.00e+00  1.13e-01
0 :         484 :      9      7 :   0  6      16   0  6      14 :    13813    15162    10056    11954      0 : 0.00e+00  0.00e+00  1.33e-01
0 :         380 :      7      9 :   0  6      14   0  6      16 :    10056    11954    13813    15162      0 : 0.00e+00  0.00e+00  8.07e-02
1 :         537 :     10      7 :   0  6      26   0  6      14 :    15163    17042    10056    11954      3 : 9.97e+01  9.89e+01  3.76e-03
1 :         381 :      7     10 :   0  6      14   0  6      26 :    10056    11954    15163    17042      3 : 9.97e+01  9.90e+01  1.94e-03
1 :         590 :     11      7 :   0  6      27   0  6      14 :    17043    18216    10056    11954      3 : 9.96e+01  9.90e+01  3.17e-03
1 :         382 :      7     11 :   0  6      14   0  6      27 :    10056    11954    17043    18216      3 : 9.96e+01  9.90e+01  1.34e-03
1 :         643 :     12      7 :   0  6      28   0  6      14 :    18217    20483    10056    11954      3 : 9.97e+01  9.91e+01  3.38e-03
1 :         383 :      7     12 :   0  6      14   0  6      28 :    10056    11954    18217    20483      3 : 9.97e+01  9.91e+01  1.75e-03
1 :         696 :     13      7 :   0  6      29   0  6      14 :    20484    22354    10056    11954      3 : 9.97e+01  9.90e+01  3.17e-03
1 :         384 :      7     13 :   0  6      14   0  6      29 :    10056    11954    20484    22354      3 : 9.97e+01  9.90e+01  1.57e-03
1 :         749 :     14      7 :   0  6      31   0  6      14 :    22355    24605    10056    11954      3 : 9.97e+01  9.91e+01  3.31e-03
1 :         385 :      7     14 :   0  6      14   0  6      31 :    10056    11954    22355    24605      3 : 9.97e+01  9.91e+01  1.66e-03
1 :         802 :     15      7 :   0  6      32   0  6      14 :    24606    25765    10056    11954      3 : 9.96e+01  9.90e+01  2.95e-03
1 :         386 :      7     15 :   0  6      14   0  6      32 :    10056    11954    24606    25765      3 : 9.96e+01  9.90e+01  1.21e-03
1 :         855 :     16      7 :   0  7      19   0  6      14 :    25766    27455    10056    11954      8 : 9.91e+01  9.85e+01  4.93e-02
1 :         387 :      7     16 :   0  6      14   0  7      19 :    10056    11954    25766    27455      8 : 9.91e+01  9.85e+01  4.49e-02
1 :         908 :     17      7 :   0  7      20   0  6      14 :    27456    28389    10056    11954      5 : 9.92e+01  9.84e+01  5.32e-03
1 :         388 :      7     17 :   0  6      14   0  7      20 :    10056    11954    27456    28389      5 : 9.92e+01  9.84e+01  4.15e-03
0 :         961 :     18      7 :   0  7      25   0  6      14 :    28390    30099    10056    11954      0 : 0.00e+00  0.00e+00  1.97e-01
0 :         389 :      7     18 :   0  6      14   0  7      25 :    10056    11954    28390    30099      0 : 0.00e+00  0.00e+00  1.28e-01
0 :        1014 :     19      7 :   0  7      26   0  6      14 :    30100    31020    10056    11954      0 : 0.00e+00  0.00e+00  9.29e-02
0 :         390 :      7     19 :   0  6      14   0  7      26 :    10056    11954    30100    31020      0 : 0.00e+00  0.00e+00  5.59e-02
1 :        1067 :     20      7 :   0  7      35   0  6      14 :    31021    32680    10056    11954      4 : 9.95e+01  9.88e+01  5.63e-03
1 :         391 :      7     20 :   0  6      14   0  7      35 :    10056    11954    31021    32680      4 : 9.95e+01  9.88e+01  4.11e-03
1 :        1120 :     21      7 :   0  7      40   0  6      14 :    32681    34410    10056    11954      3 : 9.97e+01  9.90e+01  3.45e-03
1 :         392 :      7     21 :   0  6      14   0  7      40 :    10056    11954    32681    34410      3 : 9.97e+01  9.90e+01  1.77e-03
1 :        1173 :     22      7 :   0  7      41   0  6      14 :    34411    36062    10056    11954      5 : 9.94e+01  9.86e+01  5.02e-03
1 :         393 :      7     22 :   0  6      14   0  7      41 :    10056    11954    34411    36062      5 : 9.94e+01  9.86e+01  3.57e-03
1 :        1226 :     23      7 :   0  7      46   0  6      14 :    36063    37795    10056    11954      3 : 9.97e+01  9.89e+01  3.38e-03
1 :         394 :      7     23 :   0  6      14   0  7      46 :    10056    11954    36063    37795      3 : 9.97e+01  9.89e+01  1.68e-03
1 :        1279 :     24      7 :   0  7      50   0  6      14 :    37796    38258    10056    11954      3 : 9.92e+01  9.81e+01  2.89e-03
1 :         395 :      7     24 :   0  6      14   0  7      50 :    10056    11954    37796    38258      3 : 9.92e+01  9.84e+01  1.05e-03
1 :        1332 :     25      7 :   0  7      59   0  6      14 :    38259    39857    10056    11954      3 : 9.97e+01  9.91e+01  3.15e-03
1 :         396 :      7     25 :   0  6      14   0  7      59 :    10056    11954    38259    39857      3 : 9.97e+01  9.90e+01  1.45e-03
1 :        1385 :     26      7 :   0  7      60   0  6      14 :    39858    40314    10056    11954      3 : 9.92e+01  9.84e+01  2.74e-03
1 :         397 :      7     26 :   0  6      14   0  7      60 :    10056    11954    39858    40314      3 : 9.92e+01  9.84e+01  9.59e-04
1 :        1438 :     27      7 :   0  8      65   0  6      14 :    40315    42013    10056    11954      4 : 9.96e+01  9.90e+01  4.17e-03
1 :         398 :      7     27 :   0  6      14   0  8      65 :    10056    11954    40315    42013      4 : 9.96e+01  9.89e+01  2.75e-03
1 :        1491 :     28      7 :   0  8      66   0  6      14 :    42014    42768    10056    11954      3 : 9.94e+01  9.89e+01  3.73e-03
1 :         399 :      7     28 :   0  6      14   0  8      66 :    10056    11954    42014    42768      3 : 9.94e+01  9.89e+01  2.16e-03
1 :        1544 :     29      7 :   0  8      67   0  6      14 :    42769    43712    10056    11954      3 : 9.95e+01  9.89e+01  3.03e-03
1 :         400 :      7     29 :   0  6      14   0  8      67 :    10056    11954    42769    43712      3 : 9.95e+01  9.89e+01  1.29e-03
1 :        1597 :     30      7 :   0  8      68   0  6      14 :    43713    45403    10056    11954      3 : 9.97e+01  9.89e+01  3.30e-03
1 :         401 :      7     30 :   0  6      14   0  8      68 :    10056    11954    43713    45403      3 : 9.97e+01  9.89e+01  1.70e-03
1 :        1650 :     31      7 :   0  8      71   0  6      14 :    45404    47057    10056    11954      3 : 9.97e+01  9.90e+01  3.19e-03
1 :         402 :      7     31 :   0  6      14   0  8      71 :    10056    11954    45404    47057      3 : 9.97e+01  9.88e+01  1.67e-03
1 :        1703 :     32      7 :   0  8      72   0  6      14 :    47058    49013    10056    11954      3 : 9.97e+01  9.90e+01  3.24e-03
1 :         403 :      7     32 :   0  6      14   0  8      72 :    10056    11954    47058    49013      3 : 9.97e+01  9.89e+01  1.96e-03
1 :        1756 :     33      7 :   0  8      73   0  6      14 :    49014    49752    10056    11954      3 : 9.94e+01  9.89e+01  2.82e-03
1 :         404 :      7     33 :   0  6      14   0  8      73 :    10056    11954    49014    49752      3 : 9.94e+01  9.89e+01  1.06e-03
1 :        1809 :     34      7 :   0  8      74   0  6      14 :    49753    51606    10056    11954      3 : 9.97e+01  9.90e+01  3.18e-03
1 :         405 :      7     34 :   0  6      14   0  8      74 :    10056    11954    49753    51606      3 : 9.97e+01  9.90e+01  1.59e-03
1 :        1862 :     35      7 :   0  8      75   0  6      14 :    51607    53340    10056    11954      3 : 9.97e+01  9.90e+01  3.15e-03
1 :         406 :      7     35 :   0  6      14   0  8      75 :    10056    11954    51607    53340      3 : 9.97e+01  9.90e+01  1.52e-03
1 :        1915 :     36      7 :   0  8      76   0  6      14 :    53341    54448    10056    11954      3 : 9.96e+01  9.90e+01  2.93e-03
1 :         407 :      7     36 :   0  6      14   0  8      76 :    10056    11954    53341    54448      3 : 9.96e+01  9.90e+01  1.19e-03
1 :        1968 :     37      7 :   0  8      77   0  6      14 :    54449    56151    10056    11954      3 : 9.97e+01  9.90e+01  3.11e-03
1 :         408 :      7     37 :   0  6      14   0  8      77 :    10056    11954    54449    56151      3 : 9.97e+01  9.90e+01  1.54e-03
1 :        2021 :     38      7 :   0  8      78   0  6      14 :    56152    58105    10056    11954      3 : 9.97e+01  9.90e+01  3.25e-03
1 :         409 :      7     38 :   0  6      14   0  8      78 :    10056    11954    56152    58105      3 : 9.97e+01  9.90e+01  1.67e-03
1 :        2074 :     39      7 :   0  8      83   0  6      14 :    58106    60074    10056    11954      3 : 9.97e+01  9.89e+01  3.45e-03
1 :         410 :      7     39 :   0  6      14   0  8      83 :    10056    11954    58106    60074      3 : 9.97e+01  9.90e+01  1.70e-03
1 :        2127 :     40      7 :   0  8      84   0  6      14 :    60075    61735    10056    11954      3 : 9.97e+01  9.86e+01  3.34e-03
1 :         411 :      7     40 :   0  6      14   0  8      84 :    10056    11954    60075    61735      3 : 9.97e+01  9.88e+01  1.67e-03
1 :        2180 :     41      7 :   0  8      85   0  6      14 :    61736    62505    10056    11954      5 : 9.91e+01  9.84e+01  3.19e-03
1 :         412 :      7     41 :   0  6      14   0  8      85 :    10056    11954    61736    62505      5 : 9.91e+01  9.84e+01  1.37e-03
1 :        2233 :     42      7 :   0  8      86   0  6      14 :    62506    64201    10056    11954      5 : 9.94e+01  9.87e+01  3.58e-03
1 :         413 :      7     42 :   0  6      14   0  8      86 :    10056    11954    62506    64201      5 : 9.94e+01  9.87e+01  1.91e-03
1 :        2286 :     43      7 :   0  8      87   0  6      14 :    64202    65898    10056    11954      4 : 9.96e+01  9.88e+01  3.52e-03
1 :         414 :      7     43 :   0  6      14   0  8      87 :    10056    11954    64202    65898      4 : 9.96e+01  9.88e+01  1.81e-03
1 :        2339 :     44      7 :   0  8      88   0  6      14 :    65899    66838    10056    11954      3 : 9.95e+01  9.87e+01  2.89e-03
1 :         415 :      7     44 :   0  6      14   0  8      88 :    10056    11954    65899    66838      3 : 9.95e+01  9.87e+01  1.15e-03
1 :        2392 :     45      7 :   0  8      89   0  6      14 :    66839    68824    10056    11954      3 : 9.97e+01  9.91e+01  3.20e-03
1 :         416 :      7     45 :   0  6      14   0  8      89 :    10056    11954    66839    68824      3 : 9.97e+01  9.90e+01  1.63e-03
1 :        2445 :     46      7 :   0  8      90   0  6      14 :    68825    70511    10056    11954      3 : 9.97e+01  9.88e+01  3.22e-03
1 :         417 :      7     46 :   0  6      14   0  8      90 :    10056    11954    68825    70511      3 : 9.97e+01  9.89e+01  1.55e-03
1 :        2498 :     47      7 :   0  8      93   0  6      14 :    70512    72369    10056    11954      3 : 9.97e+01  9.89e+01  3.22e-03
1 :         418 :      7     47 :   0  6      14   0  8      93 :    10056    11954    70512    72369      3 : 9.97e+01  9.89e+01  1.54e-03
1 :        2551 :     48      7 :   0  8      94   0  6      14 :    72370    73108    10056    11954      3 : 9.94e+01  9.87e+01  2.84e-03
1 :         419 :      7     48 :   0  6      14   0  8      94 :    10056    11954    72370    73108      3 : 9.94e+01  9.87e+01  1.04e-03
1 :        2604 :     49      7 :   0  8      95   0  6      14 :    73109    74219    10056    11954      3 : 9.96e+01  9.90e+01  3.01e-03
1 :         420 :      7     49 :   0  6      14   0  8      95 :    10056    11954    73109    74219      3 : 9.96e+01  9.90e+01  1.20e-03
1 :        2657 :     50      7 :   0  8      96   0  6      14 :    74220    76059    10056    11954      3 : 9.97e+01  9.89e+01  3.22e-03
1 :         421 :      7     50 :   0  6      14   0  8      96 :    10056    11954    74220    76059      3 : 9.97e+01  9.90e+01  1.51e-03
1 :        2710 :     51      7 :   0  8      97   0  6      14 :    76060    77572    10056    11954      3 : 9.96e+01  9.90e+01  3.06e-03
1 :         422 :      7     51 :   0  6      14   0  8      97 :    10056    11954    76060    77572      3 : 9.96e+01  9.90e+01  1.38e-03
1 :        2763 :     52      7 :   0  8      98   0  6      14 :    77573    77654    10056    11954      3 : 9.62e+01  9.36e+01  2.64e-03
1 :         423 :      7     52 :   0  6      14   0  8      98 :    10056    11954    77573    77654      3 : 9.62e+01  9.36e+01  8.28e-04
0 :         432 :      8      8 :   0  6      15   0  6      15 :    11955    13812    11955    13812      0 : 0.00e+00  0.00e+00  7.16e-01
0 :         485 :      9      8 :   0  6      16   0  6      15 :    13813    15162    11955    13812      0 : 0.00e+00  0.00e+00  1.91e-01
0 :         433 :      8      9 :   0  6      15   0  6      16 :    11955    13812    13813    15162      0 : 0.00e+00  0.00e+00  1.37e-01
1 :         538 :     10      8 :   0  6      26   0  6      15 :    15163    17042    11955    13812      3 : 9.97e+01  9.88e+01  6.10e-03
1 :         434 :      8     10 :   0  6      15   0  6      26 :    11955    13812    15163    17042      3 : 9.97e+01  9.89e+01  3.96e-03
1 :         591 :     11      8 :   0  6      27   0  6      15 :    17043    18216    11955    13812      3 : 9.96e+01  9.90e+01  5.46e-03
1 :         435 :      8     11 :   0  6      15   0  6      27 :    11955    13812    17043    18216      3 : 9.96e+01  9.90e+01  3.34e-03
1 :         644 :     12      8 :   0  6      28   0  6      15 :    18217    20483    11955    13812      3 : 9.97e+01  9.91e+01  5.85e-03
1 :         436 :      8     12 :   0  6      15   0  6      28 :    11955    13812    18217    20483      3 : 9.97e+01  9.90e+01  3.88e-03
1 :         697 :     13      8 :   0  6      29   0  6      15 :    20484    22354    11955    13812      3 : 9.97e+01  9.87e+01  5.92e-03
1 :         437 :      8     13 :   0  6      15   0  6      29 :    11955    13812    20484    22354      3 : 9.97e+01  9.88e+01  3.67e-03
1 :         750 :     14      8 :   0  6      31   0  6      15 :    22355    24605    11955    13812      3 : 9.97e+01  9.91e+01  5.72e-03
1 :         438 :      8     14 :   0  6      15   0  6      31 :    11955    13812    22355    24605      3 : 9.97e+01  9.90e+01  3.93e-03
1 :         803 :     15      8 :   0  6      32   0  6      15 :    24606    25765    11955    13812      3 : 9.96e+01  9.89e+01  5.41e-03
1 :         439 :      8     15 :   0  6      15   0  6      32 :    11955    13812    24606    25765      3 : 9.96e+01  9.89e+01  3.28e-03
0 :         856 :     16      8 :   0  7      19   0  6      15 :    25766    27455    11955    13812      0 : 0.00e+00  0.00e+00  2.39e-01
0 :         440 :      8     16 :   0  6      15   0  7      19 :    11955    13812    25766    27455      0 : 0.00e+00  0.00e+00  1.73e-01
0 :         909 :     17      8 :   0  7      20   0  6      15 :    27456    28389    11955    13812      0 : 0.00e+00  0.00e+00  1.34e-01
0 :         441 :      8     17 :   0  6      15   0  7      20 :    11955    13812    27456    28389      0 : 0.00e+00  0.00e+00  9.64e-02
0 :         962 :     18      8 :   0  7      25   0  6      15 :    28390    30099    11955    13812      0 : 0.00e+00  0.00e+00  3.01e-01
0 :         442 :      8     18 :   0  6      15   0  7      25 :    11955    13812    28390    30099      0 : 0.00e+00  0.00e+00  2.30e-01
0 :        1015 :     19      8 :   0  7      26   0  6      15 :    30100    31020    11955    13812      0 : 0.00e+00  0.00e+00  1.62e-01
0 :         443 :      8     19 :   0  6      15   0  7      26 :    11955    13812    30100    31020      0 : 0.00e+00  0.00e+00  1.25e-01
0 :        1068 :     20      8 :   0  7      35   0  6      15 :    31021    32680    11955    13812      0 : 0.00e+00  0.00e+00  2.30e-01
0 :         444 :      8     20 :   0  6      15   0  7      35 :    11955    13812    31021    32680      0 : 0.00e+00  0.00e+00  1.68e-01
1 :        1121 :     21      8 :   0  7      40   0  6      15 :    32681    34410    11955    13812      3 : 9.97e+01  9.88e+01  5.92e-03
1 :         445 :      8     21 :   0  6      15   0  7      40 :    11955    13812    32681    34410      3 : 9.97e+01  9.88e+01  3.84e-03
0 :        1174 :     22      8 :   0  7      41   0  6      15 :    34411    36062    11955    13812      0 : 0.00e+00  0.00e+00  2.27e-01
0 :         446 :      8     22 :   0  6      15   0  7      41 :    11955    13812    34411    36062      0 : 0.00e+00  0.00e+00  1.66e-01
1 :        1227 :     23      8 :   0  7      46   0  6      15 :    36063    37795    11955    13812      3 : 9.97e+01  9.87e+01  6.05e-03
1 :         447 :      8     23 :   0  6      15   0  7      46 :    11955    13812    36063    37795      3 : 9.97e+01  9.88e+01  3.76e-03
1 :        1280 :     24      8 :   0  7      50   0  6      15 :    37796    38258    11955    13812      3 : 9.92e+01  9.84e+01  5.18e-03
1 :         448 :      8     24 :   0  6      15   0  7      50 :    11955    13812    37796    38258      3 : 9.92e+01  9.84e+01  3.08e-03
1 :        1333 :     25      8 :   0  7      59   0  6      15 :    38259    39857    11955    13812      3 : 9.97e+01  9.90e+01  5.61e-03
1 :         449 :      8     25 :   0  6      15   0  7      59 :    11955    13812    38259    39857      3 : 9.97e+01  9.90e+01  3.54e-03
1 :        1386 :     26      8 :   0  7      60   0  6      15 :    39858    40314    11955    13812      3 : 9.92e+01  9.81e+01  5.14e-03
1 :         450 :      8     26 :   0  6      15   0  7      60 :    11955    13812    39858    40314      3 : 9.92e+01  9.81e+01  3.02e-03
1 :        1439 :     27      8 :   0  8      65   0  6      15 :    40315    42013    11955    13812      4 : 9.95e+01  9.88e+01  7.17e-03
1 :         451 :      8     27 :   0  6      15   0  8      65 :    11955    13812    40315    42013      4 : 9.95e+01  9.86e+01  5.63e-03
1 :        1492 :     28      8 :   0  8      66   0  6      15 :    42014    42768    11955    13812      8 : 9.85e+01  9.83e+01  3.91e-02
1 :         452 :      8     28 :   0  6      15   0  8      66 :    11955    13812    42014    42768      8 : 9.85e+01  9.85e+01  3.50e-02
1 :        1545 :     29      8 :   0  8      67   0  6      15 :    42769    43712    11955    13812      3 : 9.95e+01  9.87e+01  5.46e-03
1 :         453 :      8     29 :   0  6      15   0  8      67 :    11955    13812    42769    43712      3 : 9.95e+01  9.87e+01  3.56e-03
1 :        1598 :     30      8 :   0  8      68   0  6      15 :    43713    45403    11955    13812      4 : 9.95e+01  9.88e+01  5.98e-03
1 :         454 :      8     30 :   0  6      15   0  8      68 :    11955    13812    43713    45403      4 : 9.95e+01  9.86e+01  4.22e-03
1 :        1651 :     31      8 :   0  8      71   0  6      15 :    45404    47057    11955    13812      5 : 9.94e+01  9.85e+01  6.30e-03
1 :         455 :      8     31 :   0  6      15   0  8      71 :    11955    13812    45404    47057      5 : 9.94e+01  9.86e+01  4.35e-03
1 :        1704 :     32      8 :   0  8      72   0  6      15 :    47058    49013    11955    13812      6 : 9.94e+01  9.85e+01  6.73e-03
1 :         456 :      8     32 :   0  6      15   0  8      72 :    11955    13812    47058    49013      6 : 9.94e+01  9.85e+01  4.95e-03
1 :        1757 :     33      8 :   0  8      73   0  6      15 :    49014    49752    11955    13812      3 : 9.94e+01  9.89e+01  5.23e-03
1 :         457 :      8     33 :   0  6      15   0  8      73 :    11955    13812    49014    49752      3 : 9.94e+01  9.87e+01  3.17e-03
1 :        1810 :     34      8 :   0  8      74   0  6      15 :    49753    51606    11955    13812      3 : 9.97e+01  9.87e+01  5.80e-03
1 :         458 :      8     34 :   0  6      15   0  8      74 :    11955    13812    49753    51606      3 : 9.97e+01  9.88e+01  3.83e-03
1 :        1863 :     35      8 :   0  8      75   0  6      15 :    51607    53340    11955    13812      3 : 9.97e+01  9.90e+01  5.53e-03
1 :         459 :      8     35 :   0  6      15   0  8      75 :    11955    13812    51607    53340      3 : 9.97e+01  9.89e+01  3.69e-03
1 :        1916 :     36      8 :   0  8      76   0  6      15 :    53341    54448    11955    13812      3 : 9.96e+01  9.90e+01  5.34e-03
1 :         460 :      8     36 :   0  6      15   0  8      76 :    11955    13812    53341    54448      3 : 9.96e+01  9.88e+01  3.26e-03
1 :        1969 :     37      8 :   0  8      77   0  6      15 :    54449    56151    11955    13812      4 : 9.95e+01  9.86e+01  6.01e-03
1 :         461 :      8     37 :   0  6      15   0  8      77 :    11955    13812    54449    56151      4 : 9.95e+01  9.86e+01  4.11e-03
1 :        2022 :     38      8 :   0  8      78   0  6      15 :    56152    58105    11955    13812      5 : 9.95e+01  9.87e+01  6.27e-03
1 :         462 :      8     38 :   0  6      15   0  8      78 :    11955    13812    56152    58105      5 : 9.95e+01  9.87e+01  4.42e-03
1 :        2075 :     39      8 :   0  8      83   0  6      15 :    58106    60074    11955    13812      6 : 9.94e+01  9.84e+01  6.81e-03
1 :         463 :      8     39 :   0  6      15   0  8      83 :    11955    13812    58106    60074      6 : 9.94e+01  9.83e+01  4.80e-03
1 :        2128 :     40      8 :   0  8      84   0  6      15 :    60075    61735    11955    13812      6 : 9.93e+01  9.84e+01  6.71e-03
1 :         464 :      8     40 :   0  6      15   0  8      84 :    11955    13812    60075    61735      6 : 9.93e+01  9.83e+01  4.74e-03
0 :        2181 :     41      8 :   0  8      85   0  6      15 :    61736    62505    11955    13812      0 : 0.00e+00  0.00e+00  8.35e-02
0 :         465 :      8     41 :   0  6      15   0  8      85 :    11955    13812    61736    62505      0 : 0.00e+00  0.00e+00  5.35e-02
1 :        2234 :     42      8 :   0  8      86   0  6      15 :    62506    64201    11955    13812      6 : 9.93e+01  9.84e+01  6.66e-03
1 :         466 :      8     42 :   0  6      15   0  8      86 :    11955    13812    62506    64201      6 : 9.93e+01  9.84e+01  4.58e-03
1 :        2287 :     43      8 :   0  8      87   0  6      15 :    64202    65898    11955    13812      6 : 9.93e+01  9.84e+01  6.60e-03
1 :         467 :      8     43 :   0  6      15   0  8      87 :    11955    13812    64202    65898      6 : 9.93e+01  9.84e+01  4.56e-03
1 :        2340 :     44      8 :   0  8      88   0  6      15 :    65899    66838    11955    13812      5 : 9.92e+01  9.82e+01  5.63e-03
1 :         468 :      8     44 :   0  6      15   0  8      88 :    11955    13812    65899    66838      5 : 9.92e+01  9.84e+01  3.51e-03
1 :        2393 :     45      8 :   0  8      89   0  6      15 :    66839    68824    11955    13812      5 : 9.95e+01  9.86e+01  6.32e-03
1 :         469 :      8     45 :   0  6      15   0  8      89 :    11955    13812    66839    68824      5 : 9.95e+01  9.87e+01  4.39e-03
1 :        2446 :     46      8 :   0  8      90   0  6      15 :    68825    70511    11955    13812      5 : 9.94e+01  9.86e+01  6.13e-03
1 :         470 :      8     46 :   0  6      15   0  8      90 :    11955    13812    68825    70511      5 : 9.94e+01  9.86e+01  4.14e-03
1 :        2499 :     47      8 :   0  8      93   0  6      15 :    70512    72369    11955    13812      5 : 9.95e+01  9.87e+01  6.12e-03
1 :         471 :      8     47 :   0  6      15   0  8      93 :    11955    13812    70512    72369      5 : 9.95e+01  9.87e+01  4.11e-03
1 :        2552 :     48      8 :   0  8      94   0  6      15 :    72370    73108    11955    13812      4 : 9.92e+01  9.85e+01  5.41e-03
1 :         472 :      8     48 :   0  6      15   0  8      94 :    11955    13812    72370    73108      4 : 9.92e+01  9.85e+01  3.24e-03
1 :        2605 :     49      8 :   0  8      95   0  6      15 :    73109    74219    11955    13812      3 : 9.96e+01  9.87e+01  5.38e-03
1 :         473 :      8     49 :   0  6      15   0  8      95 :    11955    13812    73109    74219      3 : 9.96e+01  9.88e+01  3.30e-03
1 :        2658 :     50      8 :   0  8      96   0  6      15 :    74220    76059    11955    13812      3 : 9.97e+01  9.89e+01  5.66e-03
1 :         474 :      8     50 :   0  6      15   0  8      96 :    11955    13812    74220    76059      3 : 9.97e+01  9.89e+01  3.62e-03
1 :        2711 :     51      8 :   0  8      97   0  6      15 :    76060    77572    11955    13812      3 : 9.96e+01  9.90e+01  5.48e-03
1 :         475 :      8     51 :   0  6      15   0  8      97 :    11955    13812    76060    77572      3 : 9.96e+01  9.89e+01  3.44e-03
1 :        2764 :     52      8 :   0  8      98   0  6      15 :    77573    77654    11955    13812      3 : 9.62e+01  9.36e+01  5.01e-03
1 :         476 :      8     52 :   0  6      15   0  8      98 :    11955    13812    77573    77654      3 : 9.62e+01  9.36e+01  2.85e-03
0 :         486 :      9      9 :   0  6      16   0  6      16 :    13813    15162    13813    15162      0 : 0.00e+00  0.00e+00  3.24e-01
1 :         539 :     10      9 :   0  6      26   0  6      16 :    15163    17042    13813    15162      3 : 9.96e+01  9.89e+01  4.33e-03
1 :         487 :      9     10 :   0  6      16   0  6      26 :    13813    15162    15163    17042      3 : 9.96e+01  9.89e+01  3.04e-03
1 :         592 :     11      9 :   0  6      27   0  6      16 :    17043    18216    13813    15162      3 : 9.95e+01  9.89e+01  3.79e-03
1 :         488 :      9     11 :   0  6      16   0  6      27 :    13813    15162    17043    18216      3 : 9.95e+01  9.89e+01  2.51e-03
1 :         645 :     12      9 :   0  6      28   0  6      16 :    18217    20483    13813    15162      3 : 9.96e+01  9.91e+01  4.16e-03
1 :         489 :      9     12 :   0  6      16   0  6      28 :    13813    15162    18217    20483      3 : 9.96e+01  9.91e+01  2.95e-03
1 :         698 :     13      9 :   0  6      29   0  6      16 :    20484    22354    13813    15162      3 : 9.96e+01  9.87e+01  4.10e-03
1 :         490 :      9     13 :   0  6      16   0  6      29 :    13813    15162    20484    22354      3 : 9.96e+01  9.87e+01  2.83e-03
1 :         751 :     14      9 :   0  6      31   0  6      16 :    22355    24605    13813    15162      3 : 9.96e+01  9.89e+01  4.16e-03
1 :         491 :      9     14 :   0  6      16   0  6      31 :    13813    15162    22355    24605      3 : 9.96e+01  9.91e+01  2.92e-03
1 :         804 :     15      9 :   0  6      32   0  6      16 :    24606    25765    13813    15162      3 : 9.95e+01  9.87e+01  3.75e-03
1 :         492 :      9     15 :   0  6      16   0  6      32 :    13813    15162    24606    25765      3 : 9.95e+01  9.89e+01  2.40e-03
1 :         857 :     16      9 :   0  7      19   0  6      16 :    25766    27455    13813    15162     10 : 9.87e+01  9.87e+01  6.69e-02
1 :         493 :      9     16 :   0  6      16   0  7      19 :    13813    15162    25766    27455     10 : 9.87e+01  9.85e+01  6.09e-02
1 :         910 :     17      9 :   0  7      20   0  6      16 :    27456    28389    13813    15162      9 : 9.84e+01  9.82e+01  3.59e-02
1 :         494 :      9     17 :   0  6      16   0  7      20 :    13813    15162    27456    28389      8 : 9.86e+01  9.82e+01  3.37e-02
0 :         963 :     18      9 :   0  7      25   0  6      16 :    28390    30099    13813    15162      0 : 0.00e+00  0.00e+00  2.20e-01
0 :         495 :      9     18 :   0  6      16   0  7      25 :    13813    15162    28390    30099      0 : 0.00e+00  0.00e+00  1.82e-01
0 :        1016 :     19      9 :   0  7      26   0  6      16 :    30100    31020    13813    15162      0 : 0.00e+00  0.00e+00  1.21e-01
0 :         496 :      9     19 :   0  6      16   0  7      26 :    13813    15162    30100    31020      0 : 0.00e+00  0.00e+00  9.87e-02
1 :        1069 :     20      9 :   0  7      35   0  6      16 :    31021    32680    13813    15162      6 : 9.92e+01  9.85e+01  5.80e-02
1 :         497 :      9     20 :   0  6      16   0  7      35 :    13813    15162    31021    32680      9 : 9.88e+01  9.85e+01  5.67e-02
1 :        1122 :     21      9 :   0  7      40   0  6      16 :    32681    34410    13813    15162      3 : 9.96e+01  9.88e+01  4.29e-03
1 :         498 :      9     21 :   0  6      16   0  7      40 :    13813    15162    32681    34410      3 : 9.96e+01  9.88e+01  2.96e-03
0 :        1175 :     22      9 :   0  7      41   0  6      16 :    34411    36062    13813    15162      0 : 0.00e+00  0.00e+00  1.65e-01
0 :         499 :      9     22 :   0  6      16   0  7      41 :    13813    15162    34411    36062      0 : 0.00e+00  0.00e+00  1.34e-01
1 :        1228 :     23      9 :   0  7      46   0  6      16 :    36063    37795    13813    15162      3 : 9.96e+01  9.87e+01  4.32e-03
1 :         500 :      9     23 :   0  6      16   0  7      46 :    13813    15162    36063    37795      3 : 9.96e+01  9.88e+01  2.94e-03
1 :        1281 :     24      9 :   0  7      50   0  6      16 :    37796    38258    13813    15162      3 : 9.91e+01  9.83e+01  3.60e-03
1 :         501 :      9     24 :   0  6      16   0  7      50 :    13813    15162    37796    38258      3 : 9.91e+01  9.83e+01  2.21e-03
1 :        1334 :     25      9 :   0  7      59   0  6      16 :    38259    39857    13813    15162      3 : 9.96e+01  9.86e+01  3.97e-03
1 :         502 :      9     25 :   0  6      16   0  7      59 :    13813    15162    38259    39857      3 : 9.96e+01  9.86e+01  2.65e-03
1 :        1387 :     26      9 :   0  7      60   0  6      16 :    39858    40314    13813    15162      3 : 9.91e+01  9.79e+01  3.56e-03
1 :         503 :      9     26 :   0  6      16   0  7      60 :    13813    15162    39858    40314      3 : 9.91e+01  9.79e+01  2.13e-03
1 :        1440 :     27      9 :   0  8      65   0  6      16 :    40315    42013    13813    15162      4 : 9.95e+01  9.88e+01  5.12e-03
1 :         504 :      9     27 :   0  6      16   0  8      65 :    13813    15162    40315    42013      4 : 9.95e+01  9.88e+01  4.06e-03
1 :        1493 :     28      9 :   0  8      66   0  6      16 :    42014    42768    13813    15162      3 : 9.94e+01  9.86e+01  4.52e-03
1 :         505 :      9     28 :   0  6      16   0  8      66 :    13813    15162    42014    42768      3 : 9.94e+01  9.83e+01  3.74e-03
1 :        1546 :     29      9 :   0  8      67   0  6      16 :    42769    43712    13813    15162      3 : 9.95e+01  9.86e+01  3.77e-03
1 :         506 :      9     29 :   0  6      16   0  8      67 :    13813    15162    42769    43712      3 : 9.95e+01  9.87e+01  2.44e-03
1 :        1599 :     30      9 :   0  8      68   0  6      16 :    43713    45403    13813    15162      3 : 9.96e+01  9.87e+01  4.11e-03
1 :         507 :      9     30 :   0  6      16   0  8      68 :    13813    15162    43713    45403      3 : 9.96e+01  9.88e+01  2.87e-03
1 :        1652 :     31      9 :   0  8      71   0  6      16 :    45404    47057    13813    15162      4 : 9.95e+01  9.87e+01  4.29e-03
1 :         508 :      9     31 :   0  6      16   0  8      71 :    13813    15162    45404    47057      4 : 9.95e+01  9.85e+01  3.14e-03
1 :        1705 :     32      9 :   0  8      72   0  6      16 :    47058    49013    13813    15162      5 : 9.94e+01  9.86e+01  4.64e-03
1 :         509 :      9     32 :   0  6      16   0  8      72 :    13813    15162    47058    49013      5 : 9.94e+01  9.87e+01  3.52e-03
1 :        1758 :     33      9 :   0  8      73   0  6      16 :    49014    49752    13813    15162      3 : 9.94e+01  9.87e+01  3.63e-03
1 :         510 :      9     33 :   0  6      16   0  8      73 :    13813    15162    49014    49752      3 : 9.94e+01  9.87e+01  2.23e-03
1 :        1811 :     34      9 :   0  8      74   0  6      16 :    49753    51606    13813    15162      3 : 9.96e+01  9.87e+01  4.05e-03
1 :         511 :      9     34 :   0  6      16   0  8      74 :    13813    15162    49753    51606      3 : 9.96e+01  9.88e+01  2.84e-03
1 :        1864 :     35      9 :   0  8      75   0  6      16 :    51607    53340    13813    15162      3 : 9.96e+01  9.89e+01  3.92e-03
1 :         512 :      9     35 :   0  6      16   0  8      75 :    13813    15162    51607    53340      3 : 9.96e+01  9.89e+01  2.65e-03
1 :        1917 :     36      9 :   0  8      76   0  6      16 :    53341    54448    13813    15162      3 : 9.95e+01  9.88e+01  3.73e-03
1 :         513 :      9     36 :   0  6      16   0  8      76 :    13813    15162    53341    54448      3 : 9.95e+01  9.88e+01  2.35e-03
1 :        1970 :     37      9 :   0  8      77   0  6      16 :    54449    56151    13813    15162      3 : 9.96e+01  9.87e+01  4.08e-03
1 :         514 :      9     37 :   0  6      16   0  8      77 :    13813    15162    54449    56151      3 : 9.96e+01  9.87e+01  2.84e-03
1 :        2023 :     38      9 :   0  8      78   0  6      16 :    56152    58105    13813    15162      4 : 9.95e+01  9.87e+01  4.40e-03
1 :         515 :      9     38 :   0  6      16   0  8      78 :    13813    15162    56152    58105      4 : 9.95e+01  9.87e+01  3.23e-03
1 :        2076 :     39      9 :   0  8      83   0  6      16 :    58106    60074    13813    15162      5 : 9.94e+01  9.86e+01  4.81e-03
1 :         516 :      9     39 :   0  6      16   0  8      83 :    13813    15162    58106    60074      6 : 9.93e+01  9.85e+01  3.62e-03
1 :        2129 :     40      9 :   0  8      84   0  6      16 :    60075    61735    13813    15162      6 : 9.92e+01  9.83e+01  4.87e-03
1 :         517 :      9     40 :   0  6      16   0  8      84 :    13813    15162    60075    61735      6 : 9.92e+01  9.84e+01  3.61e-03
0 :        2182 :     41      9 :   0  8      85   0  6      16 :    61736    62505    13813    15162      0 : 0.00e+00  0.00e+00  7.89e-02
0 :         518 :      9     41 :   0  6      16   0  8      85 :    13813    15162    61736    62505      0 : 0.00e+00  0.00e+00  6.30e-02
0 :        2235 :     42      9 :   0  8      86   0  6      16 :    62506    64201    13813    15162      0 : 0.00e+00  0.00e+00  1.27e-01
0 :         519 :      9     42 :   0  6      16   0  8      86 :    13813    15162    62506    64201      0 : 0.00e+00  0.00e+00  9.36e-02
1 :        2288 :     43      9 :   0  8      87   0  6      16 :    64202    65898    13813    15162      6 : 9.92e+01  9.81e+01  5.21e-03
1 :         520 :      9     43 :   0  6      16   0  8      87 :    13813    15162    64202    65898      6 : 9.92e+01  9.81e+01  4.02e-03
1 :        2341 :     44      9 :   0  8      88   0  6      16 :    65899    66838    13813    15162      6 : 9.89e+01  9.77e+01  4.28e-03
1 :         521 :      9     44 :   0  6      16   0  8      88 :    13813    15162    65899    66838      6 : 9.89e+01  9.80e+01  3.08e-03
1 :        2394 :     45      9 :   0  8      89   0  6      16 :    66839    68824    13813    15162      5 : 9.94e+01  9.88e+01  4.56e-03
1 :         522 :      9     45 :   0  6      16   0  8      89 :    13813    15162    66839    68824      5 : 9.94e+01  9.86e+01  3.40e-03
1 :        2447 :     46      9 :   0  8      90   0  6      16 :    68825    70511    13813    15162      5 : 9.93e+01  9.85e+01  4.39e-03
1 :         523 :      9     46 :   0  6      16   0  8      90 :    13813    15162    68825    70511      5 : 9.93e+01  9.85e+01  3.21e-03
1 :        2500 :     47      9 :   0  8      93   0  6      16 :    70512    72369    13813    15162      5 : 9.94e+01  9.86e+01  4.58e-03
1 :         524 :      9     47 :   0  6      16   0  8      93 :    13813    15162    70512    72369      5 : 9.94e+01  9.86e+01  3.25e-03
1 :        2553 :     48      9 :   0  8      94   0  6      16 :    72370    73108    13813    15162      5 : 9.90e+01  9.83e+01  3.88e-03
1 :         525 :      9     48 :   0  6      16   0  8      94 :    13813    15162    72370    73108      5 : 9.90e+01  9.81e+01  2.54e-03
1 :        2606 :     49      9 :   0  8      95   0  6      16 :    73109    74219    13813    15162      3 : 9.95e+01  9.85e+01  3.78e-03
1 :         526 :      9     49 :   0  6      16   0  8      95 :    13813    15162    73109    74219      3 : 9.95e+01  9.87e+01  2.39e-03
1 :        2659 :     50      9 :   0  8      96   0  6      16 :    74220    76059    13813    15162      3 : 9.96e+01  9.87e+01  4.08e-03
1 :         527 :      9     50 :   0  6      16   0  8      96 :    13813    15162    74220    76059      3 : 9.96e+01  9.87e+01  2.75e-03
1 :        2712 :     51      9 :   0  8      97   0  6      16 :    76060    77572    13813    15162      3 : 9.96e+01  9.89e+01  3.84e-03
1 :         528 :      9     51 :   0  6      16   0  8      97 :    13813    15162    76060    77572      3 : 9.96e+01  9.89e+01  2.55e-03
1 :        2765 :     52      9 :   0  8      98   0  6      16 :    77573    77654    13813    15162      3 : 9.61e+01  9.35e+01  3.41e-03
1 :         529 :      9     52 :   0  6      16   0  8      98 :    13813    15162    77573    77654      3 : 9.61e+01  9.35e+01  1.92e-03
0 :         540 :     10     10 :   0  6      26   0  6      26 :    15163    17042    15163    17042      0 : 0.00e+00  0.00e+00  6.43e-01
0 :         593 :     11     10 :   0  6      27   0  6      26 :    17043    18216    15163    17042      0 : 0.00e+00  0.00e+00  1.45e-01
0 :         541 :     10     11 :   0  6      26   0  6      27 :    15163    17042    17043    18216      0 : 0.00e+00  0.00e+00  9.76e-02
0 :         646 :     12     10 :   0  6      28   0  6      26 :    18217    20483    15163    17042      0 : 0.00e+00  0.00e+00  2.79e-01
0 :         542 :     10     12 :   0  6      26   0  6      28 :    15163    17042    18217    20483      0 : 0.00e+00  0.00e+00  1.88e-01
0 :         699 :     13     10 :   0  6      29   0  6      26 :    20484    22354    15163    17042      0 : 0.00e+00  0.00e+00  2.28e-01
0 :         543 :     10     13 :   0  6      26   0  6      29 :    15163    17042    20484    22354      0 : 0.00e+00  0.00e+00  1.55e-01
0 :         752 :     14     10 :   0  6      31   0  6      26 :    22355    24605    15163    17042      0 : 0.00e+00  0.00e+00  2.73e-01
0 :         544 :     10     14 :   0  6      26   0  6      31 :    15163    17042    22355    24605      0 : 0.00e+00  0.00e+00  1.87e-01
1 :         805 :     15     10 :   0  6      32   0  6      26 :    24606    25765    15163    17042      5 : 9.93e+01  9.86e+01  3.36e-03
1 :         545 :     10     15 :   0  6      26   0  6      32 :    15163    17042    24606    25765      5 : 9.93e+01  9.86e+01  1.68e-03
1 :         858 :     16     10 :   0  7      19   0  6      26 :    25766    27455    15163    17042      3 : 9.97e+01  9.89e+01  8.18e-03
1 :         546 :     10     16 :   0  6      26   0  7      19 :    15163    17042    25766    27455      3 : 9.97e+01  9.90e+01  7.49e-03
1 :         911 :     17     10 :   0  7      20   0  6      26 :    27456    28389    15163    17042      4 : 9.94e+01  9.89e+01  4.84e-03
1 :         547 :     10     17 :   0  6      26   0  7      20 :    15163    17042    27456    28389      4 : 9.94e+01  9.87e+01  3.96e-03
1 :         964 :     18     10 :   0  7      25   0  6      26 :    28390    30099    15163    17042      3 : 9.97e+01  9.89e+01  8.24e-03
1 :         548 :     10     18 :   0  6      26   0  7      25 :    15163    17042    28390    30099      3 : 9.97e+01  9.89e+01  7.62e-03
1 :        1017 :     19     10 :   0  7      26   0  6      26 :    30100    31020    15163    17042      3 : 9.95e+01  9.87e+01  4.71e-03
1 :         549 :     10     19 :   0  6      26   0  7      26 :    15163    17042    30100    31020      3 : 9.95e+01  9.87e+01  3.81e-03
1 :        1070 :     20     10 :   0  7      35   0  6      26 :    31021    32680    15163    17042      4 : 9.95e+01  9.88e+01  6.07e-03
1 :         550 :     10     20 :   0  6      26   0  7      35 :    15163    17042    31021    32680      4 : 9.95e+01  9.86e+01  5.52e-03
0 :        1123 :     21     10 :   0  7      40   0  6      26 :    32681    34410    15163    17042      0 : 0.00e+00  0.00e+00  2.09e-01
0 :         551 :     10     21 :   0  6      26   0  7      40 :    15163    17042    32681    34410      0 : 0.00e+00  0.00e+00  1.43e-01
1 :        1176 :     22     10 :   0  7      41   0  6      26 :    34411    36062    15163    17042      4 : 9.95e+01  9.87e+01  5.98e-03
1 :         552 :     10     22 :   0  6      26   0  7      41 :    15163    17042    34411    36062      4 : 9.95e+01  9.89e+01  5.17e-03
0 :        1229 :     23     10 :   0  7      46   0  6      26 :    36063    37795    15163    17042      0 : 0.00e+00  0.00e+00  2.49e-01
0 :         553 :     10     23 :   0  6      26   0  7      46 :    15163    17042    36063    37795      0 : 0.00e+00  0.00e+00  1.91e-01
0 :        1282 :     24     10 :   0  7      50   0  6      26 :    37796    38258    15163    17042      0 : 0.00e+00  0.00e+00  6.17e-02
0 :         554 :     10     24 :   0  6      26   0  7      50 :    15163    17042    37796    38258      0 : 0.00e+00  0.00e+00  3.85e-02
1 :        1335 :     25     10 :   0  7      59   0  6      26 :    38259    39857    15163    17042      5 : 9.94e+01  9.87e+01  3.47e-03
1 :         555 :     10     25 :   0  6      26   0  7      59 :    15163    17042    38259    39857      5 : 9.94e+01  9.87e+01  2.01e-03
1 :        1388 :     26     10 :   0  7      60   0  6      26 :    39858    40314    15163    17042      5 : 9.86e+01  9.76e+01  2.67e-03
1 :         556 :     10     26 :   0  6      26   0  7      60 :    15163    17042    39858    40314      5 : 9.86e+01  9.76e+01  1.25e-03
1 :        1441 :     27     10 :   0  8      65   0  6      26 :    40315    42013    15163    17042      3 : 9.97e+01  9.88e+01  3.75e-03
1 :         557 :     10     27 :   0  6      26   0  8      65 :    15163    17042    40315    42013      3 : 9.97e+01  9.88e+01  2.73e-03
1 :        1494 :     28     10 :   0  8      66   0  6      26 :    42014    42768    15163    17042      4 : 9.93e+01  9.85e+01  3.36e-03
1 :         558 :     10     28 :   0  6      26   0  8      66 :    15163    17042    42014    42768      4 : 9.93e+01  9.85e+01  2.12e-03
1 :        1547 :     29     10 :   0  8      67   0  6      26 :    42769    43712    15163    17042      4 : 9.94e+01  9.86e+01  2.83e-03
1 :         559 :     10     29 :   0  6      26   0  8      67 :    15163    17042    42769    43712      4 : 9.94e+01  9.84e+01  1.41e-03
1 :        1600 :     30     10 :   0  8      68   0  6      26 :    43713    45403    15163    17042      5 : 9.94e+01  9.87e+01  3.49e-03
1 :         560 :     10     30 :   0  6      26   0  8      68 :    15163    17042    43713    45403      5 : 9.94e+01  9.87e+01  2.21e-03
1 :        1653 :     31     10 :   0  8      71   0  6      26 :    45404    47057    15163    17042      5 : 9.94e+01  9.86e+01  3.38e-03
1 :         561 :     10     31 :   0  6      26   0  8      71 :    15163    17042    45404    47057      5 : 9.94e+01  9.85e+01  2.32e-03
1 :        1706 :     32     10 :   0  8      72   0  6      26 :    47058    49013    15163    17042      5 : 9.95e+01  9.87e+01  3.58e-03
1 :         562 :     10     32 :   0  6      26   0  8      72 :    15163    17042    47058    49013      5 : 9.95e+01  9.87e+01  2.43e-03
1 :        1759 :     33     10 :   0  8      73   0  6      26 :    49014    49752    15163    17042      5 : 9.91e+01  9.81e+01  2.79e-03
1 :         563 :     10     33 :   0  6      26   0  8      73 :    15163    17042    49014    49752      5 : 9.91e+01  9.81e+01  1.41e-03
1 :        1812 :     34     10 :   0  8      74   0  6      26 :    49753    51606    15163    17042      6 : 9.94e+01  9.85e+01  4.01e-03
1 :         564 :     10     34 :   0  6      26   0  8      74 :    15163    17042    49753    51606      6 : 9.94e+01  9.85e+01  2.63e-03
1 :        1865 :     35     10 :   0  8      75   0  6      26 :    51607    53340    15163    17042      6 : 9.93e+01  9.83e+01  3.92e-03
1 :         565 :     10     35 :   0  6      26   0  8      75 :    15163    17042    51607    53340      6 : 9.93e+01  9.84e+01  2.56e-03
0 :        1918 :     36     10 :   0  8      76   0  6      26 :    53341    54448    15163    17042      0 : 0.00e+00  0.00e+00  1.34e-01
0 :         566 :     10     36 :   0  6      26   0  8      76 :    15163    17042    53341    54448      0 : 0.00e+00  0.00e+00  9.21e-02
1 :        1971 :     37     10 :   0  8      77   0  6      26 :    54449    56151    15163    17042      6 : 9.93e+01  9.83e+01  4.08e-03
1 :         567 :     10     37 :   0  6      26   0  8      77 :    15163    17042    54449    56151      6 : 9.93e+01  9.82e+01  2.67e-03
1 :        2024 :     38     10 :   0  8      78   0  6      26 :    56152    58105    15163    17042      6 : 9.94e+01  9.83e+01  4.19e-03
1 :         568 :     10     38 :   0  6      26   0  8      78 :    15163    17042    56152    58105      6 : 9.94e+01  9.85e+01  2.80e-03
1 :        2077 :     39     10 :   0  8      83   0  6      26 :    58106    60074    15163    17042      5 : 9.95e+01  9.88e+01  3.59e-03
1 :         569 :     10     39 :   0  6      26   0  8      83 :    15163    17042    58106    60074      5 : 9.95e+01  9.88e+01  2.37e-03
1 :        2130 :     40     10 :   0  8      84   0  6      26 :    60075    61735    15163    17042      4 : 9.95e+01  9.86e+01  3.24e-03
1 :         570 :     10     40 :   0  6      26   0  8      84 :    15163    17042    60075    61735      4 : 9.95e+01  9.88e+01  1.94e-03
1 :        2183 :     41     10 :   0  8      85   0  6      26 :    61736    62505    15163    17042      3 : 9.95e+01  9.87e+01  3.15e-03
1 :         571 :     10     41 :   0  6      26   0  8      85 :    15163    17042    61736    62505      3 : 9.95e+01  9.87e+01  2.02e-03
1 :        2236 :     42     10 :   0  8      86   0  6      26 :    62506    64201    15163    17042      3 : 9.97e+01  9.88e+01  3.78e-03
1 :         572 :     10     42 :   0  6      26   0  8      86 :    15163    17042    62506    64201      3 : 9.97e+01  9.89e+01  2.55e-03
1 :        2289 :     43     10 :   0  8      87   0  6      26 :    64202    65898    15163    17042      3 : 9.97e+01  9.87e+01  3.05e-03
1 :         573 :     10     43 :   0  6      26   0  8      87 :    15163    17042    64202    65898      3 : 9.97e+01  9.88e+01  1.68e-03
1 :        2342 :     44     10 :   0  8      88   0  6      26 :    65899    66838    15163    17042      3 : 9.95e+01  9.87e+01  2.52e-03
1 :         574 :     10     44 :   0  6      26   0  8      88 :    15163    17042    65899    66838      3 : 9.95e+01  9.87e+01  1.16e-03
1 :        2395 :     45     10 :   0  8      89   0  6      26 :    66839    68824    15163    17042      6 : 9.94e+01  9.88e+01  3.91e-03
1 :         575 :     10     45 :   0  6      26   0  8      89 :    15163    17042    66839    68824      6 : 9.94e+01  9.87e+01  2.73e-03
1 :        2448 :     46     10 :   0  8      90   0  6      26 :    68825    70511    15163    17042      5 : 9.94e+01  9.87e+01  3.39e-03
1 :         576 :     10     46 :   0  6      26   0  8      90 :    15163    17042    68825    70511      5 : 9.94e+01  9.87e+01  2.14e-03
1 :        2501 :     47     10 :   0  8      93   0  6      26 :    70512    72369    15163    17042      4 : 9.96e+01  9.88e+01  3.30e-03
1 :         577 :     10     47 :   0  6      26   0  8      93 :    15163    17042    70512    72369      4 : 9.96e+01  9.88e+01  1.96e-03
1 :        2554 :     48     10 :   0  8      94   0  6      26 :    72370    73108    15163    17042      3 : 9.94e+01  9.87e+01  2.41e-03
1 :         578 :     10     48 :   0  6      26   0  8      94 :    15163    17042    72370    73108      3 : 9.94e+01  9.87e+01  1.02e-03
1 :        2607 :     49     10 :   0  8      95   0  6      26 :    73109    74219    15163    17042      5 : 9.93e+01  9.86e+01  2.94e-03
1 :         579 :     10     49 :   0  6      26   0  8      95 :    15163    17042    73109    74219      5 : 9.93e+01  9.87e+01  1.57e-03
1 :        2660 :     50     10 :   0  8      96   0  6      26 :    74220    76059    15163    17042      3 : 9.97e+01  9.88e+01  2.94e-03
1 :         580 :     10     50 :   0  6      26   0  8      96 :    15163    17042    74220    76059      3 : 9.97e+01  9.88e+01  1.64e-03
1 :        2713 :     51     10 :   0  8      97   0  6      26 :    76060    77572    15163    17042      8 : 9.90e+01  9.82e+01  4.23e-03
1 :         581 :     10     51 :   0  6      26   0  8      97 :    15163    17042    76060    77572      8 : 9.90e+01  9.81e+01  2.82e-03
0 :        2766 :     52     10 :   0  8      98   0  6      26 :    77573    77654    15163    17042      0 : 0.00e+00  0.00e+00  1.28e-02
0 :         582 :     10     52 :   0  6      26   0  8      98 :    15163    17042    77573    77654      0 : 0.00e+00  0.00e+00  6.98e-03
0 :         594 :     11     11 :   0  6      27   0  6      27 :    17043    18216    17043    18216      0 : 0.00e+00  0.00e+00  2.12e-01
0 :         647 :     12     11 :   0  6      28   0  6      27 :    18217    20483    17043    18216      0 : 0.00e+00  0.00e+00  2.20e-01
0 :         595 :     11     12 :   0  6      27   0  6      28 :    17043    18216    18217    20483      0 : 0.00e+00  0.00e+00  1.81e-01
1 :         700 :     13     11 :   0  6      29   0  6      27 :    20484    22354    17043    18216      8 : 9.89e+01  9.86e+01  5.70e-02
1 :         596 :     11     13 :   0  6      27   0  6      29 :    17043    18216    20484    22354      7 : 9.90e+01  9.85e+01  5.34e-02
1 :         753 :     14     11 :   0  6      31   0  6      27 :    22355    24605    17043    18216      7 : 9.91e+01  9.84e+01  6.68e-02
1 :         597 :     11     14 :   0  6      27   0  6      31 :    17043    18216    22355    24605      8 : 9.90e+01  9.86e+01  6.40e-02
1 :         806 :     15     11 :   0  6      32   0  6      27 :    24606    25765    17043    18216      4 : 9.93e+01  9.83e+01  2.93e-03
1 :         598 :     11     15 :   0  6      27   0  6      32 :    17043    18216    24606    25765      4 : 9.93e+01  9.85e+01  2.14e-03
1 :         859 :     16     11 :   0  7      19   0  6      27 :    25766    27455    17043    18216      3 : 9.96e+01  9.90e+01  7.84e-03
1 :         599 :     11     16 :   0  6      27   0  7      19 :    17043    18216    25766    27455      3 : 9.96e+01  9.90e+01  7.98e-03
1 :         912 :     17     11 :   0  7      20   0  6      27 :    27456    28389    17043    18216      3 : 9.94e+01  9.87e+01  4.53e-03
1 :         600 :     11     17 :   0  6      27   0  7      20 :    17043    18216    27456    28389      3 : 9.94e+01  9.87e+01  4.43e-03
1 :         965 :     18     11 :   0  7      25   0  6      27 :    28390    30099    17043    18216      3 : 9.96e+01  9.90e+01  7.94e-03
1 :         601 :     11     18 :   0  6      27   0  7      25 :    17043    18216    28390    30099      3 : 9.96e+01  9.90e+01  8.04e-03
1 :        1018 :     19     11 :   0  7      26   0  6      27 :    30100    31020    17043    18216      3 : 9.94e+01  9.86e+01  4.49e-03
1 :         602 :     11     19 :   0  6      27   0  7      26 :    17043    18216    30100    31020      3 : 9.94e+01  9.86e+01  4.28e-03
1 :        1071 :     20     11 :   0  7      35   0  6      27 :    31021    32680    17043    18216      3 : 9.96e+01  9.88e+01  5.48e-03
1 :         603 :     11     20 :   0  6      27   0  7      35 :    17043    18216    31021    32680      3 : 9.96e+01  9.90e+01  5.59e-03
1 :        1124 :     21     11 :   0  7      40   0  6      27 :    32681    34410    17043    18216      8 : 9.89e+01  9.86e+01  7.67e-02
1 :         604 :     11     21 :   0  6      27   0  7      40 :    17043    18216    32681    34410      8 : 9.89e+01  9.86e+01  4.96e-02
1 :        1177 :     22     11 :   0  7      41   0  6      27 :    34411    36062    17043    18216      3 : 9.96e+01  9.88e+01  5.49e-03
1 :         605 :     11     22 :   0  6      27   0  7      41 :    17043    18216    34411    36062      3 : 9.96e+01  9.90e+01  5.61e-03
1 :        1230 :     23     11 :   0  7      46   0  6      27 :    36063    37795    17043    18216      6 : 9.91e+01  9.87e+01  5.09e-02
1 :         606 :     11     23 :   0  6      27   0  7      46 :    17043    18216    36063    37795      6 : 9.91e+01  9.87e+01  4.92e-02
0 :        1283 :     24     11 :   0  7      50   0  6      27 :    37796    38258    17043    18216      0 : 0.00e+00  0.00e+00  4.98e-02
0 :         607 :     11     24 :   0  6      27   0  7      50 :    17043    18216    37796    38258      0 : 0.00e+00  0.00e+00  3.82e-02
1 :        1336 :     25     11 :   0  7      59   0  6      27 :    38259    39857    17043    18216      3 : 9.96e+01  9.88e+01  2.78e-03
1 :         608 :     11     25 :   0  6      27   0  7      59 :    17043    18216    38259    39857      3 : 9.96e+01  9.88e+01  2.02e-03
1 :        1389 :     26     11 :   0  7      60   0  6      27 :    39858    40314    17043    18216      3 : 9.91e+01  9.76e+01  2.23e-03
1 :         609 :     11     26 :   0  6      27   0  7      60 :    17043    18216    39858    40314      3 : 9.91e+01  9.76e+01  1.34e-03
1 :        1442 :     27     11 :   0  8      65   0  6      27 :    40315    42013    17043    18216      3 : 9.96e+01  9.90e+01  3.46e-03
1 :         610 :     11     27 :   0  6      27   0  8      65 :    17043    18216    40315    42013      3 : 9.96e+01  9.88e+01  3.03e-03
1 :        1495 :     28     11 :   0  8      66   0  6      27 :    42014    42768    17043    18216      3 : 9.93e+01  9.87e+01  3.03e-03
1 :         611 :     11     28 :   0  6      27   0  8      66 :    17043    18216    42014    42768      3 : 9.93e+01  9.87e+01  2.44e-03
1 :        1548 :     29     11 :   0  8      67   0  6      27 :    42769    43712    17043    18216      3 : 9.94e+01  9.85e+01  2.43e-03
1 :         612 :     11     29 :   0  6      27   0  8      67 :    17043    18216    42769    43712      3 : 9.94e+01  9.85e+01  1.57e-03
1 :        1601 :     30     11 :   0  8      68   0  6      27 :    43713    45403    17043    18216      3 : 9.96e+01  9.87e+01  2.65e-03
1 :         613 :     11     30 :   0  6      27   0  8      68 :    17043    18216    43713    45403      3 : 9.96e+01  9.87e+01  1.95e-03
1 :        1654 :     31     11 :   0  8      71   0  6      27 :    45404    47057    17043    18216      3 : 9.96e+01  9.87e+01  2.61e-03
1 :         614 :     11     31 :   0  6      27   0  8      71 :    17043    18216    45404    47057      3 : 9.96e+01  9.88e+01  1.87e-03
1 :        1707 :     32     11 :   0  8      72   0  6      27 :    47058    49013    17043    18216      3 : 9.96e+01  9.90e+01  2.69e-03
1 :         615 :     11     32 :   0  6      27   0  8      72 :    17043    18216    47058    49013      3 : 9.96e+01  9.88e+01  2.04e-03
1 :        1760 :     33     11 :   0  8      73   0  6      27 :    49014    49752    17043    18216      3 : 9.93e+01  9.82e+01  2.30e-03
1 :         616 :     11     33 :   0  6      27   0  8      73 :    17043    18216    49014    49752      3 : 9.93e+01  9.85e+01  1.33e-03
1 :        1813 :     34     11 :   0  8      74   0  6      27 :    49753    51606    17043    18216      4 : 9.94e+01  9.87e+01  3.00e-03
1 :         617 :     11     34 :   0  6      27   0  8      74 :    17043    18216    49753    51606      4 : 9.94e+01  9.86e+01  2.20e-03
1 :        1866 :     35     11 :   0  8      75   0  6      27 :    51607    53340    17043    18216      5 : 9.93e+01  9.86e+01  3.10e-03
1 :         618 :     11     35 :   0  6      27   0  8      75 :    17043    18216    51607    53340      5 : 9.93e+01  9.87e+01  2.20e-03
1 :        1919 :     36     11 :   0  8      76   0  6      27 :    53341    54448    17043    18216      7 : 9.88e+01  9.84e+01  3.27e-02
1 :         619 :     11     36 :   0  6      27   0  8      76 :    17043    18216    53341    54448      7 : 9.88e+01  9.84e+01  3.22e-02
1 :        1972 :     37     11 :   0  8      77   0  6      27 :    54449    56151    17043    18216      4 : 9.94e+01  9.86e+01  2.92e-03
1 :         620 :     11     37 :   0  6      27   0  8      77 :    17043    18216    54449    56151      4 : 9.94e+01  9.86e+01  2.25e-03
1 :        2025 :     38     11 :   0  8      78   0  6      27 :    56152    58105    17043    18216      3 : 9.96e+01  9.89e+01  2.82e-03
1 :         621 :     11     38 :   0  6      27   0  8      78 :    17043    18216    56152    58105      3 : 9.96e+01  9.86e+01  2.36e-03
1 :        2078 :     39     11 :   0  8      83   0  6      27 :    58106    60074    17043    18216      3 : 9.96e+01  9.89e+01  2.73e-03
1 :         622 :     11     39 :   0  6      27   0  8      83 :    17043    18216    58106    60074      3 : 9.96e+01  9.90e+01  2.07e-03
1 :        2131 :     40     11 :   0  8      84   0  6      27 :    60075    61735    17043    18216      3 : 9.96e+01  9.88e+01  2.62e-03
1 :         623 :     11     40 :   0  6      27   0  8      84 :    17043    18216    60075    61735      3 : 9.96e+01  9.88e+01  1.85e-03
1 :        2184 :     41     11 :   0  8      85   0  6      27 :    61736    62505    17043    18216      3 : 9.94e+01  9.87e+01  2.95e-03
1 :         624 :     11     41 :   0  6      27   0  8      85 :    17043    18216    61736    62505      3 : 9.94e+01  9.87e+01  2.37e-03
1 :        2237 :     42     11 :   0  8      86   0  6      27 :    62506    64201    17043    18216      3 : 9.96e+01  9.90e+01  3.50e-03
1 :         625 :     11     42 :   0  6      27   0  8      86 :    17043    18216    62506    64201      3 : 9.96e+01  9.90e+01  2.88e-03
1 :        2290 :     43     11 :   0  8      87   0  6      27 :    64202    65898    17043    18216      3 : 9.96e+01  9.90e+01  2.65e-03
1 :         626 :     11     43 :   0  6      27   0  8      87 :    17043    18216    64202    65898      3 : 9.96e+01  9.90e+01  1.93e-03
1 :        2343 :     44     11 :   0  8      88   0  6      27 :    65899    66838    17043    18216      3 : 9.94e+01  9.87e+01  2.34e-03
1 :         627 :     11     44 :   0  6      27   0  8      88 :    17043    18216    65899    66838      3 : 9.94e+01  9.87e+01  1.44e-03
1 :        2396 :     45     11 :   0  8      89   0  6      27 :    66839    68824    17043    18216      3 : 9.96e+01  9.89e+01  2.77e-03
1 :         628 :     11     45 :   0  6      27   0  8      89 :    17043    18216    66839    68824      3 : 9.96e+01  9.88e+01  2.05e-03
1 :        2449 :     46     11 :   0  8      90   0  6      27 :    68825    70511    17043    18216      3 : 9.96e+01  9.88e+01  2.60e-03
1 :         629 :     11     46 :   0  6      27   0  8      90 :    17043    18216    68825    70511      3 : 9.96e+01  9.88e+01  1.84e-03
1 :        2502 :     47     11 :   0  8      93   0  6      27 :    70512    72369    17043    18216      3 : 9.96e+01  9.89e+01  2.67e-03
1 :         630 :     11     47 :   0  6      27   0  8      93 :    17043    18216    70512    72369      3 : 9.96e+01  9.89e+01  1.90e-03
1 :        2555 :     48     11 :   0  8      94   0  6      27 :    72370    73108    17043    18216      3 : 9.93e+01  9.85e+01  2.23e-03
1 :         631 :     11     48 :   0  6      27   0  8      94 :    17043    18216    72370    73108      3 : 9.93e+01  9.87e+01  1.24e-03
1 :        2608 :     49     11 :   0  8      95   0  6      27 :    73109    74219    17043    18216      3 : 9.95e+01  9.88e+01  2.38e-03
1 :         632 :     11     49 :   0  6      27   0  8      95 :    17043    18216    73109    74219      3 : 9.95e+01  9.88e+01  1.47e-03
1 :        2661 :     50     11 :   0  8      96   0  6      27 :    74220    76059    17043    18216      3 : 9.96e+01  9.90e+01  2.59e-03
1 :         633 :     11     50 :   0  6      27   0  8      96 :    17043    18216    74220    76059      3 : 9.96e+01  9.90e+01  1.72e-03
1 :        2714 :     51     11 :   0  8      97   0  6      27 :    76060    77572    17043    18216      6 : 9.91e+01  9.80e+01  3.34e-03
1 :         634 :     11     51 :   0  6      27   0  8      97 :    17043    18216    76060    77572      6 : 9.91e+01  9.82e+01  2.42e-03
1 :        2767 :     52     11 :   0  8      98   0  6      27 :    77573    77654    17043    18216      8 : 8.96e+01  8.83e+01  4.92e-03
1 :         635 :     11     52 :   0  6      27   0  8      98 :    17043    18216    77573    77654      9 : 8.83e+01  8.83e+01  3.88e-03
0 :         648 :     12     12 :   0  6      28   0  6      28 :    18217    20483    18217    20483      0 : 0.00e+00  0.00e+00  1.29e+00
0 :         701 :     13     12 :   0  6      29   0  6      28 :    20484    22354    18217    20483      0 : 0.00e+00  0.00e+00  4.18e-01
0 :         649 :     12     13 :   0  6      28   0  6      29 :    18217    20483    20484    22354      0 : 0.00e+00  0.00e+00  3.07e-01
0 :         754 :     14     12 :   0  6      31   0  6      28 :    22355    24605    18217    20483      0 : 0.00e+00  0.00e+00  4.95e-01
0 :         650 :     12     14 :   0  6      28   0  6      31 :    18217    20483    22355    24605      0 : 0.00e+00  0.00e+00  3.95e-01
1 :         807 :     15     12 :   0  6      32   0  6      28 :    24606    25765    18217    20483      5 : 9.93e+01  9.86e+01  7.69e-03
1 :         651 :     12     15 :   0  6      28   0  6      32 :    18217    20483    24606    25765      5 : 9.93e+01  9.86e+01  4.80e-03
1 :         860 :     16     12 :   0  7      19   0  6      28 :    25766    27455    18217    20483      3 : 9.97e+01  9.91e+01  1.20e-02
1 :         652 :     12     16 :   0  6      28   0  7      19 :    18217    20483    25766    27455      3 : 9.97e+01  9.91e+01  1.02e-02
1 :         913 :     17     12 :   0  7      20   0  6      28 :    27456    28389    18217    20483      4 : 9.94e+01  9.89e+01  8.78e-03
1 :         653 :     12     17 :   0  6      28   0  7      20 :    18217    20483    27456    28389      4 : 9.94e+01  9.89e+01  6.61e-03
1 :         966 :     18     12 :   0  7      25   0  6      28 :    28390    30099    18217    20483      3 : 9.97e+01  9.91e+01  1.21e-02
1 :         654 :     12     18 :   0  6      28   0  7      25 :    18217    20483    28390    30099      3 : 9.97e+01  9.91e+01  1.03e-02
1 :        1019 :     19     12 :   0  7      26   0  6      28 :    30100    31020    18217    20483      3 : 9.95e+01  9.89e+01  8.56e-03
1 :         655 :     12     19 :   0  6      28   0  7      26 :    18217    20483    30100    31020      3 : 9.95e+01  9.89e+01  6.41e-03
1 :        1072 :     20     12 :   0  7      35   0  6      28 :    31021    32680    18217    20483      3 : 9.97e+01  9.89e+01  9.83e-03
1 :         656 :     12     20 :   0  6      28   0  7      35 :    18217    20483    31021    32680      3 : 9.97e+01  9.90e+01  7.95e-03
1 :        1125 :     21     12 :   0  7      40   0  6      28 :    32681    34410    18217    20483     12 : 9.88e+01  9.88e+01  1.01e-01
1 :         657 :     12     21 :   0  6      28   0  7      40 :    18217    20483    32681    34410     11 : 9.89e+01  9.88e+01  1.08e-01
1 :        1178 :     22     12 :   0  7      41   0  6      28 :    34411    36062    18217    20483      4 : 9.96e+01  9.90e+01  9.87e-03
1 :         658 :     12     22 :   0  6      28   0  7      41 :    18217    20483    34411    36062      4 : 9.96e+01  9.90e+01  7.93e-03
1 :        1231 :     23     12 :   0  7      46   0  6      28 :    36063    37795    18217    20483      8 : 9.92e+01  9.88e+01  1.12e-01
1 :         659 :     12     23 :   0  6      28   0  7      46 :    18217    20483    36063    37795      8 : 9.92e+01  9.89e+01  1.08e-01
0 :        1284 :     24     12 :   0  7      50   0  6      28 :    37796    38258    18217    20483      0 : 0.00e+00  0.00e+00  1.32e-01
0 :         660 :     12     24 :   0  6      28   0  7      50 :    18217    20483    37796    38258      0 : 0.00e+00  0.00e+00  9.07e-02
1 :        1337 :     25     12 :   0  7      59   0  6      28 :    38259    39857    18217    20483      5 : 9.95e+01  9.88e+01  7.47e-03
1 :         661 :     12     25 :   0  6      28   0  7      59 :    18217    20483    38259    39857      5 : 9.95e+01  9.89e+01  4.83e-03
1 :        1390 :     26     12 :   0  7      60   0  6      28 :    39858    40314    18217    20483      5 : 9.87e+01  9.76e+01  6.78e-03
1 :         662 :     12     26 :   0  6      28   0  7      60 :    18217    20483    39858    40314      5 : 9.87e+01  9.76e+01  4.16e-03
1 :        1443 :     27     12 :   0  8      65   0  6      28 :    40315    42013    18217    20483      3 : 9.97e+01  9.91e+01  7.68e-03
1 :         663 :     12     27 :   0  6      28   0  8      65 :    18217    20483    40315    42013      3 : 9.97e+01  9.90e+01  5.45e-03
1 :        1496 :     28     12 :   0  8      66   0  6      28 :    42014    42768    18217    20483      4 : 9.93e+01  9.89e+01  7.24e-03
1 :         664 :     12     28 :   0  6      28   0  8      66 :    18217    20483    42014    42768      4 : 9.93e+01  9.89e+01  4.76e-03
1 :        1549 :     29     12 :   0  8      67   0  6      28 :    42769    43712    18217    20483      3 : 9.95e+01  9.89e+01  6.54e-03
1 :         665 :     12     29 :   0  6      28   0  8      67 :    18217    20483    42769    43712      3 : 9.95e+01  9.89e+01  3.86e-03
1 :        1602 :     30     12 :   0  8      68   0  6      28 :    43713    45403    18217    20483      3 : 9.97e+01  9.90e+01  6.90e-03
1 :         666 :     12     30 :   0  6      28   0  8      68 :    18217    20483    43713    45403      3 : 9.97e+01  9.90e+01  4.53e-03
1 :        1655 :     31     12 :   0  8      71   0  6      28 :    45404    47057    18217    20483      3 : 9.97e+01  9.90e+01  6.89e-03
1 :         667 :     12     31 :   0  6      28   0  8      71 :    18217    20483    45404    47057      3 : 9.97e+01  9.90e+01  4.50e-03
1 :        1708 :     32     12 :   0  8      72   0  6      28 :    47058    49013    18217    20483      3 : 9.97e+01  9.90e+01  7.04e-03
1 :         668 :     12     32 :   0  6      28   0  8      72 :    18217    20483    47058    49013      3 : 9.97e+01  9.90e+01  4.74e-03
1 :        1761 :     33     12 :   0  8      73   0  6      28 :    49014    49752    18217    20483      3 : 9.95e+01  9.87e+01  6.37e-03
1 :         669 :     12     33 :   0  6      28   0  8      73 :    18217    20483    49014    49752      3 : 9.95e+01  9.87e+01  3.79e-03
1 :        1814 :     34     12 :   0  8      74   0  6      28 :    49753    51606    18217    20483      5 : 9.95e+01  9.89e+01  7.36e-03
1 :         670 :     12     34 :   0  6      28   0  8      74 :    18217    20483    49753    51606      5 : 9.95e+01  9.89e+01  4.90e-03
1 :        1867 :     35     12 :   0  8      75   0  6      28 :    51607    53340    18217    20483      5 : 9.95e+01  9.88e+01  7.56e-03
1 :         671 :     12     35 :   0  6      28   0  8      75 :    18217    20483    51607    53340      5 : 9.95e+01  9.89e+01  5.14e-03
1 :        1920 :     36     12 :   0  8      76   0  6      28 :    53341    54448    18217    20483      8 : 9.89e+01  9.88e+01  6.97e-02
1 :         672 :     12     36 :   0  6      28   0  8      76 :    18217    20483    53341    54448      9 : 9.88e+01  9.88e+01  6.13e-02
1 :        1973 :     37     12 :   0  8      77   0  6      28 :    54449    56151    18217    20483      5 : 9.95e+01  9.89e+01  7.34e-03
1 :         673 :     12     37 :   0  6      28   0  8      77 :    18217    20483    54449    56151      5 : 9.95e+01  9.89e+01  4.89e-03
1 :        2026 :     38     12 :   0  8      78   0  6      28 :    56152    58105    18217    20483      5 : 9.95e+01  9.89e+01  7.42e-03
1 :         674 :     12     38 :   0  6      28   0  8      78 :    18217    20483    56152    58105      5 : 9.95e+01  9.90e+01  4.96e-03
1 :        2079 :     39     12 :   0  8      83   0  6      28 :    58106    60074    18217    20483      3 : 9.97e+01  9.91e+01  7.04e-03
1 :         675 :     12     39 :   0  6      28   0  8      83 :    18217    20483    58106    60074      3 : 9.97e+01  9.91e+01  4.69e-03
1 :        2132 :     40     12 :   0  8      84   0  6      28 :    60075    61735    18217    20483      3 : 9.97e+01  9.90e+01  6.92e-03
1 :         676 :     12     40 :   0  6      28   0  8      84 :    18217    20483    60075    61735      3 : 9.97e+01  9.90e+01  4.43e-03
1 :        2185 :     41     12 :   0  8      85   0  6      28 :    61736    62505    18217    20483      3 : 9.95e+01  9.90e+01  7.12e-03
1 :         677 :     12     41 :   0  6      28   0  8      85 :    18217    20483    61736    62505      3 : 9.95e+01  9.90e+01  4.62e-03
1 :        2238 :     42     12 :   0  8      86   0  6      28 :    62506    64201    18217    20483      3 : 9.97e+01  9.91e+01  7.70e-03
1 :         678 :     12     42 :   0  6      28   0  8      86 :    18217    20483    62506    64201      3 : 9.97e+01  9.91e+01  5.25e-03
1 :        2291 :     43     12 :   0  8      87   0  6      28 :    64202    65898    18217    20483      3 : 9.97e+01  9.91e+01  6.84e-03
1 :         679 :     12     43 :   0  6      28   0  8      87 :    18217    20483    64202    65898      3 : 9.97e+01  9.90e+01  4.35e-03
1 :        2344 :     44     12 :   0  8      88   0  6      28 :    65899    66838    18217    20483      3 : 9.95e+01  9.89e+01  6.49e-03
1 :         680 :     12     44 :   0  6      28   0  8      88 :    18217    20483    65899    66838      3 : 9.95e+01  9.89e+01  3.78e-03
1 :        2397 :     45     12 :   0  8      89   0  6      28 :    66839    68824    18217    20483      4 : 9.96e+01  9.90e+01  7.21e-03
1 :         681 :     12     45 :   0  6      28   0  8      89 :    18217    20483    66839    68824      4 : 9.96e+01  9.90e+01  4.94e-03
1 :        2450 :     46     12 :   0  8      90   0  6      28 :    68825    70511    18217    20483      3 : 9.97e+01  9.89e+01  6.90e-03
1 :         682 :     12     46 :   0  6      28   0  8      90 :    18217    20483    68825    70511      3 : 9.97e+01  9.90e+01  4.50e-03
1 :        2503 :     47     12 :   0  8      93   0  6      28 :    70512    72369    18217    20483      3 : 9.97e+01  9.90e+01  6.98e-03
1 :         683 :     12     47 :   0  6      28   0  8      93 :    18217    20483    70512    72369      3 : 9.97e+01  9.90e+01  4.49e-03
1 :        2556 :     48     12 :   0  8      94   0  6      28 :    72370    73108    18217    20483      3 : 9.95e+01  9.87e+01  6.33e-03
1 :         684 :     12     48 :   0  6      28   0  8      94 :    18217    20483    72370    73108      3 : 9.95e+01  9.89e+01  3.62e-03
1 :        2609 :     49     12 :   0  8      95   0  6      28 :    73109    74219    18217    20483      3 : 9.96e+01  9.88e+01  6.59e-03
1 :         685 :     12     49 :   0  6      28   0  8      95 :    18217    20483    73109    74219      3 : 9.96e+01  9.88e+01  4.06e-03
1 :        2662 :     50     12 :   0  8      96   0  6      28 :    74220    76059    18217    20483      3 : 9.97e+01  9.90e+01  6.96e-03
1 :         686 :     12     50 :   0  6      28   0  8      96 :    18217    20483    74220    76059      3 : 9.97e+01  9.90e+01  4.33e-03
1 :        2715 :     51     12 :   0  8      97   0  6      28 :    76060    77572    18217    20483      6 : 9.93e+01  9.89e+01  7.63e-03
1 :         687 :     12     51 :   0  6      28   0  8      97 :    18217    20483    76060    77572      6 : 9.93e+01  9.88e+01  5.55e-03
1 :        2768 :     52     12 :   0  8      98   0  6      28 :    77573    77654    18217    20483     12 : 8.48e+01  8.86e+01  1.17e-02
1 :         688 :     12     52 :   0  6      28   0  8      98 :    18217    20483    77573    77654     11 : 8.61e+01  8.86e+01  8.53e-03
0 :         702 :     13     13 :   0  6      29   0  6      29 :    20484    22354    20484    22354      0 : 0.00e+00  0.00e+00  8.49e-01
0 :         755 :     14     13 :   0  6      31   0  6      29 :    22355    24605    20484    22354      0 : 0.00e+00  0.00e+00  5.09e-01
0 :         703 :     13     14 :   0  6      29   0  6      31 :    20484    22354    22355    24605      0 : 0.00e+00  0.00e+00  4.50e-01
0 :         808 :     15     13 :   0  6      32   0  6      29 :    24606    25765    20484    22354      0 : 0.00e+00  0.00e+00  1.72e-01
0 :         704 :     13     15 :   0  6      29   0  6      32 :    20484    22354    24606    25765      0 : 0.00e+00  0.00e+00  1.28e-01
1 :         861 :     16     13 :   0  7      19   0  6      29 :    25766    27455    20484    22354      3 : 9.97e+01  9.89e+01  1.18e-02
1 :         705 :     13     16 :   0  6      29   0  7      19 :    20484    22354    25766    27455      3 : 9.97e+01  9.90e+01  1.07e-02
1 :         914 :     17     13 :   0  7      20   0  6      29 :    27456    28389    20484    22354      3 : 9.95e+01  9.87e+01  8.28e-03
1 :         706 :     13     17 :   0  6      29   0  7      20 :    20484    22354    27456    28389      3 : 9.95e+01  9.89e+01  7.03e-03
1 :         967 :     18     13 :   0  7      25   0  6      29 :    28390    30099    20484    22354      3 : 9.97e+01  9.89e+01  1.17e-02
1 :         707 :     13     18 :   0  6      29   0  7      25 :    20484    22354    28390    30099      3 : 9.97e+01  9.90e+01  1.07e-02
1 :        1020 :     19     13 :   0  7      26   0  6      29 :    30100    31020    20484    22354      4 : 9.94e+01  9.89e+01  8.28e-03
1 :         708 :     13     19 :   0  6      29   0  7      26 :    20484    22354    30100    31020      4 : 9.94e+01  9.89e+01  6.89e-03
1 :        1073 :     20     13 :   0  7      35   0  6      29 :    31021    32680    20484    22354      4 : 9.95e+01  9.87e+01  9.56e-03
1 :         709 :     13     20 :   0  6      29   0  7      35 :    20484    22354    31021    32680      4 : 9.95e+01  9.86e+01  8.67e-03
0 :        1126 :     21     13 :   0  7      40   0  6      29 :    32681    34410    20484    22354      0 : 0.00e+00  0.00e+00  3.14e-01
0 :         710 :     13     21 :   0  6      29   0  7      40 :    20484    22354    32681    34410      0 : 0.00e+00  0.00e+00  2.52e-01
1 :        1179 :     22     13 :   0  7      41   0  6      29 :    34411    36062    20484    22354      4 : 9.95e+01  9.87e+01  9.82e-03
1 :         711 :     13     22 :   0  6      29   0  7      41 :    20484    22354    34411    36062      4 : 9.95e+01  9.87e+01  8.59e-03
0 :        1232 :     23     13 :   0  7      46   0  6      29 :    36063    37795    20484    22354      0 : 0.00e+00  0.00e+00  3.19e-01
0 :         712 :     13     23 :   0  6      29   0  7      46 :    20484    22354    36063    37795      0 : 0.00e+00  0.00e+00  2.75e-01
1 :        1285 :     24     13 :   0  7      50   0  6      29 :    37796    38258    20484    22354      8 : 9.78e+01  9.76e+01  5.62e-02
1 :         713 :     13     24 :   0  6      29   0  7      50 :    20484    22354    37796    38258      9 : 9.76e+01  9.76e+01  4.79e-02
0 :        1338 :     25     13 :   0  7      59   0  6      29 :    38259    39857    20484    22354      0 : 0.00e+00  0.00e+00  2.39e-01
0 :         714 :     13     25 :   0  6      29   0  7      59 :    20484    22354    38259    39857      0 : 0.00e+00  0.00e+00  1.77e-01
0 :        1391 :     26     13 :   0  7      60   0  6      29 :    39858    40314    20484    22354      0 : 0.00e+00  0.00e+00  7.33e-02
0 :         715 :     13     26 :   0  6      29   0  7      60 :    20484    22354    39858    40314      0 : 0.00e+00  0.00e+00  5.26e-02
1 :        1444 :     27     13 :   0  8      65   0  6      29 :    40315    42013    20484    22354      3 : 9.97e+01  9.89e+01  7.46e-03
1 :         716 :     13     27 :   0  6      29   0  8      65 :    20484    22354    40315    42013      3 : 9.97e+01  9.89e+01  5.78e-03
1 :        1497 :     28     13 :   0  8      66   0  6      29 :    42014    42768    20484    22354      3 : 9.94e+01  9.89e+01  6.79e-03
1 :         717 :     13     28 :   0  6      29   0  8      66 :    20484    22354    42014    42768      3 : 9.94e+01  9.89e+01  5.08e-03
1 :        1550 :     29     13 :   0  8      67   0  6      29 :    42769    43712    20484    22354      3 : 9.95e+01  9.89e+01  6.14e-03
1 :         718 :     13     29 :   0  6      29   0  8      67 :    20484    22354    42769    43712      3 : 9.95e+01  9.89e+01  4.17e-03
1 :        1603 :     30     13 :   0  8      68   0  6      29 :    43713    45403    20484    22354      3 : 9.97e+01  9.88e+01  6.51e-03
1 :         719 :     13     30 :   0  6      29   0  8      68 :    20484    22354    43713    45403      3 : 9.97e+01  9.88e+01  4.86e-03
1 :        1656 :     31     13 :   0  8      71   0  6      29 :    45404    47057    20484    22354      4 : 9.95e+01  9.86e+01  7.06e-03
1 :         720 :     13     31 :   0  6      29   0  8      71 :    20484    22354    45404    47057      4 : 9.95e+01  9.87e+01  5.14e-03
1 :        1709 :     32     13 :   0  8      72   0  6      29 :    47058    49013    20484    22354      5 : 9.95e+01  9.87e+01  7.52e-03
1 :         721 :     13     32 :   0  6      29   0  8      72 :    20484    22354    47058    49013      5 : 9.95e+01  9.86e+01  5.89e-03
1 :        1762 :     33     13 :   0  8      73   0  6      29 :    49014    49752    20484    22354      3 : 9.94e+01  9.87e+01  5.97e-03
1 :         722 :     13     33 :   0  6      29   0  8      73 :    20484    22354    49014    49752      3 : 9.94e+01  9.85e+01  4.08e-03
1 :        1815 :     34     13 :   0  8      74   0  6      29 :    49753    51606    20484    22354      4 : 9.96e+01  9.88e+01  7.10e-03
1 :         723 :     13     34 :   0  6      29   0  8      74 :    20484    22354    49753    51606      4 : 9.96e+01  9.87e+01  5.60e-03
1 :        1868 :     35     13 :   0  8      75   0  6      29 :    51607    53340    20484    22354      3 : 9.97e+01  9.88e+01  6.69e-03
1 :         724 :     13     35 :   0  6      29   0  8      75 :    20484    22354    51607    53340      3 : 9.97e+01  9.88e+01  4.98e-03
1 :        1921 :     36     13 :   0  8      76   0  6      29 :    53341    54448    20484    22354      8 : 9.89e+01  9.87e+01  5.54e-02
1 :         725 :     13     36 :   0  6      29   0  8      76 :    20484    22354    53341    54448      8 : 9.89e+01  9.87e+01  5.42e-02
1 :        1974 :     37     13 :   0  8      77   0  6      29 :    54449    56151    20484    22354      5 : 9.94e+01  9.87e+01  7.54e-03
1 :         726 :     13     37 :   0  6      29   0  8      77 :    20484    22354    54449    56151      5 : 9.94e+01  9.87e+01  5.86e-03
1 :        2027 :     38     13 :   0  8      78   0  6      29 :    56152    58105    20484    22354      6 : 9.94e+01  9.86e+01  8.06e-03
1 :         727 :     13     38 :   0  6      29   0  8      78 :    20484    22354    56152    58105      6 : 9.94e+01  9.86e+01  6.35e-03
1 :        2080 :     39     13 :   0  8      83   0  6      29 :    58106    60074    20484    22354      5 : 9.95e+01  9.86e+01  7.49e-03
1 :         728 :     13     39 :   0  6      29   0  8      83 :    20484    22354    58106    60074      5 : 9.95e+01  9.87e+01  5.79e-03
1 :        2133 :     40     13 :   0  8      84   0  6      29 :    60075    61735    20484    22354      5 : 9.94e+01  9.85e+01  7.25e-03
1 :         729 :     13     40 :   0  6      29   0  8      84 :    20484    22354    60075    61735      5 : 9.94e+01  9.86e+01  5.45e-03
1 :        2186 :     41     13 :   0  8      85   0  6      29 :    61736    62505    20484    22354      4 : 9.93e+01  9.85e+01  6.82e-03
1 :         730 :     13     41 :   0  6      29   0  8      85 :    20484    22354    61736    62505      4 : 9.93e+01  9.87e+01  5.04e-03
1 :        2239 :     42     13 :   0  8      86   0  6      29 :    62506    64201    20484    22354      3 : 9.97e+01  9.88e+01  7.37e-03
1 :         731 :     13     42 :   0  6      29   0  8      86 :    20484    22354    62506    64201      3 : 9.97e+01  9.89e+01  5.57e-03
1 :        2292 :     43     13 :   0  8      87   0  6      29 :    64202    65898    20484    22354      5 : 9.94e+01  9.87e+01  7.27e-03
1 :         732 :     13     43 :   0  6      29   0  8      87 :    20484    22354    64202    65898      5 : 9.94e+01  9.87e+01  5.35e-03
1 :        2345 :     44     13 :   0  8      88   0  6      29 :    65899    66838    20484    22354      4 : 9.94e+01  9.86e+01  6.37e-03
1 :         733 :     13     44 :   0  6      29   0  8      88 :    20484    22354    65899    66838      4 : 9.94e+01  9.86e+01  4.36e-03
1 :        2398 :     45     13 :   0  8      89   0  6      29 :    66839    68824    20484    22354      6 : 9.94e+01  9.85e+01  8.04e-03
1 :         734 :     13     45 :   0  6      29   0  8      89 :    20484    22354    66839    68824      6 : 9.94e+01  9.84e+01  6.47e-03
1 :        2451 :     46     13 :   0  8      90   0  6      29 :    68825    70511    20484    22354      7 : 9.92e+01  9.82e+01  8.13e-03
1 :         735 :     13     46 :   0  6      29   0  8      90 :    20484    22354    68825    70511      7 : 9.92e+01  9.82e+01  6.34e-03
1 :        2504 :     47     13 :   0  8      93   0  6      29 :    70512    72369    20484    22354      6 : 9.94e+01  9.84e+01  7.90e-03
1 :         736 :     13     47 :   0  6      29   0  8      93 :    20484    22354    70512    72369      6 : 9.94e+01  9.86e+01  5.97e-03
1 :        2557 :     48     13 :   0  8      94   0  6      29 :    72370    73108    20484    22354      5 : 9.91e+01  9.83e+01  6.35e-03
1 :         737 :     13     48 :   0  6      29   0  8      94 :    20484    22354    72370    73108      5 : 9.91e+01  9.81e+01  4.45e-03
0 :        2610 :     49     13 :   0  8      95   0  6      29 :    73109    74219    20484    22354      0 : 0.00e+00  0.00e+00  1.68e-01
0 :         738 :     13     49 :   0  6      29   0  8      95 :    20484    22354    73109    74219      0 : 0.00e+00  0.00e+00  1.29e-01
1 :        2663 :     50     13 :   0  8      96   0  6      29 :    74220    76059    20484    22354      6 : 9.94e+01  9.85e+01  1.50e-02
1 :         739 :     13     50 :   0  6      29   0  8      96 :    20484    22354    74220    76059      6 : 9.94e+01  9.85e+01  1.40e-02
1 :        2716 :     51     13 :   0  8      97   0  6      29 :    76060    77572    20484    22354      4 : 9.95e+01  9.88e+01  1.07e-02
1 :         740 :     13     51 :   0  6      29   0  8      97 :    20484    22354    76060    77572      4 : 9.95e+01  9.88e+01  5.45e-03
1 :        2769 :     52     13 :   0  8      98   0  6      29 :    77573    77654    20484    22354      9 : 8.85e+01  8.98e+01  1.05e-02
1 :         741 :     13     52 :   0  6      29   0  8      98 :    20484    22354    77573    77654     11 : 8.60e+01  8.98e+01  8.23e-03
0 :         756 :     14     14 :   0  6      31   0  6      31 :    22355    24605    22355    24605      0 : 0.00e+00  0.00e+00  1.45e+00
0 :         809 :     15     14 :   0  6      32   0  6      31 :    24606    25765    22355    24605      0 : 0.00e+00  0.00e+00  3.01e-01
0 :         757 :     14     15 :   0  6      31   0  6      32 :    22355    24605    24606    25765      0 : 0.00e+00  0.00e+00  2.16e-01
1 :         862 :     16     14 :   0  7      19   0  6      31 :    25766    27455    22355    24605      3 : 9.97e+01  9.91e+01  1.53e-02
1 :         758 :     14     16 :   0  6      31   0  7      19 :    22355    24605    25766    27455      3 : 9.97e+01  9.91e+01  1.29e-02
1 :         915 :     17     14 :   0  7      20   0  6      31 :    27456    28389    22355    24605      3 : 9.95e+01  9.89e+01  1.17e-02
1 :         759 :     14     17 :   0  6      31   0  7      20 :    22355    24605    27456    28389      3 : 9.95e+01  9.89e+01  9.33e-03
1 :         968 :     18     14 :   0  7      25   0  6      31 :    28390    30099    22355    24605      3 : 9.97e+01  9.91e+01  1.50e-02
1 :         760 :     14     18 :   0  6      31   0  7      25 :    22355    24605    28390    30099      3 : 9.97e+01  9.91e+01  1.29e-02
1 :        1021 :     19     14 :   0  7      26   0  6      31 :    30100    31020    22355    24605      4 : 9.94e+01  9.89e+01  1.15e-02
1 :         761 :     14     19 :   0  6      31   0  7      26 :    22355    24605    30100    31020      4 : 9.94e+01  9.89e+01  9.13e-03
1 :        1074 :     20     14 :   0  7      35   0  6      31 :    31021    32680    22355    24605      4 : 9.96e+01  9.91e+01  1.26e-02
1 :         762 :     14     20 :   0  6      31   0  7      35 :    22355    24605    31021    32680      4 : 9.96e+01  9.91e+01  1.06e-02
1 :        1127 :     21     14 :   0  7      40   0  6      31 :    32681    34410    22355    24605     11 : 9.89e+01  9.88e+01  1.86e-01
1 :         763 :     14     21 :   0  6      31   0  7      40 :    22355    24605    32681    34410     10 : 9.90e+01  9.89e+01  1.80e-01
1 :        1180 :     22     14 :   0  7      41   0  6      31 :    34411    36062    22355    24605      3 : 9.97e+01  9.90e+01  1.29e-02
1 :         764 :     14     22 :   0  6      31   0  7      41 :    22355    24605    34411    36062      3 : 9.97e+01  9.91e+01  1.07e-02
1 :        1233 :     23     14 :   0  7      46   0  6      31 :    36063    37795    22355    24605      9 : 9.91e+01  9.87e+01  1.83e-01
1 :         765 :     14     23 :   0  6      31   0  7      46 :    22355    24605    36063    37795     10 : 9.90e+01  9.88e+01  1.80e-01
1 :        1286 :     24     14 :   0  7      50   0  6      31 :    37796    38258    22355    24605     11 : 9.71e+01  9.77e+01  6.96e-02
1 :         766 :     14     24 :   0  6      31   0  7      50 :    22355    24605    37796    38258     10 : 9.74e+01  9.79e+01  5.86e-02
1 :        1339 :     25     14 :   0  7      59   0  6      31 :    38259    39857    22355    24605      9 : 9.90e+01  9.86e+01  1.24e-01
1 :         767 :     14     25 :   0  6      31   0  7      59 :    22355    24605    38259    39857      8 : 9.91e+01  9.86e+01  9.06e-02
0 :        1392 :     26     14 :   0  7      60   0  6      31 :    39858    40314    22355    24605      0 : 0.00e+00  0.00e+00  1.20e-01
0 :         768 :     14     26 :   0  6      31   0  7      60 :    22355    24605    39858    40314      0 : 0.00e+00  0.00e+00  8.86e-02
1 :        1445 :     27     14 :   0  8      65   0  6      31 :    40315    42013    22355    24605      3 : 9.97e+01  9.91e+01  1.08e-02
1 :         769 :     14     27 :   0  6      31   0  8      65 :    22355    24605    40315    42013      3 : 9.97e+01  9.91e+01  8.07e-03
1 :        1498 :     28     14 :   0  8      66   0  6      31 :    42014    42768    22355    24605      3 : 9.95e+01  9.89e+01  1.01e-02
1 :         770 :     14     28 :   0  6      31   0  8      66 :    22355    24605    42014    42768      3 : 9.95e+01  9.89e+01  7.52e-03
1 :        1551 :     29     14 :   0  8      67   0  6      31 :    42769    43712    22355    24605      3 : 9.95e+01  9.89e+01  9.42e-03
1 :         771 :     14     29 :   0  6      31   0  8      67 :    22355    24605    42769    43712      3 : 9.95e+01  9.89e+01  6.53e-03
1 :        1604 :     30     14 :   0  8      68   0  6      31 :    43713    45403    22355    24605      3 : 9.97e+01  9.91e+01  9.88e-03
1 :         772 :     14     30 :   0  6      31   0  8      68 :    22355    24605    43713    45403      3 : 9.97e+01  9.91e+01  7.19e-03
1 :        1657 :     31     14 :   0  8      71   0  6      31 :    45404    47057    22355    24605      3 : 9.97e+01  9.90e+01  9.93e-03
1 :         773 :     14     31 :   0  6      31   0  8      71 :    22355    24605    45404    47057      3 : 9.97e+01  9.90e+01  7.30e-03
1 :        1710 :     32     14 :   0  8      72   0  6      31 :    47058    49013    22355    24605      3 : 9.97e+01  9.89e+01  1.01e-02
1 :         774 :     14     32 :   0  6      31   0  8      72 :    22355    24605    47058    49013      3 : 9.97e+01  9.90e+01  7.57e-03
1 :        1763 :     33     14 :   0  8      73   0  6      31 :    49014    49752    22355    24605      3 : 9.95e+01  9.89e+01  9.27e-03
1 :         775 :     14     33 :   0  6      31   0  8      73 :    22355    24605    49014    49752      3 : 9.95e+01  9.89e+01  6.43e-03
1 :        1816 :     34     14 :   0  8      74   0  6      31 :    49753    51606    22355    24605      3 : 9.97e+01  9.89e+01  1.02e-02
1 :         776 :     14     34 :   0  6      31   0  8      74 :    22355    24605    49753    51606      3 : 9.97e+01  9.90e+01  7.79e-03
1 :        1869 :     35     14 :   0  8      75   0  6      31 :    51607    53340    22355    24605      3 : 9.97e+01  9.91e+01  9.92e-03
1 :         777 :     14     35 :   0  6      31   0  8      75 :    22355    24605    51607    53340      3 : 9.97e+01  9.90e+01  7.52e-03
1 :        1922 :     36     14 :   0  8      76   0  6      31 :    53341    54448    22355    24605      7 : 9.91e+01  9.89e+01  6.69e-02
1 :         778 :     14     36 :   0  6      31   0  8      76 :    22355    24605    53341    54448      7 : 9.91e+01  9.89e+01  6.49e-02
1 :        1975 :     37     14 :   0  8      77   0  6      31 :    54449    56151    22355    24605      3 : 9.97e+01  9.89e+01  1.02e-02
1 :         779 :     14     37 :   0  6      31   0  8      77 :    22355    24605    54449    56151      3 : 9.97e+01  9.89e+01  7.80e-03
1 :        2028 :     38     14 :   0  8      78   0  6      31 :    56152    58105    22355    24605      4 : 9.96e+01  9.89e+01  1.03e-02
1 :         780 :     14     38 :   0  6      31   0  8      78 :    22355    24605    56152    58105      4 : 9.96e+01  9.89e+01  8.11e-03
1 :        2081 :     39     14 :   0  8      83   0  6      31 :    58106    60074    22355    24605      3 : 9.97e+01  9.90e+01  1.00e-02
1 :         781 :     14     39 :   0  6      31   0  8      83 :    22355    24605    58106    60074      3 : 9.97e+01  9.91e+01  7.60e-03
1 :        2134 :     40     14 :   0  8      84   0  6      31 :    60075    61735    22355    24605      3 : 9.97e+01  9.90e+01  9.86e-03
1 :         782 :     14     40 :   0  6      31   0  8      84 :    22355    24605    60075    61735      3 : 9.97e+01  9.90e+01  7.32e-03
1 :        2187 :     41     14 :   0  8      85   0  6      31 :    61736    62505    22355    24605      4 : 9.93e+01  9.90e+01  1.01e-02
1 :         783 :     14     41 :   0  6      31   0  8      85 :    22355    24605    61736    62505      4 : 9.93e+01  9.90e+01  7.35e-03
1 :        2240 :     42     14 :   0  8      86   0  6      31 :    62506    64201    22355    24605      3 : 9.97e+01  9.91e+01  1.06e-02
1 :         784 :     14     42 :   0  6      31   0  8      86 :    22355    24605    62506    64201      3 : 9.97e+01  9.91e+01  7.89e-03
1 :        2293 :     43     14 :   0  8      87   0  6      31 :    64202    65898    22355    24605      3 : 9.97e+01  9.88e+01  1.00e-02
1 :         785 :     14     43 :   0  6      31   0  8      87 :    22355    24605    64202    65898      3 : 9.97e+01  9.90e+01  7.22e-03
1 :        2346 :     44     14 :   0  8      88   0  6      31 :    65899    66838    22355    24605      3 : 9.95e+01  9.89e+01  9.40e-03
1 :         786 :     14     44 :   0  6      31   0  8      88 :    22355    24605    65899    66838      3 : 9.95e+01  9.89e+01  6.52e-03
1 :        2399 :     45     14 :   0  8      89   0  6      31 :    66839    68824    22355    24605      5 : 9.95e+01  9.90e+01  1.03e-02
1 :         787 :     14     45 :   0  6      31   0  8      89 :    22355    24605    66839    68824      5 : 9.95e+01  9.90e+01  8.06e-03
1 :        2452 :     46     14 :   0  8      90   0  6      31 :    68825    70511    22355    24605      5 : 9.95e+01  9.89e+01  9.95e-03
1 :         788 :     14     46 :   0  6      31   0  8      90 :    22355    24605    68825    70511      5 : 9.95e+01  9.89e+01  7.61e-03
1 :        2505 :     47     14 :   0  8      93   0  6      31 :    70512    72369    22355    24605      4 : 9.96e+01  9.89e+01  1.01e-02
1 :         789 :     14     47 :   0  6      31   0  8      93 :    22355    24605    70512    72369      4 : 9.96e+01  9.88e+01  7.66e-03
1 :        2558 :     48     14 :   0  8      94   0  6      31 :    72370    73108    22355    24605      3 : 9.95e+01  9.87e+01  9.33e-03
1 :         790 :     14     48 :   0  6      31   0  8      94 :    22355    24605    72370    73108      3 : 9.95e+01  9.87e+01  6.46e-03
1 :        2611 :     49     14 :   0  8      95   0  6      31 :    73109    74219    22355    24605      7 : 9.91e+01  9.88e+01  6.93e-02
1 :         791 :     14     49 :   0  6      31   0  8      95 :    22355    24605    73109    74219      7 : 9.91e+01  9.87e+01  6.52e-02
1 :        2664 :     50     14 :   0  8      96   0  6      31 :    74220    76059    22355    24605      5 : 9.95e+01  9.88e+01  1.08e-02
1 :         792 :     14     50 :   0  6      31   0  8      96 :    22355    24605    74220    76059      5 : 9.95e+01  9.88e+01  7.99e-03
1 :        2717 :     51     14 :   0  8      97   0  6      31 :    76060    77572    22355    24605      3 : 9.97e+01  9.89e+01  1.01e-02
1 :         793 :     14     51 :   0  6      31   0  8      97 :    22355    24605    76060    77572      4 : 9.96e+01  9.90e+01  7.86e-03
1 :        2770 :     52     14 :   0  8      98   0  6      31 :    77573    77654    22355    24605      9 : 8.86e+01  8.99e+01  1.44e-02
1 :         794 :     14     52 :   0  6      31   0  8      98 :    22355    24605    77573    77654      8 : 8.99e+01  9.12e+01  1.20e-02
0 :         810 :     15     15 :   0  6      32   0  6      32 :    24606    25765    24606    25765      0 : 0.00e+00  0.00e+00  2.59e-01
1 :         863 :     16     15 :   0  7      19   0  6      32 :    25766    27455    24606    25765      3 : 9.96e+01  9.90e+01  9.43e-03
1 :         811 :     15     16 :   0  6      32   0  7      19 :    24606    25765    25766    27455      3 : 9.96e+01  9.90e+01  9.29e-03
1 :         916 :     17     15 :   0  7      20   0  6      32 :    27456    28389    24606    25765      3 : 9.94e+01  9.86e+01  5.90e-03
1 :         812 :     15     17 :   0  6      32   0  7      20 :    24606    25765    27456    28389      3 : 9.94e+01  9.86e+01  5.51e-03
1 :         969 :     18     15 :   0  7      25   0  6      32 :    28390    30099    24606    25765      3 : 9.96e+01  9.90e+01  9.37e-03
1 :         813 :     15     18 :   0  6      32   0  7      25 :    24606    25765    28390    30099      3 : 9.96e+01  9.88e+01  9.33e-03
1 :        1022 :     19     15 :   0  7      26   0  6      32 :    30100    31020    24606    25765      3 : 9.94e+01  9.86e+01  5.91e-03
1 :         814 :     15     19 :   0  6      32   0  7      26 :    24606    25765    30100    31020      3 : 9.94e+01  9.86e+01  5.51e-03
1 :        1075 :     20     15 :   0  7      35   0  6      32 :    31021    32680    24606    25765      3 : 9.96e+01  9.90e+01  6.90e-03
1 :         815 :     15     20 :   0  6      32   0  7      35 :    24606    25765    31021    32680      3 : 9.96e+01  9.88e+01  6.83e-03
1 :        1128 :     21     15 :   0  7      40   0  6      32 :    32681    34410    24606    25765      7 : 9.90e+01  9.86e+01  5.74e-02
1 :         816 :     15     21 :   0  6      32   0  7      40 :    24606    25765    32681    34410      7 : 9.90e+01  9.87e+01  5.00e-02
1 :        1181 :     22     15 :   0  7      41   0  6      32 :    34411    36062    24606    25765      3 : 9.96e+01  9.90e+01  6.91e-03
1 :         817 :     15     22 :   0  6      32   0  7      41 :    24606    25765    34411    36062      3 : 9.96e+01  9.88e+01  6.87e-03
1 :        1234 :     23     15 :   0  7      46   0  6      32 :    36063    37795    24606    25765      9 : 9.87e+01  9.86e+01  7.88e-02
1 :         818 :     15     23 :   0  6      32   0  7      46 :    24606    25765    36063    37795      8 : 9.88e+01  9.86e+01  5.12e-02
1 :        1287 :     24     15 :   0  7      50   0  6      32 :    37796    38258    24606    25765      5 : 9.85e+01  9.76e+01  4.69e-03
1 :         819 :     15     24 :   0  6      32   0  7      50 :    24606    25765    37796    38258      5 : 9.85e+01  9.76e+01  4.49e-03
1 :        1340 :     25     15 :   0  7      59   0  6      32 :    38259    39857    24606    25765     11 : 9.84e+01  9.82e+01  5.01e-02
1 :         820 :     15     25 :   0  6      32   0  7      59 :    24606    25765    38259    39857      9 : 9.87e+01  9.81e+01  4.60e-02
0 :        1393 :     26     15 :   0  7      60   0  6      32 :    39858    40314    24606    25765      0 : 0.00e+00  0.00e+00  7.01e-02
0 :         821 :     15     26 :   0  6      32   0  7      60 :    24606    25765    39858    40314      0 : 0.00e+00  0.00e+00  5.88e-02
1 :        1446 :     27     15 :   0  8      65   0  6      32 :    40315    42013    24606    25765      3 : 9.96e+01  9.90e+01  5.08e-03
1 :         822 :     15     27 :   0  6      32   0  8      65 :    24606    25765    40315    42013      3 : 9.96e+01  9.88e+01  4.38e-03
1 :        1499 :     28     15 :   0  8      66   0  6      32 :    42014    42768    24606    25765      3 : 9.93e+01  9.87e+01  4.43e-03
1 :         823 :     15     28 :   0  6      32   0  8      66 :    24606    25765    42014    42768      3 : 9.93e+01  9.85e+01  3.69e-03
1 :        1552 :     29     15 :   0  8      67   0  6      32 :    42769    43712    24606    25765      3 : 9.94e+01  9.87e+01  3.79e-03
1 :         824 :     15     29 :   0  6      32   0  8      67 :    24606    25765    42769    43712      3 : 9.94e+01  9.85e+01  2.77e-03
1 :        1605 :     30     15 :   0  8      68   0  6      32 :    43713    45403    24606    25765      3 : 9.96e+01  9.88e+01  4.10e-03
1 :         825 :     15     30 :   0  6      32   0  8      68 :    24606    25765    43713    45403      3 : 9.96e+01  9.88e+01  3.25e-03
1 :        1658 :     31     15 :   0  8      71   0  6      32 :    45404    47057    24606    25765      3 : 9.96e+01  9.90e+01  4.06e-03
1 :         826 :     15     31 :   0  6      32   0  8      71 :    24606    25765    45404    47057      3 : 9.96e+01  9.88e+01  3.19e-03
1 :        1711 :     32     15 :   0  8      72   0  6      32 :    47058    49013    24606    25765      3 : 9.96e+01  9.89e+01  4.28e-03
1 :         827 :     15     32 :   0  6      32   0  8      72 :    24606    25765    47058    49013      3 : 9.96e+01  9.89e+01  3.45e-03
1 :        1764 :     33     15 :   0  8      73   0  6      32 :    49014    49752    24606    25765      3 : 9.93e+01  9.87e+01  3.64e-03
1 :         828 :     15     33 :   0  6      32   0  8      73 :    24606    25765    49014    49752      3 : 9.93e+01  9.84e+01  2.46e-03
1 :        1817 :     34     15 :   0  8      74   0  6      32 :    49753    51606    24606    25765      3 : 9.96e+01  9.89e+01  4.22e-03
1 :         829 :     15     34 :   0  6      32   0  8      74 :    24606    25765    49753    51606      3 : 9.96e+01  9.89e+01  3.33e-03
1 :        1870 :     35     15 :   0  8      75   0  6      32 :    51607    53340    24606    25765      3 : 9.96e+01  9.90e+01  4.04e-03
1 :         830 :     15     35 :   0  6      32   0  8      75 :    24606    25765    51607    53340      3 : 9.96e+01  9.88e+01  3.17e-03
1 :        1923 :     36     15 :   0  8      76   0  6      32 :    53341    54448    24606    25765      4 : 9.93e+01  9.88e+01  4.66e-03
1 :         831 :     15     36 :   0  6      32   0  8      76 :    24606    25765    53341    54448      4 : 9.93e+01  9.86e+01  4.20e-03
1 :        1976 :     37     15 :   0  8      77   0  6      32 :    54449    56151    24606    25765      3 : 9.96e+01  9.88e+01  4.14e-03
1 :         832 :     15     37 :   0  6      32   0  8      77 :    24606    25765    54449    56151      3 : 9.96e+01  9.88e+01  3.39e-03
1 :        2029 :     38     15 :   0  8      78   0  6      32 :    56152    58105    24606    25765      3 : 9.96e+01  9.89e+01  4.31e-03
1 :         833 :     15     38 :   0  6      32   0  8      78 :    24606    25765    56152    58105      3 : 9.96e+01  9.89e+01  3.64e-03
1 :        2082 :     39     15 :   0  8      83   0  6      32 :    58106    60074    24606    25765      3 : 9.96e+01  9.89e+01  4.21e-03
1 :         834 :     15     39 :   0  6      32   0  8      83 :    24606    25765    58106    60074      3 : 9.96e+01  9.89e+01  3.47e-03
1 :        2135 :     40     15 :   0  8      84   0  6      32 :    60075    61735    24606    25765      3 : 9.96e+01  9.90e+01  4.02e-03
1 :         835 :     15     40 :   0  6      32   0  8      84 :    24606    25765    60075    61735      3 : 9.96e+01  9.88e+01  3.25e-03
1 :        2188 :     41     15 :   0  8      85   0  6      32 :    61736    62505    24606    25765      3 : 9.94e+01  9.87e+01  4.38e-03
1 :         836 :     15     41 :   0  6      32   0  8      85 :    24606    25765    61736    62505      3 : 9.94e+01  9.85e+01  3.63e-03
1 :        2241 :     42     15 :   0  8      86   0  6      32 :    62506    64201    24606    25765      3 : 9.96e+01  9.90e+01  4.91e-03
1 :         837 :     15     42 :   0  6      32   0  8      86 :    24606    25765    62506    64201      3 : 9.96e+01  9.88e+01  4.18e-03
1 :        2294 :     43     15 :   0  8      87   0  6      32 :    64202    65898    24606    25765      3 : 9.96e+01  9.85e+01  4.16e-03
1 :         838 :     15     43 :   0  6      32   0  8      87 :    24606    25765    64202    65898      3 : 9.96e+01  9.88e+01  3.31e-03
1 :        2347 :     44     15 :   0  8      88   0  6      32 :    65899    66838    24606    25765      3 : 9.94e+01  9.87e+01  3.72e-03
1 :         839 :     15     44 :   0  6      32   0  8      88 :    24606    25765    65899    66838      3 : 9.94e+01  9.85e+01  2.71e-03
1 :        2400 :     45     15 :   0  8      89   0  6      32 :    66839    68824    24606    25765      3 : 9.96e+01  9.88e+01  4.34e-03
1 :         840 :     15     45 :   0  6      32   0  8      89 :    24606    25765    66839    68824      3 : 9.96e+01  9.88e+01  3.68e-03
1 :        2453 :     46     15 :   0  8      90   0  6      32 :    68825    70511    24606    25765      4 : 9.94e+01  9.85e+01  4.25e-03
1 :         841 :     15     46 :   0  6      32   0  8      90 :    24606    25765    68825    70511      4 : 9.94e+01  9.87e+01  3.53e-03
1 :        2506 :     47     15 :   0  8      93   0  6      32 :    70512    72369    24606    25765      4 : 9.94e+01  9.87e+01  4.53e-03
1 :         842 :     15     47 :   0  6      32   0  8      93 :    24606    25765    70512    72369      4 : 9.94e+01  9.86e+01  3.76e-03
1 :        2559 :     48     15 :   0  8      94   0  6      32 :    72370    73108    24606    25765      3 : 9.93e+01  9.82e+01  3.64e-03
1 :         843 :     15     48 :   0  6      32   0  8      94 :    24606    25765    72370    73108      3 : 9.93e+01  9.82e+01  2.55e-03
1 :        2612 :     49     15 :   0  8      95   0  6      32 :    73109    74219    24606    25765      7 : 9.88e+01  9.82e+01  3.55e-02
1 :         844 :     15     49 :   0  6      32   0  8      95 :    24606    25765    73109    74219      8 : 9.86e+01  9.82e+01  3.20e-02
1 :        2665 :     50     15 :   0  8      96   0  6      32 :    74220    76059    24606    25765      5 : 9.93e+01  9.87e+01  4.90e-03
1 :         845 :     15     50 :   0  6      32   0  8      96 :    24606    25765    74220    76059      5 : 9.93e+01  9.87e+01  4.12e-03
1 :        2718 :     51     15 :   0  8      97   0  6      32 :    76060    77572    24606    25765      3 : 9.95e+01  9.89e+01  4.05e-03
1 :         846 :     15     51 :   0  6      32   0  8      97 :    24606    25765    76060    77572      3 : 9.95e+01  9.88e+01  3.27e-03
1 :        2771 :     52     15 :   0  8      98   0  6      32 :    77573    77654    24606    25765      5 : 9.35e+01  9.22e+01  3.48e-03
1 :         847 :     15     52 :   0  6      32   0  8      98 :    24606    25765    77573    77654      5 : 9.35e+01  9.22e+01  2.92e-03
0 :         864 :     16     16 :   0  7      19   0  7      19 :    25766    27455    25766    27455      0 : 0.00e+00  0.00e+00  7.95e-01
0 :         917 :     17     16 :   0  7      20   0  7      19 :    27456    28389    25766    27455      0 : 0.00e+00  0.00e+00  2.87e-01
0 :         865 :     16     17 :   0  7      19   0  7      20 :    25766    27455    27456    28389      0 : 0.00e+00  0.00e+00  2.24e-01
0 :         970 :     18     16 :   0  7      25   0  7      19 :    28390    30099    25766    27455      0 : 0.00e+00  0.00e+00  4.22e-01
0 :         866 :     16     18 :   0  7      19   0  7      25 :    25766    27455    28390    30099      0 : 0.00e+00  0.00e+00  3.60e-01
0 :        1023 :     19     16 :   0  7      26   0  7      19 :    30100    31020    25766    27455      0 : 0.00e+00  0.00e+00  2.05e-01
0 :         867 :     16     19 :   0  7      19   0  7      26 :    25766    27455    30100    31020      0 : 0.00e+00  0.00e+00  1.74e-01
1 :        1076 :     20     16 :   0  7      35   0  7      19 :    31021    32680    25766    27455     12 : 9.86e+01  9.87e+01  2.05e-01
1 :         868 :     16     20 :   0  7      19   0  7      35 :    25766    27455    31021    32680     10 : 9.88e+01  9.86e+01  1.73e-01
1 :        1129 :     21     16 :   0  7      40   0  7      19 :    32681    34410    25766    27455      3 : 9.96e+01  9.88e+01  1.18e-02
1 :         869 :     16     21 :   0  7      19   0  7      40 :    25766    27455    32681    34410      3 : 9.96e+01  9.88e+01  1.01e-02
1 :        1182 :     22     16 :   0  7      41   0  7      19 :    34411    36062    25766    27455     11 : 9.87e+01  9.87e+01  1.31e-01
1 :         870 :     16     22 :   0  7      19   0  7      41 :    25766    27455    34411    36062     11 : 9.87e+01  9.87e+01  1.29e-01
1 :        1235 :     23     16 :   0  7      46   0  7      19 :    36063    37795    25766    27455      3 : 9.96e+01  9.88e+01  1.19e-02
1 :         871 :     16     23 :   0  7      19   0  7      46 :    25766    27455    36063    37795      3 : 9.96e+01  9.88e+01  9.98e-03
1 :        1288 :     24     16 :   0  7      50   0  7      19 :    37796    38258    25766    27455      3 : 9.92e+01  9.81e+01  9.29e-03
1 :         872 :     16     24 :   0  7      19   0  7      50 :    25766    27455    37796    38258      3 : 9.92e+01  9.83e+01  7.32e-03
1 :        1341 :     25     16 :   0  7      59   0  7      19 :    38259    39857    25766    27455      3 : 9.96e+01  9.90e+01  1.01e-02
1 :         873 :     16     25 :   0  7      19   0  7      59 :    25766    27455    38259    39857      3 : 9.96e+01  9.90e+01  8.39e-03
1 :        1394 :     26     16 :   0  7      60   0  7      19 :    39858    40314    25766    27455      3 : 9.92e+01  9.83e+01  9.21e-03
1 :         874 :     16     26 :   0  7      19   0  7      60 :    25766    27455    39858    40314      3 : 9.92e+01  9.83e+01  7.25e-03
1 :        1447 :     27     16 :   0  8      65   0  7      19 :    40315    42013    25766    27455      8 : 9.91e+01  9.88e+01  6.27e-02
1 :         875 :     16     27 :   0  7      19   0  8      65 :    25766    27455    40315    42013      8 : 9.91e+01  9.87e+01  5.86e-02
1 :        1500 :     28     16 :   0  8      66   0  7      19 :    42014    42768    25766    27455      9 : 9.83e+01  9.85e+01  5.99e-02
1 :         876 :     16     28 :   0  7      19   0  8      66 :    25766    27455    42014    42768      8 : 9.85e+01  9.85e+01  5.55e-02
1 :        1553 :     29     16 :   0  8      67   0  7      19 :    42769    43712    25766    27455      3 : 9.95e+01  9.88e+01  8.97e-03
1 :         877 :     16     29 :   0  7      19   0  8      67 :    25766    27455    42769    43712      3 : 9.95e+01  9.87e+01  6.99e-03
1 :        1606 :     30     16 :   0  8      68   0  7      19 :    43713    45403    25766    27455      3 : 9.96e+01  9.87e+01  9.54e-03
1 :         878 :     16     30 :   0  7      19   0  8      68 :    25766    27455    43713    45403      3 : 9.96e+01  9.88e+01  7.81e-03
1 :        1659 :     31     16 :   0  8      71   0  7      19 :    45404    47057    25766    27455      3 : 9.96e+01  9.88e+01  9.49e-03
1 :         879 :     16     31 :   0  7      19   0  8      71 :    25766    27455    45404    47057      3 : 9.96e+01  9.87e+01  7.73e-03
1 :        1712 :     32     16 :   0  8      72   0  7      19 :    47058    49013    25766    27455      3 : 9.97e+01  9.88e+01  9.72e-03
1 :         880 :     16     32 :   0  7      19   0  8      72 :    25766    27455    47058    49013      3 : 9.97e+01  9.89e+01  8.26e-03
1 :        1765 :     33     16 :   0  8      73   0  7      19 :    49014    49752    25766    27455      3 : 9.94e+01  9.88e+01  8.75e-03
1 :         881 :     16     33 :   0  7      19   0  8      73 :    25766    27455    49014    49752      3 : 9.94e+01  9.86e+01  6.66e-03
1 :        1818 :     34     16 :   0  8      74   0  7      19 :    49753    51606    25766    27455      3 : 9.97e+01  9.89e+01  9.40e-03
1 :         882 :     16     34 :   0  7      19   0  8      74 :    25766    27455    49753    51606      3 : 9.97e+01  9.89e+01  7.68e-03
1 :        1871 :     35     16 :   0  8      75   0  7      19 :    51607    53340    25766    27455      3 : 9.96e+01  9.89e+01  9.27e-03
1 :         883 :     16     35 :   0  7      19   0  8      75 :    25766    27455    51607    53340      3 : 9.96e+01  9.88e+01  7.36e-03
1 :        1924 :     36     16 :   0  8      76   0  7      19 :    53341    54448    25766    27455      3 : 9.96e+01  9.90e+01  9.66e-03
1 :         884 :     16     36 :   0  7      19   0  8      76 :    25766    27455    53341    54448      3 : 9.96e+01  9.90e+01  7.64e-03
1 :        1977 :     37     16 :   0  8      77   0  7      19 :    54449    56151    25766    27455      3 : 9.96e+01  9.88e+01  9.37e-03
1 :         885 :     16     37 :   0  7      19   0  8      77 :    25766    27455    54449    56151      3 : 9.96e+01  9.88e+01  7.62e-03
1 :        2030 :     38     16 :   0  8      78   0  7      19 :    56152    58105    25766    27455      3 : 9.97e+01  9.89e+01  9.54e-03
1 :         886 :     16     38 :   0  7      19   0  8      78 :    25766    27455    56152    58105      3 : 9.97e+01  9.89e+01  7.92e-03
1 :        2083 :     39     16 :   0  8      83   0  7      19 :    58106    60074    25766    27455      3 : 9.97e+01  9.89e+01  9.74e-03
1 :         887 :     16     39 :   0  7      19   0  8      83 :    25766    27455    58106    60074      3 : 9.97e+01  9.89e+01  8.05e-03
1 :        2136 :     40     16 :   0  8      84   0  7      19 :    60075    61735    25766    27455      3 : 9.96e+01  9.88e+01  9.51e-03
1 :         888 :     16     40 :   0  7      19   0  8      84 :    25766    27455    60075    61735      3 : 9.96e+01  9.88e+01  7.75e-03
1 :        2189 :     41     16 :   0  8      85   0  7      19 :    61736    62505    25766    27455      6 : 9.89e+01  9.89e+01  3.92e-02
1 :         889 :     16     41 :   0  7      19   0  8      85 :    25766    27455    61736    62505      6 : 9.89e+01  9.87e+01  3.69e-02
1 :        2242 :     42     16 :   0  8      86   0  7      19 :    62506    64201    25766    27455      4 : 9.95e+01  9.88e+01  1.09e-02
1 :         890 :     16     42 :   0  7      19   0  8      86 :    25766    27455    62506    64201      4 : 9.95e+01  9.88e+01  8.65e-03
1 :        2295 :     43     16 :   0  8      87   0  7      19 :    64202    65898    25766    27455      3 : 9.96e+01  9.88e+01  9.48e-03
1 :         891 :     16     43 :   0  7      19   0  8      87 :    25766    27455    64202    65898      3 : 9.96e+01  9.88e+01  7.62e-03
1 :        2348 :     44     16 :   0  8      88   0  7      19 :    65899    66838    25766    27455      3 : 9.95e+01  9.88e+01  8.94e-03
1 :         892 :     16     44 :   0  7      19   0  8      88 :    25766    27455    65899    66838      3 : 9.95e+01  9.87e+01  6.86e-03
1 :        2401 :     45     16 :   0  8      89   0  7      19 :    66839    68824    25766    27455      3 : 9.97e+01  9.89e+01  9.48e-03
1 :         893 :     16     45 :   0  7      19   0  8      89 :    25766    27455    66839    68824      3 : 9.97e+01  9.89e+01  7.86e-03
1 :        2454 :     46     16 :   0  8      90   0  7      19 :    68825    70511    25766    27455      3 : 9.96e+01  9.89e+01  1.04e-02
1 :         894 :     16     46 :   0  7      19   0  8      90 :    25766    27455    68825    70511      3 : 9.96e+01  9.88e+01  7.50e-03
1 :        2507 :     47     16 :   0  8      93   0  7      19 :    70512    72369    25766    27455      3 : 9.97e+01  9.89e+01  9.46e-03
1 :         895 :     16     47 :   0  7      19   0  8      93 :    25766    27455    70512    72369      3 : 9.97e+01  9.89e+01  7.57e-03
1 :        2560 :     48     16 :   0  8      94   0  7      19 :    72370    73108    25766    27455      3 : 9.94e+01  9.88e+01  8.76e-03
1 :         896 :     16     48 :   0  7      19   0  8      94 :    25766    27455    72370    73108      3 : 9.94e+01  9.88e+01  6.62e-03
1 :        2613 :     49     16 :   0  8      95   0  7      19 :    73109    74219    25766    27455      3 : 9.96e+01  9.90e+01  9.56e-03
1 :         897 :     16     49 :   0  7      19   0  8      95 :    25766    27455    73109    74219      3 : 9.96e+01  9.90e+01  7.65e-03
1 :        2666 :     50     16 :   0  8      96   0  7      19 :    74220    76059    25766    27455      3 : 9.97e+01  9.89e+01  9.40e-03
1 :         898 :     16     50 :   0  7      19   0  8      96 :    25766    27455    74220    76059      3 : 9.97e+01  9.90e+01  7.35e-03
1 :        2719 :     51     16 :   0  8      97   0  7      19 :    76060    77572    25766    27455      3 : 9.96e+01  9.90e+01  9.07e-03
1 :         899 :     16     51 :   0  7      19   0  8      97 :    25766    27455    76060    77572      3 : 9.96e+01  9.90e+01  7.09e-03
1 :        2772 :     52     16 :   0  8      98   0  7      19 :    77573    77654    25766    27455      3 : 9.62e+01  9.36e+01  8.44e-03
1 :         900 :     16     52 :   0  7      19   0  8      98 :    25766    27455    77573    77654      3 : 9.62e+01  9.36e+01  6.10e-03
0 :         918 :     17     17 :   0  7      20   0  7      20 :    27456    28389    27456    28389      0 : 0.00e+00  0.00e+00  2.29e-01
0 :         971 :     18     17 :   0  7      25   0  7      20 :    28390    30099    27456    28389      0 : 0.00e+00  0.00e+00  2.37e-01
0 :         919 :     17     18 :   0  7      20   0  7      25 :    27456    28389    28390    30099      0 : 0.00e+00  0.00e+00  2.17e-01
0 :        1024 :     19     17 :   0  7      26   0  7      20 :    30100    31020    27456    28389      0 : 0.00e+00  0.00e+00  1.27e-01
0 :         920 :     17     19 :   0  7      20   0  7      26 :    27456    28389    30100    31020      0 : 0.00e+00  0.00e+00  1.18e-01
1 :        1077 :     20     17 :   0  7      35   0  7      20 :    31021    32680    27456    28389     12 : 9.80e+01  9.83e+01  1.01e-01
1 :         921 :     17     20 :   0  7      20   0  7      35 :    27456    28389    31021    32680     14 : 9.77e+01  9.83e+01  1.01e-01
1 :        1130 :     21     17 :   0  7      40   0  7      20 :    32681    34410    27456    28389      4 : 9.93e+01  9.88e+01  8.14e-03
1 :         922 :     17     21 :   0  7      20   0  7      40 :    27456    28389    32681    34410      4 : 9.93e+01  9.87e+01  7.41e-03
1 :        1183 :     22     17 :   0  7      41   0  7      20 :    34411    36062    27456    28389     13 : 9.78e+01  9.85e+01  7.46e-02
1 :         923 :     17     22 :   0  7      20   0  7      41 :    27456    28389    34411    36062     12 : 9.80e+01  9.83e+01  7.59e-02
1 :        1236 :     23     17 :   0  7      46   0  7      20 :    36063    37795    27456    28389      5 : 9.92e+01  9.87e+01  8.24e-03
1 :         924 :     17     23 :   0  7      20   0  7      46 :    27456    28389    36063    37795      5 : 9.92e+01  9.88e+01  7.38e-03
1 :        1289 :     24     17 :   0  7      50   0  7      20 :    37796    38258    27456    28389      3 : 9.90e+01  9.81e+01  5.51e-03
1 :         925 :     17     24 :   0  7      20   0  7      50 :    27456    28389    37796    38258      3 : 9.90e+01  9.81e+01  4.54e-03
1 :        1342 :     25     17 :   0  7      59   0  7      20 :    38259    39857    27456    28389      3 : 9.95e+01  9.88e+01  6.32e-03
1 :         926 :     17     25 :   0  7      20   0  7      59 :    27456    28389    38259    39857      3 : 9.95e+01  9.88e+01  5.63e-03
1 :        1395 :     26     17 :   0  7      60   0  7      20 :    39858    40314    27456    28389      3 : 9.90e+01  9.80e+01  5.39e-03
1 :         927 :     17     26 :   0  7      20   0  7      60 :    27456    28389    39858    40314      3 : 9.90e+01  9.80e+01  4.50e-03
1 :        1448 :     27     17 :   0  8      65   0  7      20 :    40315    42013    27456    28389     10 : 9.83e+01  9.85e+01  3.58e-02
1 :         928 :     17     27 :   0  7      20   0  8      65 :    27456    28389    40315    42013     10 : 9.83e+01  9.83e+01  3.43e-02
1 :        1501 :     28     17 :   0  8      66   0  7      20 :    42014    42768    27456    28389      9 : 9.78e+01  9.81e+01  3.48e-02
1 :         929 :     17     28 :   0  7      20   0  8      66 :    27456    28389    42014    42768      9 : 9.78e+01  9.78e+01  3.28e-02
1 :        1554 :     29     17 :   0  8      67   0  7      20 :    42769    43712    27456    28389      3 : 9.94e+01  9.83e+01  5.13e-03
1 :         930 :     17     29 :   0  7      20   0  8      67 :    27456    28389    42769    43712      3 : 9.94e+01  9.83e+01  4.03e-03
1 :        1607 :     30     17 :   0  8      68   0  7      20 :    43713    45403    27456    28389      5 : 9.92e+01  9.85e+01  5.91e-03
1 :         931 :     17     30 :   0  7      20   0  8      68 :    27456    28389    43713    45403      5 : 9.92e+01  9.87e+01  5.01e-03
1 :        1660 :     31     17 :   0  8      71   0  7      20 :    45404    47057    27456    28389      5 : 9.92e+01  9.85e+01  5.88e-03
1 :         932 :     17     31 :   0  7      20   0  8      71 :    27456    28389    45404    47057      5 : 9.92e+01  9.85e+01  5.03e-03
1 :        1713 :     32     17 :   0  8      72   0  7      20 :    47058    49013    27456    28389      5 : 9.92e+01  9.86e+01  6.05e-03
1 :         933 :     17     32 :   0  7      20   0  8      72 :    27456    28389    47058    49013      5 : 9.92e+01  9.86e+01  5.39e-03
1 :        1766 :     33     17 :   0  8      73   0  7      20 :    49014    49752    27456    28389      3 : 9.93e+01  9.85e+01  4.83e-03
1 :         934 :     17     33 :   0  7      20   0  8      73 :    27456    28389    49014    49752      3 : 9.93e+01  9.85e+01  3.77e-03
1 :        1819 :     34     17 :   0  8      74   0  7      20 :    49753    51606    27456    28389      3 : 9.95e+01  9.86e+01  5.45e-03
1 :         935 :     17     34 :   0  7      20   0  8      74 :    27456    28389    49753    51606      3 : 9.95e+01  9.87e+01  4.66e-03
1 :        1872 :     35     17 :   0  8      75   0  7      20 :    51607    53340    27456    28389      3 : 9.95e+01  9.88e+01  5.32e-03
1 :         936 :     17     35 :   0  7      20   0  8      75 :    27456    28389    51607    53340      3 : 9.95e+01  9.88e+01  4.39e-03
1 :        1925 :     36     17 :   0  8      76   0  7      20 :    53341    54448    27456    28389      4 : 9.92e+01  9.86e+01  5.82e-03
1 :         937 :     17     36 :   0  7      20   0  8      76 :    27456    28389    53341    54448      4 : 9.92e+01  9.86e+01  4.93e-03
1 :        1978 :     37     17 :   0  8      77   0  7      20 :    54449    56151    27456    28389      3 : 9.95e+01  9.85e+01  5.45e-03
1 :         938 :     17     37 :   0  7      20   0  8      77 :    27456    28389    54449    56151      3 : 9.95e+01  9.85e+01  4.66e-03
1 :        2031 :     38     17 :   0  8      78   0  7      20 :    56152    58105    27456    28389      3 : 9.95e+01  9.86e+01  5.60e-03
1 :         939 :     17     38 :   0  7      20   0  8      78 :    27456    28389    56152    58105      3 : 9.95e+01  9.87e+01  4.81e-03
1 :        2084 :     39     17 :   0  8      83   0  7      20 :    58106    60074    27456    28389      4 : 9.94e+01  9.86e+01  5.98e-03
1 :         940 :     17     39 :   0  7      20   0  8      83 :    27456    28389    58106    60074      4 : 9.94e+01  9.86e+01  5.17e-03
1 :        2137 :     40     17 :   0  8      84   0  7      20 :    60075    61735    27456    28389      3 : 9.95e+01  9.87e+01  5.43e-03
1 :         941 :     17     40 :   0  7      20   0  8      84 :    27456    28389    60075    61735      3 : 9.95e+01  9.87e+01  4.57e-03
1 :        2190 :     41     17 :   0  8      85   0  7      20 :    61736    62505    27456    28389      8 : 9.81e+01  9.81e+01  2.24e-02
1 :         942 :     17     41 :   0  7      20   0  8      85 :    27456    28389    61736    62505      9 : 9.79e+01  9.81e+01  2.16e-02
1 :        2243 :     42     17 :   0  8      86   0  7      20 :    62506    64201    27456    28389      5 : 9.92e+01  9.85e+01  6.99e-03
1 :         943 :     17     42 :   0  7      20   0  8      86 :    27456    28389    62506    64201      5 : 9.92e+01  9.87e+01  5.88e-03
1 :        2296 :     43     17 :   0  8      87   0  7      20 :    64202    65898    27456    28389      4 : 9.93e+01  9.87e+01  5.54e-03
1 :         944 :     17     43 :   0  7      20   0  8      87 :    27456    28389    64202    65898      4 : 9.93e+01  9.87e+01  4.58e-03
1 :        2349 :     44     17 :   0  8      88   0  7      20 :    65899    66838    27456    28389      3 : 9.94e+01  9.85e+01  4.94e-03
1 :         945 :     17     44 :   0  7      20   0  8      88 :    27456    28389    65899    66838      3 : 9.94e+01  9.85e+01  3.87e-03
1 :        2402 :     45     17 :   0  8      89   0  7      20 :    66839    68824    27456    28389      3 : 9.95e+01  9.87e+01  5.55e-03
1 :         946 :     17     45 :   0  7      20   0  8      89 :    27456    28389    66839    68824      3 : 9.95e+01  9.87e+01  4.80e-03
1 :        2455 :     46     17 :   0  8      90   0  7      20 :    68825    70511    27456    28389      4 : 9.93e+01  9.88e+01  5.58e-03
1 :         947 :     17     46 :   0  7      20   0  8      90 :    27456    28389    68825    70511      4 : 9.93e+01  9.87e+01  4.73e-03
1 :        2508 :     47     17 :   0  8      93   0  7      20 :    70512    72369    27456    28389      4 : 9.94e+01  9.87e+01  5.67e-03
1 :         948 :     17     47 :   0  7      20   0  8      93 :    27456    28389    70512    72369      4 : 9.94e+01  9.89e+01  7.78e-03
1 :        2561 :     48     17 :   0  8      94   0  7      20 :    72370    73108    27456    28389      3 : 9.93e+01  9.85e+01  6.89e-03
1 :         949 :     17     48 :   0  7      20   0  8      94 :    27456    28389    72370    73108      3 : 9.93e+01  9.85e+01  6.71e-03
1 :        2614 :     49     17 :   0  8      95   0  7      20 :    73109    74219    27456    28389      3 : 9.94e+01  9.86e+01  9.87e-03
1 :         950 :     17     49 :   0  7      20   0  8      95 :    27456    28389    73109    74219      3 : 9.94e+01  9.86e+01  7.86e-03
1 :        2667 :     50     17 :   0  8      96   0  7      20 :    74220    76059    27456    28389      3 : 9.95e+01  9.89e+01  7.94e-03
1 :         951 :     17     50 :   0  7      20   0  8      96 :    27456    28389    74220    76059      3 : 9.95e+01  9.89e+01  4.47e-03
1 :        2720 :     51     17 :   0  8      97   0  7      20 :    76060    77572    27456    28389      3 : 9.95e+01  9.88e+01  5.17e-03
1 :         952 :     17     51 :   0  7      20   0  8      97 :    27456    28389    76060    77572      3 : 9.95e+01  9.88e+01  4.26e-03
1 :        2773 :     52     17 :   0  8      98   0  7      20 :    77573    77654    27456    28389      4 : 9.47e+01  9.34e+01  4.59e-03
1 :         953 :     17     52 :   0  7      20   0  8      98 :    27456    28389    77573    77654      4 : 9.47e+01  9.34e+01  3.30e-03
0 :         972 :     18     18 :   0  7      25   0  7      25 :    28390    30099    28390    30099      0 : 0.00e+00  0.00e+00  9.30e-01
0 :        1025 :     19     18 :   0  7      26   0  7      25 :    30100    31020    28390    30099      0 : 0.00e+00  0.00e+00  3.14e-01
0 :         973 :     18     19 :   0  7      25   0  7      26 :    28390    30099    30100    31020      0 : 0.00e+00  0.00e+00  3.12e-01
1 :        1078 :     20     18 :   0  7      35   0  7      25 :    31021    32680    28390    30099     11 : 9.87e+01  9.87e+01  1.43e-01
1 :         974 :     18     20 :   0  7      25   0  7      35 :    28390    30099    31021    32680     12 : 9.86e+01  9.87e+01  1.38e-01
1 :        1131 :     21     18 :   0  7      40   0  7      25 :    32681    34410    28390    30099      3 : 9.97e+01  9.90e+01  1.40e-02
1 :         975 :     18     21 :   0  7      25   0  7      40 :    28390    30099    32681    34410      3 : 9.97e+01  9.88e+01  1.21e-02
1 :        1184 :     22     18 :   0  7      41   0  7      25 :    34411    36062    28390    30099      9 : 9.89e+01  9.87e+01  1.79e-01
1 :         976 :     18     22 :   0  7      25   0  7      41 :    28390    30099    34411    36062     12 : 9.86e+01  9.87e+01  1.82e-01
1 :        1237 :     23     18 :   0  7      46   0  7      25 :    36063    37795    28390    30099      3 : 9.97e+01  9.88e+01  1.40e-02
1 :         977 :     18     23 :   0  7      25   0  7      46 :    28390    30099    36063    37795      3 : 9.97e+01  9.88e+01  1.21e-02
1 :        1290 :     24     18 :   0  7      50   0  7      25 :    37796    38258    28390    30099      3 : 9.92e+01  9.81e+01  1.14e-02
1 :         978 :     18     24 :   0  7      25   0  7      50 :    28390    30099    37796    38258      3 : 9.92e+01  9.81e+01  9.22e-03
1 :        1343 :     25     18 :   0  7      59   0  7      25 :    38259    39857    28390    30099      3 : 9.96e+01  9.90e+01  1.23e-02
1 :         979 :     18     25 :   0  7      25   0  7      59 :    28390    30099    38259    39857      3 : 9.96e+01  9.89e+01  1.04e-02
1 :        1396 :     26     18 :   0  7      60   0  7      25 :    39858    40314    28390    30099      3 : 9.92e+01  9.83e+01  1.14e-02
1 :         980 :     18     26 :   0  7      25   0  7      60 :    28390    30099    39858    40314      3 : 9.92e+01  9.81e+01  9.16e-03
1 :        1449 :     27     18 :   0  8      65   0  7      25 :    40315    42013    28390    30099      5 : 9.94e+01  9.88e+01  1.33e-02
1 :         981 :     18     27 :   0  7      25   0  8      65 :    28390    30099    40315    42013      5 : 9.94e+01  9.88e+01  1.21e-02
1 :        1502 :     28     18 :   0  8      66   0  7      25 :    42014    42768    28390    30099      7 : 9.87e+01  9.87e+01  4.25e-02
1 :         982 :     18     28 :   0  7      25   0  8      66 :    28390    30099    42014    42768      8 : 9.85e+01  9.85e+01  3.98e-02
1 :        1555 :     29     18 :   0  8      67   0  7      25 :    42769    43712    28390    30099      3 : 9.95e+01  9.88e+01  1.10e-02
1 :         983 :     18     29 :   0  7      25   0  8      67 :    28390    30099    42769    43712      3 : 9.95e+01  9.87e+01  8.93e-03
1 :        1608 :     30     18 :   0  8      68   0  7      25 :    43713    45403    28390    30099      3 : 9.96e+01  9.88e+01  1.17e-02
1 :         984 :     18     30 :   0  7      25   0  8      68 :    28390    30099    43713    45403      3 : 9.96e+01  9.88e+01  9.68e-03
1 :        1661 :     31     18 :   0  8      71   0  7      25 :    45404    47057    28390    30099      3 : 9.96e+01  9.88e+01  1.16e-02
1 :         985 :     18     31 :   0  7      25   0  8      71 :    28390    30099    45404    47057      3 : 9.96e+01  9.87e+01  9.81e-03
1 :        1714 :     32     18 :   0  8      72   0  7      25 :    47058    49013    28390    30099      3 : 9.97e+01  9.89e+01  1.18e-02
1 :         986 :     18     32 :   0  7      25   0  8      72 :    28390    30099    47058    49013      3 : 9.97e+01  9.88e+01  1.04e-02
1 :        1767 :     33     18 :   0  8      73   0  7      25 :    49014    49752    28390    30099      3 : 9.94e+01  9.88e+01  1.10e-02
1 :         987 :     18     33 :   0  7      25   0  8      73 :    28390    30099    49014    49752      3 : 9.94e+01  9.86e+01  8.53e-03
1 :        1820 :     34     18 :   0  8      74   0  7      25 :    49753    51606    28390    30099      3 : 9.97e+01  9.89e+01  1.16e-02
1 :         988 :     18     34 :   0  7      25   0  8      74 :    28390    30099    49753    51606      3 : 9.97e+01  9.89e+01  9.62e-03
1 :        1873 :     35     18 :   0  8      75   0  7      25 :    51607    53340    28390    30099      3 : 9.97e+01  9.90e+01  1.15e-02
1 :         989 :     18     35 :   0  7      25   0  8      75 :    28390    30099    51607    53340      3 : 9.97e+01  9.90e+01  9.27e-03
1 :        1926 :     36     18 :   0  8      76   0  7      25 :    53341    54448    28390    30099      3 : 9.96e+01  9.90e+01  1.17e-02
1 :         990 :     18     36 :   0  7      25   0  8      76 :    28390    30099    53341    54448      3 : 9.96e+01  9.90e+01  9.64e-03
1 :        1979 :     37     18 :   0  8      77   0  7      25 :    54449    56151    28390    30099      3 : 9.96e+01  9.88e+01  1.16e-02
1 :         991 :     18     37 :   0  7      25   0  8      77 :    28390    30099    54449    56151      3 : 9.96e+01  9.88e+01  9.54e-03
1 :        2032 :     38     18 :   0  8      78   0  7      25 :    56152    58105    28390    30099      3 : 9.97e+01  9.89e+01  1.18e-02
1 :         992 :     18     38 :   0  7      25   0  8      78 :    28390    30099    56152    58105      3 : 9.97e+01  9.89e+01  9.90e-03
1 :        2085 :     39     18 :   0  8      83   0  7      25 :    58106    60074    28390    30099      3 : 9.97e+01  9.89e+01  1.20e-02
1 :         993 :     18     39 :   0  7      25   0  8      83 :    28390    30099    58106    60074      3 : 9.97e+01  9.88e+01  1.03e-02
1 :        2138 :     40     18 :   0  8      84   0  7      25 :    60075    61735    28390    30099      3 : 9.96e+01  9.87e+01  1.18e-02
1 :         994 :     18     40 :   0  7      25   0  8      84 :    28390    30099    60075    61735      3 : 9.96e+01  9.87e+01  9.91e-03
1 :        2191 :     41     18 :   0  8      85   0  7      25 :    61736    62505    28390    30099      7 : 9.87e+01  9.87e+01  6.19e-02
1 :         995 :     18     41 :   0  7      25   0  8      85 :    28390    30099    61736    62505      9 : 9.83e+01  9.85e+01  6.14e-02
1 :        2244 :     42     18 :   0  8      86   0  7      25 :    62506    64201    28390    30099      7 : 9.92e+01  9.87e+01  6.35e-02
1 :         996 :     18     42 :   0  7      25   0  8      86 :    28390    30099    62506    64201      9 : 9.89e+01  9.87e+01  6.22e-02
1 :        2297 :     43     18 :   0  8      87   0  7      25 :    64202    65898    28390    30099      3 : 9.96e+01  9.88e+01  1.20e-02
1 :         997 :     18     43 :   0  7      25   0  8      87 :    28390    30099    64202    65898      3 : 9.96e+01  9.88e+01  9.88e-03
1 :        2350 :     44     18 :   0  8      88   0  7      25 :    65899    66838    28390    30099      3 : 9.95e+01  9.88e+01  1.11e-02
1 :         998 :     18     44 :   0  7      25   0  8      88 :    28390    30099    65899    66838      3 : 9.95e+01  9.87e+01  8.99e-03
1 :        2403 :     45     18 :   0  8      89   0  7      25 :    66839    68824    28390    30099      3 : 9.97e+01  9.89e+01  1.17e-02
1 :         999 :     18     45 :   0  7      25   0  8      89 :    28390    30099    66839    68824      3 : 9.97e+01  9.89e+01  9.92e-03
1 :        2456 :     46     18 :   0  8      90   0  7      25 :    68825    70511    28390    30099      3 : 9.96e+01  9.88e+01  1.16e-02
1 :        1000 :     18     46 :   0  7      25   0  8      90 :    28390    30099    68825    70511      3 : 9.96e+01  9.87e+01  9.73e-03
1 :        2509 :     47     18 :   0  8      93   0  7      25 :    70512    72369    28390    30099      3 : 9.97e+01  9.89e+01  1.17e-02
1 :        1001 :     18     47 :   0  7      25   0  8      93 :    28390    30099    70512    72369      3 : 9.97e+01  9.89e+01  1.99e-02
1 :        2562 :     48     18 :   0  8      94   0  7      25 :    72370    73108    28390    30099      3 : 9.94e+01  9.86e+01  2.01e-02
1 :        1002 :     18     48 :   0  7      25   0  8      94 :    28390    30099    72370    73108      3 : 9.94e+01  9.86e+01  1.55e-02
1 :        2615 :     49     18 :   0  8      95   0  7      25 :    73109    74219    28390    30099      3 : 9.96e+01  9.90e+01  1.17e-02
1 :        1003 :     18     49 :   0  7      25   0  8      95 :    28390    30099    73109    74219      3 : 9.96e+01  9.90e+01  1.03e-02
1 :        2668 :     50     18 :   0  8      96   0  7      25 :    74220    76059    28390    30099      3 : 9.97e+01  9.89e+01  1.16e-02
1 :        1004 :     18     50 :   0  7      25   0  8      96 :    28390    30099    74220    76059      3 : 9.97e+01  9.89e+01  9.40e-03
1 :        2721 :     51     18 :   0  8      97   0  7      25 :    76060    77572    28390    30099      3 : 9.96e+01  9.90e+01  1.13e-02
1 :        1005 :     18     51 :   0  7      25   0  8      97 :    28390    30099    76060    77572      3 : 9.96e+01  9.89e+01  9.21e-03
1 :        2774 :     52     18 :   0  8      98   0  7      25 :    77573    77654    28390    30099      3 : 9.62e+01  9.36e+01  1.06e-02
1 :        1006 :     18     52 :   0  7      25   0  8      98 :    28390    30099    77573    77654      3 : 9.62e+01  9.36e+01  8.04e-03
0 :        1026 :     19     19 :   0  7      26   0  7      26 :    30100    31020    30100    31020      0 : 0.00e+00  0.00e+00  2.27e-01
1 :        1079 :     20     19 :   0  7      35   0  7      26 :    31021    32680    30100    31020     14 : 9.76e+01  9.85e+01  8.03e-02
1 :        1027 :     19     20 :   0  7      26   0  7      35 :    30100    31020    31021    32680     12 : 9.80e+01  9.85e+01  7.59e-02
1 :        1132 :     21     19 :   0  7      40   0  7      26 :    32681    34410    30100    31020      5 : 9.92e+01  9.88e+01  9.39e-03
1 :        1028 :     19     21 :   0  7      26   0  7      40 :    30100    31020    32681    34410      5 : 9.92e+01  9.88e+01  8.38e-03
1 :        1185 :     22     19 :   0  7      41   0  7      26 :    34411    36062    30100    31020     13 : 9.78e+01  9.83e+01  9.88e-02
1 :        1029 :     19     22 :   0  7      26   0  7      41 :    30100    31020    34411    36062     12 : 9.80e+01  9.81e+01  9.94e-02
1 :        1238 :     23     19 :   0  7      46   0  7      26 :    36063    37795    30100    31020      4 : 9.93e+01  9.87e+01  9.38e-03
1 :        1030 :     19     23 :   0  7      26   0  7      46 :    30100    31020    36063    37795      4 : 9.93e+01  9.87e+01  8.39e-03
1 :        1291 :     24     19 :   0  7      50   0  7      26 :    37796    38258    30100    31020      3 : 9.90e+01  9.81e+01  6.51e-03
1 :        1031 :     19     24 :   0  7      26   0  7      50 :    30100    31020    37796    38258      3 : 9.90e+01  9.81e+01  5.39e-03
1 :        1344 :     25     19 :   0  7      59   0  7      26 :    38259    39857    30100    31020      4 : 9.93e+01  9.88e+01  7.58e-03
1 :        1032 :     19     25 :   0  7      26   0  7      59 :    30100    31020    38259    39857      4 : 9.93e+01  9.86e+01  6.66e-03
1 :        1397 :     26     19 :   0  7      60   0  7      26 :    39858    40314    30100    31020      3 : 9.90e+01  9.80e+01  6.45e-03
1 :        1033 :     19     26 :   0  7      26   0  7      60 :    30100    31020    39858    40314      3 : 9.90e+01  9.80e+01  5.33e-03
1 :        1450 :     27     19 :   0  8      65   0  7      26 :    40315    42013    30100    31020      6 : 9.90e+01  9.87e+01  8.27e-03
1 :        1034 :     19     27 :   0  7      26   0  8      65 :    30100    31020    40315    42013      6 : 9.90e+01  9.87e+01  7.65e-03
1 :        1503 :     28     19 :   0  8      66   0  7      26 :    42014    42768    30100    31020      8 : 9.81e+01  9.86e+01  2.42e-02
1 :        1035 :     19     28 :   0  7      26   0  8      66 :    30100    31020    42014    42768      9 : 9.78e+01  9.83e+01  2.20e-02
1 :        1556 :     29     19 :   0  8      67   0  7      26 :    42769    43712    30100    31020      3 : 9.94e+01  9.85e+01  6.16e-03
1 :        1036 :     19     29 :   0  7      26   0  8      67 :    30100    31020    42769    43712      3 : 9.94e+01  9.85e+01  4.83e-03
1 :        1609 :     30     19 :   0  8      68   0  7      26 :    43713    45403    30100    31020      3 : 9.95e+01  9.87e+01  6.59e-03
1 :        1037 :     19     30 :   0  7      26   0  8      68 :    30100    31020    43713    45403      3 : 9.95e+01  9.87e+01  5.62e-03
1 :        1662 :     31     19 :   0  8      71   0  7      26 :    45404    47057    30100    31020      3 : 9.95e+01  9.86e+01  6.55e-03
1 :        1038 :     19     31 :   0  7      26   0  8      71 :    30100    31020    45404    47057      3 : 9.95e+01  9.86e+01  5.56e-03
1 :        1715 :     32     19 :   0  8      72   0  7      26 :    47058    49013    30100    31020      5 : 9.92e+01  9.86e+01  7.22e-03
1 :        1039 :     19     32 :   0  7      26   0  8      72 :    30100    31020    47058    49013      5 : 9.92e+01  9.87e+01  6.27e-03
1 :        1768 :     33     19 :   0  8      73   0  7      26 :    49014    49752    30100    31020      3 : 9.93e+01  9.85e+01  5.87e-03
1 :        1040 :     19     33 :   0  7      26   0  8      73 :    30100    31020    49014    49752      3 : 9.93e+01  9.83e+01  4.56e-03
1 :        1821 :     34     19 :   0  8      74   0  7      26 :    49753    51606    30100    31020      4 : 9.93e+01  9.89e+01  6.75e-03
1 :        1041 :     19     34 :   0  7      26   0  8      74 :    30100    31020    49753    51606      4 : 9.93e+01  9.87e+01  5.80e-03
1 :        1874 :     35     19 :   0  8      75   0  7      26 :    51607    53340    30100    31020      3 : 9.95e+01  9.88e+01  6.38e-03
1 :        1042 :     19     35 :   0  7      26   0  8      75 :    30100    31020    51607    53340      3 : 9.95e+01  9.88e+01  5.32e-03
1 :        1927 :     36     19 :   0  8      76   0  7      26 :    53341    54448    30100    31020      3 : 9.94e+01  9.86e+01  6.76e-03
1 :        1043 :     19     36 :   0  7      26   0  8      76 :    30100    31020    53341    54448      3 : 9.94e+01  9.86e+01  5.83e-03
1 :        1980 :     37     19 :   0  8      77   0  7      26 :    54449    56151    30100    31020      4 : 9.93e+01  9.88e+01  6.72e-03
1 :        1044 :     19     37 :   0  7      26   0  8      77 :    30100    31020    54449    56151      4 : 9.93e+01  9.87e+01  5.75e-03
1 :        2033 :     38     19 :   0  8      78   0  7      26 :    56152    58105    30100    31020      3 : 9.95e+01  9.87e+01  6.69e-03
1 :        1045 :     19     38 :   0  7      26   0  8      78 :    30100    31020    56152    58105      3 : 9.95e+01  9.87e+01  5.79e-03
1 :        2086 :     39     19 :   0  8      83   0  7      26 :    58106    60074    30100    31020      5 : 9.92e+01  9.87e+01  7.21e-03
1 :        1046 :     19     39 :   0  7      26   0  8      83 :    30100    31020    58106    60074      5 : 9.92e+01  9.86e+01  6.36e-03
1 :        2139 :     40     19 :   0  8      84   0  7      26 :    60075    61735    30100    31020      5 : 9.92e+01  9.85e+01  6.94e-03
1 :        1047 :     19     40 :   0  7      26   0  8      84 :    30100    31020    60075    61735      5 : 9.92e+01  9.85e+01  6.01e-03
1 :        2192 :     41     19 :   0  8      85   0  7      26 :    61736    62505    30100    31020      9 : 9.79e+01  9.81e+01  3.44e-02
1 :        1048 :     19     41 :   0  7      26   0  8      85 :    30100    31020    61736    62505     11 : 9.74e+01  9.81e+01  3.41e-02
1 :        2245 :     42     19 :   0  8      86   0  7      26 :    62506    64201    30100    31020      8 : 9.87e+01  9.85e+01  3.55e-02
1 :        1049 :     19     42 :   0  7      26   0  8      86 :    30100    31020    62506    64201      9 : 9.85e+01  9.85e+01  3.43e-02
1 :        2298 :     43     19 :   0  8      87   0  7      26 :    64202    65898    30100    31020      5 : 9.92e+01  9.85e+01  7.21e-03
1 :        1050 :     19     43 :   0  7      26   0  8      87 :    30100    31020    64202    65898      5 : 9.92e+01  9.85e+01  6.08e-03
1 :        2351 :     44     19 :   0  8      88   0  7      26 :    65899    66838    30100    31020      3 : 9.94e+01  9.85e+01  6.09e-03
1 :        1051 :     19     44 :   0  7      26   0  8      88 :    30100    31020    65899    66838      3 : 9.94e+01  9.83e+01  4.90e-03
1 :        2404 :     45     19 :   0  8      89   0  7      26 :    66839    68824    30100    31020      3 : 9.95e+01  9.87e+01  6.74e-03
1 :        1052 :     19     45 :   0  7      26   0  8      89 :    30100    31020    66839    68824      3 : 9.95e+01  9.87e+01  5.87e-03
1 :        2457 :     46     19 :   0  8      90   0  7      26 :    68825    70511    30100    31020      3 : 9.95e+01  9.87e+01  6.54e-03
1 :        1053 :     19     46 :   0  7      26   0  8      90 :    30100    31020    68825    70511      3 : 9.95e+01  9.87e+01  5.61e-03
1 :        2510 :     47     19 :   0  8      93   0  7      26 :    70512    72369    30100    31020      3 : 9.95e+01  9.85e+01  6.63e-03
1 :        1054 :     19     47 :   0  7      26   0  8      93 :    30100    31020    70512    72369      3 : 9.95e+01  9.87e+01  5.67e-03
1 :        2563 :     48     19 :   0  8      94   0  7      26 :    72370    73108    30100    31020      4 : 9.90e+01  9.83e+01  6.05e-03
1 :        1055 :     19     48 :   0  7      26   0  8      94 :    30100    31020    72370    73108      4 : 9.90e+01  9.85e+01  4.74e-03
1 :        2616 :     49     19 :   0  8      95   0  7      26 :    73109    74219    30100    31020      3 : 9.94e+01  9.86e+01  6.75e-03
1 :        1056 :     19     49 :   0  7      26   0  8      95 :    30100    31020    73109    74219      3 : 9.94e+01  9.86e+01  5.75e-03
1 :        2669 :     50     19 :   0  8      96   0  7      26 :    74220    76059    30100    31020      3 : 9.95e+01  9.87e+01  6.54e-03
1 :        1057 :     19     50 :   0  7      26   0  8      96 :    30100    31020    74220    76059      3 : 9.95e+01  9.89e+01  5.46e-03
1 :        2722 :     51     19 :   0  8      97   0  7      26 :    76060    77572    30100    31020      3 : 9.95e+01  9.88e+01  6.25e-03
1 :        1058 :     19     51 :   0  7      26   0  8      97 :    30100    31020    76060    77572      3 : 9.95e+01  9.88e+01  5.20e-03
1 :        2775 :     52     19 :   0  8      98   0  7      26 :    77573    77654    30100    31020      3 : 9.60e+01  9.34e+01  5.57e-03
1 :        1059 :     19     52 :   0  7      26   0  8      98 :    30100    31020    77573    77654      3 : 9.60e+01  9.34e+01  4.13e-03
0 :        1080 :     20     20 :   0  7      35   0  7      35 :    31021    32680    31021    32680      0 : 0.00e+00  0.00e+00  7.43e-01
1 :        1133 :     21     20 :   0  7      40   0  7      35 :    32681    34410    31021    32680      5 : 9.94e+01  9.87e+01  1.12e-02
1 :        1081 :     20     21 :   0  7      35   0  7      40 :    31021    32680    32681    34410      5 : 9.94e+01  9.86e+01  9.39e-03
0 :        1186 :     22     20 :   0  7      41   0  7      35 :    34411    36062    31021    32680      0 : 0.00e+00  0.00e+00  3.98e-01
0 :        1082 :     20     22 :   0  7      35   0  7      41 :    31021    32680    34411    36062      0 : 0.00e+00  0.00e+00  3.47e-01
1 :        1239 :     23     20 :   0  7      46   0  7      35 :    36063    37795    31021    32680      5 : 9.94e+01  9.87e+01  1.08e-02
1 :        1083 :     20     23 :   0  7      35   0  7      46 :    31021    32680    36063    37795      5 : 9.94e+01  9.87e+01  8.77e-03
1 :        1292 :     24     20 :   0  7      50   0  7      35 :    37796    38258    31021    32680      3 : 9.92e+01  9.81e+01  7.34e-03
1 :        1084 :     20     24 :   0  7      35   0  7      50 :    31021    32680    37796    38258      3 : 9.92e+01  9.78e+01  5.38e-03
1 :        1345 :     25     20 :   0  7      59   0  7      35 :    38259    39857    31021    32680      4 : 9.95e+01  9.89e+01  8.51e-03
1 :        1085 :     20     25 :   0  7      35   0  7      59 :    31021    32680    38259    39857      4 : 9.95e+01  9.89e+01  6.76e-03
1 :        1398 :     26     20 :   0  7      60   0  7      35 :    39858    40314    31021    32680      4 : 9.89e+01  9.83e+01  7.42e-03
1 :        1086 :     20     26 :   0  7      35   0  7      60 :    31021    32680    39858    40314      4 : 9.89e+01  9.83e+01  5.38e-03
1 :        1451 :     27     20 :   0  8      65   0  7      35 :    40315    42013    31021    32680     11 : 9.87e+01  9.82e+01  6.54e-02
1 :        1087 :     20     27 :   0  7      35   0  8      65 :    31021    32680    40315    42013     10 : 9.88e+01  9.85e+01  5.81e-02
0 :        1504 :     28     20 :   0  8      66   0  7      35 :    42014    42768    31021    32680      0 : 0.00e+00  0.00e+00  2.06e-01
0 :        1088 :     20     28 :   0  7      35   0  8      66 :    31021    32680    42014    42768      0 : 0.00e+00  0.00e+00  1.54e-01
1 :        1557 :     29     20 :   0  8      67   0  7      35 :    42769    43712    31021    32680      5 : 9.92e+01  9.82e+01  7.82e-03
1 :        1089 :     20     29 :   0  7      35   0  8      67 :    31021    32680    42769    43712      5 : 9.92e+01  9.80e+01  5.73e-03
0 :        1610 :     30     20 :   0  8      68   0  7      35 :    43713    45403    31021    32680      0 : 0.00e+00  0.00e+00  3.05e-01
0 :        1090 :     20     30 :   0  7      35   0  8      68 :    31021    32680    43713    45403      0 : 0.00e+00  0.00e+00  2.52e-01
0 :        1663 :     31     20 :   0  8      71   0  7      35 :    45404    47057    31021    32680      0 : 0.00e+00  0.00e+00  2.96e-01
0 :        1091 :     20     31 :   0  7      35   0  8      71 :    31021    32680    45404    47057      0 : 0.00e+00  0.00e+00  2.47e-01
0 :        1716 :     32     20 :   0  8      72   0  7      35 :    47058    49013    31021    32680      0 : 0.00e+00  0.00e+00  3.74e-01
0 :        1092 :     20     32 :   0  7      35   0  8      72 :    31021    32680    47058    49013      0 : 0.00e+00  0.00e+00  2.92e-01
1 :        1769 :     33     20 :   0  8      73   0  7      35 :    49014    49752    31021    32680      5 : 9.90e+01  9.84e+01  7.64e-03
1 :        1093 :     20     33 :   0  7      35   0  8      73 :    31021    32680    49014    49752      5 : 9.90e+01  9.84e+01  5.31e-03
1 :        1822 :     34     20 :   0  8      74   0  7      35 :    49753    51606    31021    32680      6 : 9.93e+01  9.84e+01  9.36e-03
1 :        1094 :     20     34 :   0  7      35   0  8      74 :    31021    32680    49753    51606      6 : 9.93e+01  9.84e+01  7.47e-03
1 :        1875 :     35     20 :   0  8      75   0  7      35 :    51607    53340    31021    32680      3 : 9.96e+01  9.87e+01  7.44e-03
1 :        1095 :     20     35 :   0  7      35   0  8      75 :    31021    32680    51607    53340      3 : 9.96e+01  9.86e+01  5.57e-03
1 :        1928 :     36     20 :   0  8      76   0  7      35 :    53341    54448    31021    32680      3 : 9.95e+01  9.85e+01  7.67e-03
1 :        1096 :     20     36 :   0  7      35   0  8      76 :    31021    32680    53341    54448      3 : 9.95e+01  9.85e+01  5.79e-03
1 :        1981 :     37     20 :   0  8      77   0  7      35 :    54449    56151    31021    32680      6 : 9.93e+01  9.83e+01  9.13e-03
1 :        1097 :     20     37 :   0  7      35   0  8      77 :    31021    32680    54449    56151      6 : 9.93e+01  9.82e+01  7.38e-03
1 :        2034 :     38     20 :   0  8      78   0  7      35 :    56152    58105    31021    32680      6 : 9.93e+01  9.83e+01  9.42e-03
1 :        1098 :     20     38 :   0  7      35   0  8      78 :    31021    32680    56152    58105      6 : 9.93e+01  9.84e+01  7.70e-03
0 :        2087 :     39     20 :   0  8      83   0  7      35 :    58106    60074    31021    32680      0 : 0.00e+00  0.00e+00  3.52e-01
0 :        1099 :     20     39 :   0  7      35   0  8      83 :    31021    32680    58106    60074      0 : 0.00e+00  0.00e+00  2.94e-01
1 :        2140 :     40     20 :   0  8      84   0  7      35 :    60075    61735    31021    32680      5 : 9.94e+01  9.83e+01  8.96e-03
1 :        1100 :     20     40 :   0  7      35   0  8      84 :    31021    32680    60075    61735      5 : 9.94e+01  9.84e+01  6.84e-03
1 :        2193 :     41     20 :   0  8      85   0  7      35 :    61736    62505    31021    32680      7 : 9.87e+01  9.85e+01  3.73e-02
1 :        1101 :     20     41 :   0  7      35   0  8      85 :    31021    32680    61736    62505      7 : 9.87e+01  9.83e+01  3.52e-02
1 :        2246 :     42     20 :   0  8      86   0  7      35 :    62506    64201    31021    32680      5 : 9.94e+01  9.87e+01  9.51e-03
1 :        1102 :     20     42 :   0  7      35   0  8      86 :    31021    32680    62506    64201      4 : 9.95e+01  9.88e+01  7.24e-03
1 :        2299 :     43     20 :   0  8      87   0  7      35 :    64202    65898    31021    32680      5 : 9.94e+01  9.87e+01  8.52e-03
1 :        1103 :     20     43 :   0  7      35   0  8      87 :    31021    32680    64202    65898      5 : 9.94e+01  9.87e+01  6.64e-03
1 :        2352 :     44     20 :   0  8      88   0  7      35 :    65899    66838    31021    32680      3 : 9.95e+01  9.88e+01  6.85e-03
1 :        1104 :     20     44 :   0  7      35   0  8      88 :    31021    32680    65899    66838      3 : 9.95e+01  9.87e+01  4.82e-03
1 :        2405 :     45     20 :   0  8      89   0  7      35 :    66839    68824    31021    32680      5 : 9.94e+01  9.86e+01  8.82e-03
1 :        1105 :     20     45 :   0  7      35   0  8      89 :    31021    32680    66839    68824      5 : 9.94e+01  9.87e+01  7.12e-03
1 :        2458 :     46     20 :   0  8      90   0  7      35 :    68825    70511    31021    32680      5 : 9.94e+01  9.86e+01  8.41e-03
1 :        1106 :     20     46 :   0  7      35   0  8      90 :    31021    32680    68825    70511      5 : 9.94e+01  9.86e+01  6.66e-03
1 :        2511 :     47     20 :   0  8      93   0  7      35 :    70512    72369    31021    32680      4 : 9.95e+01  9.86e+01  8.06e-03
1 :        1107 :     20     47 :   0  7      35   0  8      93 :    31021    32680    70512    72369      4 : 9.95e+01  9.87e+01  6.00e-03
1 :        2564 :     48     20 :   0  8      94   0  7      35 :    72370    73108    31021    32680      3 : 9.94e+01  9.86e+01  6.71e-03
1 :        1108 :     20     48 :   0  7      35   0  8      94 :    31021    32680    72370    73108      3 : 9.94e+01  9.86e+01  4.53e-03
1 :        2617 :     49     20 :   0  8      95   0  7      35 :    73109    74219    31021    32680      3 : 9.95e+01  9.88e+01  7.60e-03
1 :        1109 :     20     49 :   0  7      35   0  8      95 :    31021    32680    73109    74219      3 : 9.95e+01  9.88e+01  5.73e-03
1 :        2670 :     50     20 :   0  8      96   0  7      35 :    74220    76059    31021    32680      3 : 9.97e+01  9.90e+01  7.42e-03
1 :        1110 :     20     50 :   0  7      35   0  8      96 :    31021    32680    74220    76059      3 : 9.97e+01  9.89e+01  5.51e-03
1 :        2723 :     51     20 :   0  8      97   0  7      35 :    76060    77572    31021    32680      3 : 9.96e+01  9.89e+01  7.15e-03
1 :        1111 :     20     51 :   0  7      35   0  8      97 :    31021    32680    76060    77572      3 : 9.96e+01  9.89e+01  5.18e-03
1 :        2776 :     52     20 :   0  8      98   0  7      35 :    77573    77654    31021    32680      4 : 9.49e+01  9.23e+01  6.46e-03
1 :        1112 :     20     52 :   0  7      35   0  8      98 :    31021    32680    77573    77654      4 : 9.49e+01  9.10e+01  4.15e-03
0 :        1134 :     21     21 :   0  7      40   0  7      40 :    32681    34410    32681    34410      0 : 0.00e+00  0.00e+00  7.93e-01
1 :        1187 :     22     21 :   0  7      41   0  7      40 :    34411    36062    32681    34410      5 : 9.94e+01  9.86e+01  1.15e-02
1 :        1135 :     21     22 :   0  7      40   0  7      41 :    32681    34410    34411    36062      5 : 9.94e+01  9.87e+01  1.08e-02
0 :        1240 :     23     21 :   0  7      46   0  7      40 :    36063    37795    32681    34410      0 : 0.00e+00  0.00e+00  4.52e-01
0 :        1136 :     21     23 :   0  7      40   0  7      46 :    32681    34410    36063    37795      0 : 0.00e+00  0.00e+00  3.90e-01
1 :        1293 :     24     21 :   0  7      50   0  7      40 :    37796    38258    32681    34410     11 : 9.70e+01  9.73e+01  3.92e-02
1 :        1137 :     21     24 :   0  7      40   0  7      50 :    32681    34410    37796    38258     11 : 9.70e+01  9.70e+01  4.39e-02
1 :        1346 :     25     21 :   0  7      59   0  7      40 :    38259    39857    32681    34410      7 : 9.92e+01  9.87e+01  7.57e-02
1 :        1138 :     21     25 :   0  7      40   0  7      59 :    32681    34410    38259    39857      6 : 9.93e+01  9.87e+01  6.85e-02
1 :        1399 :     26     21 :   0  7      60   0  7      40 :    39858    40314    32681    34410      9 : 9.75e+01  9.78e+01  2.75e-02
1 :        1139 :     21     26 :   0  7      40   0  7      60 :    32681    34410    39858    40314      9 : 9.75e+01  9.75e+01  2.37e-02
1 :        1452 :     27     21 :   0  8      65   0  7      40 :    40315    42013    32681    34410      5 : 9.94e+01  9.87e+01  8.57e-03
1 :        1140 :     21     27 :   0  7      40   0  8      65 :    32681    34410    40315    42013      5 : 9.94e+01  9.87e+01  7.23e-03
1 :        1505 :     28     21 :   0  8      66   0  7      40 :    42014    42768    32681    34410      5 : 9.90e+01  9.85e+01  7.73e-03
1 :        1141 :     21     28 :   0  7      40   0  8      66 :    32681    34410    42014    42768      5 : 9.90e+01  9.85e+01  6.28e-03
1 :        1558 :     29     21 :   0  8      67   0  7      40 :    42769    43712    32681    34410      5 : 9.92e+01  9.84e+01  7.06e-03
1 :        1142 :     21     29 :   0  7      40   0  8      67 :    32681    34410    42769    43712      5 : 9.92e+01  9.85e+01  5.28e-03
1 :        1611 :     30     21 :   0  8      68   0  7      40 :    43713    45403    32681    34410      6 : 9.93e+01  9.85e+01  9.63e-03
1 :        1143 :     21     30 :   0  7      40   0  8      68 :    32681    34410    43713    45403      6 : 9.93e+01  9.84e+01  8.34e-03
1 :        1664 :     31     21 :   0  8      71   0  7      40 :    45404    47057    32681    34410      6 : 9.93e+01  9.83e+01  9.55e-03
1 :        1144 :     21     31 :   0  7      40   0  8      71 :    32681    34410    45404    47057      6 : 9.93e+01  9.82e+01  8.36e-03
1 :        1717 :     32     21 :   0  8      72   0  7      40 :    47058    49013    32681    34410      6 : 9.93e+01  9.86e+01  1.01e-02
1 :        1145 :     21     32 :   0  7      40   0  8      72 :    32681    34410    47058    49013      6 : 9.93e+01  9.85e+01  9.11e-03
1 :        1770 :     33     21 :   0  8      73   0  7      40 :    49014    49752    32681    34410      5 : 9.90e+01  9.81e+01  6.87e-03
1 :        1146 :     21     33 :   0  7      40   0  8      73 :    32681    34410    49014    49752      5 : 9.90e+01  9.81e+01  5.16e-03
0 :        1823 :     34     21 :   0  8      74   0  7      40 :    49753    51606    32681    34410      0 : 0.00e+00  0.00e+00  3.62e-01
0 :        1147 :     21     34 :   0  7      40   0  8      74 :    32681    34410    49753    51606      0 : 0.00e+00  0.00e+00  3.02e-01
1 :        1876 :     35     21 :   0  8      75   0  7      40 :    51607    53340    32681    34410      7 : 9.92e+01  9.83e+01  9.31e-03
1 :        1148 :     21     35 :   0  7      40   0  8      75 :    32681    34410    51607    53340      7 : 9.92e+01  9.84e+01  7.56e-03
0 :        1929 :     36     21 :   0  8      76   0  7      40 :    53341    54448    32681    34410      0 : 0.00e+00  0.00e+00  2.52e-01
0 :        1149 :     21     36 :   0  7      40   0  8      76 :    32681    34410    53341    54448      0 : 0.00e+00  0.00e+00  2.16e-01
0 :        1982 :     37     21 :   0  8      77   0  7      40 :    54449    56151    32681    34410      0 : 0.00e+00  0.00e+00  3.60e-01
0 :        1150 :     21     37 :   0  7      40   0  8      77 :    32681    34410    54449    56151      0 : 0.00e+00  0.00e+00  2.77e-01
0 :        2035 :     38     21 :   0  8      78   0  7      40 :    56152    58105    32681    34410      0 : 0.00e+00  0.00e+00  3.80e-01
0 :        1151 :     21     38 :   0  7      40   0  8      78 :    32681    34410    56152    58105      0 : 0.00e+00  0.00e+00  3.18e-01
1 :        2088 :     39     21 :   0  8      83   0  7      40 :    58106    60074    32681    34410      5 : 9.95e+01  9.86e+01  9.93e-03
1 :        1152 :     21     39 :   0  7      40   0  8      83 :    32681    34410    58106    60074      5 : 9.95e+01  9.86e+01  8.55e-03
1 :        2141 :     40     21 :   0  8      84   0  7      40 :    60075    61735    32681    34410      5 : 9.94e+01  9.86e+01  8.08e-03
1 :        1153 :     21     40 :   0  7      40   0  8      84 :    32681    34410    60075    61735      5 : 9.94e+01  9.85e+01  6.58e-03
1 :        2194 :     41     21 :   0  8      85   0  7      40 :    61736    62505    32681    34410      3 : 9.94e+01  9.87e+01  6.88e-03
1 :        1154 :     21     41 :   0  7      40   0  8      85 :    32681    34410    61736    62505      3 : 9.94e+01  9.87e+01  5.47e-03
1 :        2247 :     42     21 :   0  8      86   0  7      40 :    62506    64201    32681    34410      4 : 9.95e+01  9.88e+01  7.97e-03
1 :        1155 :     21     42 :   0  7      40   0  8      86 :    32681    34410    62506    64201      4 : 9.95e+01  9.88e+01  6.53e-03
1 :        2300 :     43     21 :   0  8      87   0  7      40 :    64202    65898    32681    34410      4 : 9.95e+01  9.86e+01  7.29e-03
1 :        1156 :     21     43 :   0  7      40   0  8      87 :    32681    34410    64202    65898      4 : 9.95e+01  9.87e+01  5.66e-03
1 :        2353 :     44     21 :   0  8      88   0  7      40 :    65899    66838    32681    34410      3 : 9.95e+01  9.87e+01  6.25e-03
1 :        1157 :     21     44 :   0  7      40   0  8      88 :    32681    34410    65899    66838      3 : 9.95e+01  9.87e+01  4.48e-03
0 :        2406 :     45     21 :   0  8      89   0  7      40 :    66839    68824    32681    34410      0 : 0.00e+00  0.00e+00  4.13e-01
0 :        1158 :     21     45 :   0  7      40   0  8      89 :    32681    34410    66839    68824      0 : 0.00e+00  0.00e+00  3.23e-01
1 :        2459 :     46     21 :   0  8      90   0  7      40 :    68825    70511    32681    34410      5 : 9.94e+01  9.84e+01  8.39e-03
1 :        1159 :     21     46 :   0  7      40   0  8      90 :    32681    34410    68825    70511      5 : 9.94e+01  9.84e+01  6.97e-03
1 :        2512 :     47     21 :   0  8      93   0  7      40 :    70512    72369    32681    34410      5 : 9.94e+01  9.88e+01  8.09e-03
1 :        1160 :     21     47 :   0  7      40   0  8      93 :    32681    34410    70512    72369      5 : 9.94e+01  9.87e+01  6.79e-03
1 :        2565 :     48     21 :   0  8      94   0  7      40 :    72370    73108    32681    34410      4 : 9.92e+01  9.85e+01  6.35e-03
1 :        1161 :     21     48 :   0  7      40   0  8      94 :    32681    34410    72370    73108      4 : 9.92e+01  9.88e+01  4.48e-03
1 :        2618 :     49     21 :   0  8      95   0  7      40 :    73109    74219    32681    34410      7 : 9.90e+01  9.85e+01  5.29e-02
1 :        1162 :     21     49 :   0  7      40   0  8      95 :    32681    34410    73109    74219      8 : 9.88e+01  9.85e+01  4.83e-02
1 :        2671 :     50     21 :   0  8      96   0  7      40 :    74220    76059    32681    34410      4 : 9.96e+01  9.88e+01  7.45e-03
1 :        1163 :     21     50 :   0  7      40   0  8      96 :    32681    34410    74220    76059      4 : 9.96e+01  9.87e+01  6.11e-03
1 :        2724 :     51     21 :   0  8      97   0  7      40 :    76060    77572    32681    34410      6 : 9.93e+01  9.84e+01  8.51e-03
1 :        1164 :     21     51 :   0  7      40   0  8      97 :    32681    34410    76060    77572      6 : 9.93e+01  9.84e+01  6.79e-03
0 :        2777 :     52     21 :   0  8      98   0  7      40 :    77573    77654    32681    34410      0 : 0.00e+00  0.00e+00  2.51e-02
0 :        1165 :     21     52 :   0  7      40   0  8      98 :    32681    34410    77573    77654      0 : 0.00e+00  0.00e+00  1.94e-02
0 :        1188 :     22     22 :   0  7      41   0  7      41 :    34411    36062    34411    36062      0 : 0.00e+00  0.00e+00  7.82e-01
1 :        1241 :     23     22 :   0  7      46   0  7      41 :    36063    37795    34411    36062      6 : 9.93e+01  9.87e+01  2.94e-02
1 :        1189 :     22     23 :   0  7      41   0  7      46 :    34411    36062    36063    37795      6 : 9.93e+01  9.87e+01  1.46e-02
1 :        1294 :     24     22 :   0  7      50   0  7      41 :    37796    38258    34411    36062      3 : 9.92e+01  9.81e+01  8.65e-03
1 :        1190 :     22     24 :   0  7      41   0  7      50 :    34411    36062    37796    38258      3 : 9.92e+01  9.81e+01  6.34e-03
1 :        1347 :     25     22 :   0  7      59   0  7      41 :    38259    39857    34411    36062      3 : 9.96e+01  9.89e+01  9.75e-03
1 :        1191 :     22     25 :   0  7      41   0  7      59 :    34411    36062    38259    39857      3 : 9.96e+01  9.89e+01  7.73e-03
1 :        1400 :     26     22 :   0  7      60   0  7      41 :    39858    40314    34411    36062      3 : 9.92e+01  9.80e+01  8.64e-03
1 :        1192 :     22     26 :   0  7      41   0  7      60 :    34411    36062    39858    40314      3 : 9.92e+01  9.80e+01  6.26e-03
1 :        1453 :     27     22 :   0  8      65   0  7      41 :    40315    42013    34411    36062      6 : 9.93e+01  9.87e+01  1.11e-02
1 :        1193 :     22     27 :   0  7      41   0  8      65 :    34411    36062    40315    42013      6 : 9.93e+01  9.88e+01  9.27e-03
1 :        1506 :     28     22 :   0  8      66   0  7      41 :    42014    42768    34411    36062      9 : 9.83e+01  9.83e+01  6.39e-02
1 :        1194 :     22     28 :   0  7      41   0  8      66 :    34411    36062    42014    42768     10 : 9.81e+01  9.85e+01  5.79e-02
1 :        1559 :     29     22 :   0  8      67   0  7      41 :    42769    43712    34411    36062      3 : 9.95e+01  9.88e+01  8.26e-03
1 :        1195 :     22     29 :   0  7      41   0  8      67 :    34411    36062    42769    43712      3 : 9.95e+01  9.87e+01  6.02e-03
1 :        1612 :     30     22 :   0  8      68   0  7      41 :    43713    45403    34411    36062      7 : 9.92e+01  9.87e+01  7.45e-02
1 :        1196 :     22     30 :   0  7      41   0  8      68 :    34411    36062    43713    45403      7 : 9.92e+01  9.87e+01  6.48e-02
1 :        1665 :     31     22 :   0  8      71   0  7      41 :    45404    47057    34411    36062      7 : 9.92e+01  9.85e+01  6.81e-02
1 :        1197 :     22     31 :   0  7      41   0  8      71 :    34411    36062    45404    47057     10 : 9.88e+01  9.82e+01  6.41e-02
0 :        1718 :     32     22 :   0  8      72   0  7      41 :    47058    49013    34411    36062      0 : 0.00e+00  0.00e+00  4.28e-01
0 :        1198 :     22     32 :   0  7      41   0  8      72 :    34411    36062    47058    49013      0 : 0.00e+00  0.00e+00  3.71e-01
1 :        1771 :     33     22 :   0  8      73   0  7      41 :    49014    49752    34411    36062      3 : 9.94e+01  9.86e+01  8.35e-03
1 :        1199 :     22     33 :   0  7      41   0  8      73 :    34411    36062    49014    49752      3 : 9.94e+01  9.86e+01  5.70e-03
1 :        1824 :     34     22 :   0  8      74   0  7      41 :    49753    51606    34411    36062      4 : 9.95e+01  9.87e+01  1.08e-02
1 :        1200 :     22     34 :   0  7      41   0  8      74 :    34411    36062    49753    51606      4 : 9.95e+01  9.89e+01  8.83e-03
1 :        1877 :     35     22 :   0  8      75   0  7      41 :    51607    53340    34411    36062      3 : 9.96e+01  9.89e+01  8.80e-03
1 :        1201 :     22     35 :   0  7      41   0  8      75 :    34411    36062    51607    53340      3 : 9.96e+01  9.88e+01  6.57e-03
1 :        1930 :     36     22 :   0  8      76   0  7      41 :    53341    54448    34411    36062      6 : 9.91e+01  9.88e+01  9.73e-03
1 :        1202 :     22     36 :   0  7      41   0  8      76 :    34411    36062    53341    54448      6 : 9.91e+01  9.88e+01  7.60e-03
1 :        1983 :     37     22 :   0  8      77   0  7      41 :    54449    56151    34411    36062      6 : 9.93e+01  9.87e+01  1.11e-02
1 :        1203 :     22     37 :   0  7      41   0  8      77 :    34411    36062    54449    56151      6 : 9.93e+01  9.86e+01  9.26e-03
1 :        2036 :     38     22 :   0  8      78   0  7      41 :    56152    58105    34411    36062      6 : 9.93e+01  9.87e+01  1.18e-02
1 :        1204 :     22     38 :   0  7      41   0  8      78 :    34411    36062    56152    58105      6 : 9.93e+01  9.85e+01  9.90e-03
0 :        2089 :     39     22 :   0  8      83   0  7      41 :    58106    60074    34411    36062      0 : 0.00e+00  0.00e+00  4.58e-01
0 :        1205 :     22     39 :   0  7      41   0  8      83 :    34411    36062    58106    60074      0 : 0.00e+00  0.00e+00  3.74e-01
0 :        2142 :     40     22 :   0  8      84   0  7      41 :    60075    61735    34411    36062      0 : 0.00e+00  0.00e+00  3.23e-01
0 :        1206 :     22     40 :   0  7      41   0  8      84 :    34411    36062    60075    61735      0 : 0.00e+00  0.00e+00  2.78e-01
0 :        2195 :     41     22 :   0  8      85   0  7      41 :    61736    62505    34411    36062      0 : 0.00e+00  0.00e+00  1.93e-01
0 :        1207 :     22     41 :   0  7      41   0  8      85 :    34411    36062    61736    62505      0 : 0.00e+00  0.00e+00  1.96e-01
1 :        2248 :     42     22 :   0  8      86   0  7      41 :    62506    64201    34411    36062     10 : 9.88e+01  9.81e+01  6.08e-02
1 :        1208 :     22     42 :   0  7      41   0  8      86 :    34411    36062    62506    64201     10 : 9.88e+01  9.83e+01  5.74e-02
0 :        2301 :     43     22 :   0  8      87   0  7      41 :    64202    65898    34411    36062      0 : 0.00e+00  0.00e+00  3.29e-01
0 :        1209 :     22     43 :   0  7      41   0  8      87 :    34411    36062    64202    65898      0 : 0.00e+00  0.00e+00  2.77e-01
1 :        2354 :     44     22 :   0  8      88   0  7      41 :    65899    66838    34411    36062      5 : 9.92e+01  9.82e+01  9.28e-03
1 :        1210 :     22     44 :   0  7      41   0  8      88 :    34411    36062    65899    66838      5 : 9.92e+01  9.82e+01  6.72e-03
1 :        2407 :     45     22 :   0  8      89   0  7      41 :    66839    68824    34411    36062      6 : 9.93e+01  9.84e+01  1.23e-02
1 :        1211 :     22     45 :   0  7      41   0  8      89 :    34411    36062    66839    68824      6 : 9.93e+01  9.84e+01  1.05e-02
1 :        2460 :     46     22 :   0  8      90   0  7      41 :    68825    70511    34411    36062      6 : 9.93e+01  9.83e+01  1.08e-02
1 :        1212 :     22     46 :   0  7      41   0  8      90 :    34411    36062    68825    70511      6 : 9.93e+01  9.83e+01  8.65e-03
1 :        2513 :     47     22 :   0  8      93   0  7      41 :    70512    72369    34411    36062      6 : 9.93e+01  9.84e+01  1.08e-02
1 :        1213 :     22     47 :   0  7      41   0  8      93 :    34411    36062    70512    72369      6 : 9.93e+01  9.85e+01  8.71e-03
1 :        2566 :     48     22 :   0  8      94   0  7      41 :    72370    73108    34411    36062      5 : 9.90e+01  9.82e+01  8.76e-03
1 :        1214 :     22     48 :   0  7      41   0  8      94 :    34411    36062    72370    73108      5 : 9.90e+01  9.82e+01  6.31e-03
1 :        2619 :     49     22 :   0  8      95   0  7      41 :    73109    74219    34411    36062      3 : 9.95e+01  9.85e+01  9.08e-03
1 :        1215 :     22     49 :   0  7      41   0  8      95 :    34411    36062    73109    74219      3 : 9.95e+01  9.86e+01  6.77e-03
1 :        2672 :     50     22 :   0  8      96   0  7      41 :    74220    76059    34411    36062      3 : 9.97e+01  9.86e+01  9.04e-03
1 :        1216 :     22     50 :   0  7      41   0  8      96 :    34411    36062    74220    76059      3 : 9.97e+01  9.87e+01  6.57e-03
1 :        2725 :     51     22 :   0  8      97   0  7      41 :    76060    77572    34411    36062      3 : 9.96e+01  9.90e+01  8.49e-03
1 :        1217 :     22     51 :   0  7      41   0  8      97 :    34411    36062    76060    77572      3 : 9.96e+01  9.89e+01  6.34e-03
1 :        2778 :     52     22 :   0  8      98   0  7      41 :    77573    77654    34411    36062      4 : 9.49e+01  9.36e+01  7.85e-03
1 :        1218 :     22     52 :   0  7      41   0  8      98 :    34411    36062    77573    77654      4 : 9.49e+01  9.23e+01  5.21e-03
0 :        1242 :     23     23 :   0  7      46   0  7      46 :    36063    37795    36063    37795      0 : 0.00e+00  0.00e+00  8.78e-01
1 :        1295 :     24     23 :   0  7      50   0  7      46 :    37796    38258    36063    37795     11 : 9.70e+01  9.75e+01  3.20e-02
1 :        1243 :     23     24 :   0  7      46   0  7      50 :    36063    37795    37796    38258     10 : 9.73e+01  9.78e+01  2.64e-02
0 :        1348 :     25     23 :   0  7      59   0  7      46 :    38259    39857    36063    37795      0 : 0.00e+00  0.00e+00  3.96e-01
0 :        1244 :     23     25 :   0  7      46   0  7      59 :    36063    37795    38259    39857      0 : 0.00e+00  0.00e+00  3.37e-01
1 :        1401 :     26     23 :   0  7      60   0  7      46 :    39858    40314    36063    37795     11 : 9.70e+01  9.67e+01  2.98e-02
1 :        1245 :     23     26 :   0  7      46   0  7      60 :    36063    37795    39858    40314     11 : 9.70e+01  9.72e+01  2.65e-02
1 :        1454 :     27     23 :   0  8      65   0  7      46 :    40315    42013    36063    37795      5 : 9.94e+01  9.87e+01  9.72e-03
1 :        1246 :     23     27 :   0  7      46   0  8      65 :    36063    37795    40315    42013      5 : 9.94e+01  9.88e+01  8.30e-03
1 :        1507 :     28     23 :   0  8      66   0  7      46 :    42014    42768    36063    37795      5 : 9.90e+01  9.87e+01  9.03e-03
1 :        1247 :     23     28 :   0  7      46   0  8      66 :    36063    37795    42014    42768      5 : 9.90e+01  9.85e+01  7.63e-03
1 :        1560 :     29     23 :   0  8      67   0  7      46 :    42769    43712    36063    37795      4 : 9.93e+01  9.87e+01  7.99e-03
1 :        1248 :     23     29 :   0  7      46   0  8      67 :    36063    37795    42769    43712      4 : 9.93e+01  9.87e+01  6.27e-03
1 :        1613 :     30     23 :   0  8      68   0  7      46 :    43713    45403    36063    37795      5 : 9.94e+01  9.87e+01  1.02e-02
1 :        1249 :     23     30 :   0  7      46   0  8      68 :    36063    37795    43713    45403      5 : 9.94e+01  9.87e+01  8.81e-03
1 :        1666 :     31     23 :   0  8      71   0  7      46 :    45404    47057    36063    37795      6 : 9.93e+01  9.87e+01  1.06e-02
1 :        1250 :     23     31 :   0  7      46   0  8      71 :    36063    37795    45404    47057      6 : 9.93e+01  9.87e+01  9.35e-03
1 :        1719 :     32     23 :   0  8      72   0  7      46 :    47058    49013    36063    37795      7 : 9.92e+01  9.86e+01  1.28e-02
1 :        1251 :     23     32 :   0  7      46   0  8      72 :    36063    37795    47058    49013      7 : 9.92e+01  9.85e+01  1.19e-02
1 :        1772 :     33     23 :   0  8      73   0  7      46 :    49014    49752    36063    37795      3 : 9.94e+01  9.86e+01  7.63e-03
1 :        1252 :     23     33 :   0  7      46   0  8      73 :    36063    37795    49014    49752      3 : 9.94e+01  9.85e+01  5.88e-03
1 :        1825 :     34     23 :   0  8      74   0  7      46 :    49753    51606    36063    37795      7 : 9.92e+01  9.88e+01  8.49e-02
1 :        1253 :     23     34 :   0  7      46   0  8      74 :    36063    37795    49753    51606      8 : 9.91e+01  9.88e+01  7.64e-02
1 :        1878 :     35     23 :   0  8      75   0  7      46 :    51607    53340    36063    37795      4 : 9.95e+01  9.87e+01  8.97e-03
1 :        1254 :     23     35 :   0  7      46   0  8      75 :    36063    37795    51607    53340      4 : 9.95e+01  9.87e+01  7.34e-03
1 :        1931 :     36     23 :   0  8      76   0  7      46 :    53341    54448    36063    37795     10 : 9.85e+01  9.85e+01  1.15e-01
1 :        1255 :     23     36 :   0  7      46   0  8      76 :    36063    37795    53341    54448      9 : 9.87e+01  9.87e+01  8.77e-02
1 :        1984 :     37     23 :   0  8      77   0  7      46 :    54449    56151    36063    37795     10 : 9.88e+01  9.83e+01  7.58e-02
1 :        1256 :     23     37 :   0  7      46   0  8      77 :    36063    37795    54449    56151     10 : 9.88e+01  9.83e+01  7.13e-02
0 :        2037 :     38     23 :   0  8      78   0  7      46 :    56152    58105    36063    37795      0 : 0.00e+00  0.00e+00  4.68e-01
0 :        1257 :     23     38 :   0  7      46   0  8      78 :    36063    37795    56152    58105      0 : 0.00e+00  0.00e+00  4.07e-01
1 :        2090 :     39     23 :   0  8      83   0  7      46 :    58106    60074    36063    37795      6 : 9.93e+01  9.85e+01  1.36e-02
1 :        1258 :     23     39 :   0  7      46   0  8      83 :    36063    37795    58106    60074      6 : 9.93e+01  9.86e+01  1.22e-02
1 :        2143 :     40     23 :   0  8      84   0  7      46 :    60075    61735    36063    37795      6 : 9.93e+01  9.83e+01  1.14e-02
1 :        1259 :     23     40 :   0  7      46   0  8      84 :    36063    37795    60075    61735      6 : 9.93e+01  9.82e+01  1.01e-02
1 :        2196 :     41     23 :   0  8      85   0  7      46 :    61736    62505    36063    37795      5 : 9.91e+01  9.85e+01  9.07e-03
1 :        1260 :     23     41 :   0  7      46   0  8      85 :    36063    37795    61736    62505      5 : 9.91e+01  9.87e+01  7.56e-03
1 :        2249 :     42     23 :   0  8      86   0  7      46 :    62506    64201    36063    37795      5 : 9.94e+01  9.87e+01  1.02e-02
1 :        1261 :     23     42 :   0  7      46   0  8      86 :    36063    37795    62506    64201      5 : 9.94e+01  9.87e+01  8.54e-03
1 :        2302 :     43     23 :   0  8      87   0  7      46 :    64202    65898    36063    37795      6 : 9.93e+01  9.85e+01  1.15e-02
1 :        1262 :     23     43 :   0  7      46   0  8      87 :    36063    37795    64202    65898      6 : 9.93e+01  9.84e+01  1.00e-02
1 :        2355 :     44     23 :   0  8      88   0  7      46 :    65899    66838    36063    37795      5 : 9.92e+01  9.84e+01  8.56e-03
1 :        1263 :     23     44 :   0  7      46   0  8      88 :    36063    37795    65899    66838      5 : 9.92e+01  9.84e+01  6.69e-03
0 :        2408 :     45     23 :   0  8      89   0  7      46 :    66839    68824    36063    37795      0 : 0.00e+00  0.00e+00  5.05e-01
0 :        1264 :     23     45 :   0  7      46   0  8      89 :    36063    37795    66839    68824      0 : 0.00e+00  0.00e+00  4.14e-01
0 :        2461 :     46     23 :   0  8      90   0  7      46 :    68825    70511    36063    37795      0 : 0.00e+00  0.00e+00  3.58e-01
0 :        1265 :     23     46 :   0  7      46   0  8      90 :    36063    37795    68825    70511      0 : 0.00e+00  0.00e+00  3.02e-01
0 :        2514 :     47     23 :   0  8      93   0  7      46 :    70512    72369    36063    37795      0 : 0.00e+00  0.00e+00  4.17e-01
0 :        1266 :     23     47 :   0  7      46   0  8      93 :    36063    37795    70512    72369      0 : 0.00e+00  0.00e+00  3.33e-01
1 :        2567 :     48     23 :   0  8      94   0  7      46 :    72370    73108    36063    37795      5 : 9.90e+01  9.81e+01  8.62e-03
1 :        1267 :     23     48 :   0  7      46   0  8      94 :    36063    37795    72370    73108      5 : 9.90e+01  9.81e+01  6.67e-03
0 :        2620 :     49     23 :   0  8      95   0  7      46 :    73109    74219    36063    37795      0 : 0.00e+00  0.00e+00  2.76e-01
0 :        1268 :     23     49 :   0  7      46   0  8      95 :    36063    37795    73109    74219      0 : 0.00e+00  0.00e+00  2.36e-01
1 :        2673 :     50     23 :   0  8      96   0  7      46 :    74220    76059    36063    37795      7 : 9.92e+01  9.83e+01  1.10e-02
1 :        1269 :     23     50 :   0  7      46   0  8      96 :    36063    37795    74220    76059      7 : 9.92e+01  9.82e+01  9.32e-03
1 :        2726 :     51     23 :   0  8      97   0  7      46 :    76060    77572    36063    37795      4 : 9.95e+01  9.88e+01  8.82e-03
1 :        1270 :     23     51 :   0  7      46   0  8      97 :    36063    37795    76060    77572      4 : 9.95e+01  9.88e+01  7.26e-03
1 :        2779 :     52     23 :   0  8      98   0  7      46 :    77573    77654    36063    37795     11 : 8.60e+01  9.11e+01  1.45e-02
1 :        1271 :     23     52 :   0  7      46   0  8      98 :    36063    37795    77573    77654     10 : 8.72e+01  9.11e+01  1.22e-02
0 :        1296 :     24     24 :   0  7      50   0  7      50 :    37796    38258    37796    38258      0 : 0.00e+00  0.00e+00  4.54e-02
1 :        1349 :     25     24 :   0  7      59   0  7      50 :    38259    39857    37796    38258      5 : 9.86e+01  9.83e+01  6.60e-03
1 :        1297 :     24     25 :   0  7      50   0  7      59 :    37796    38258    38259    39857      5 : 9.86e+01  9.81e+01  5.94e-03
1 :        1402 :     26     24 :   0  7      60   0  7      50 :    39858    40314    37796    38258      6 : 9.74e+01  9.65e+01  3.58e-03
1 :        1298 :     24     26 :   0  7      50   0  7      60 :    37796    38258    39858    40314      6 : 9.74e+01  9.70e+01  3.24e-03
1 :        1455 :     27     24 :   0  8      65   0  7      50 :    40315    42013    37796    38258      3 : 9.92e+01  9.81e+01  3.88e-03
1 :        1299 :     24     27 :   0  7      50   0  8      65 :    37796    38258    40315    42013      3 : 9.92e+01  9.81e+01  4.13e-03
1 :        1508 :     28     24 :   0  8      66   0  7      50 :    42014    42768    37796    38258      3 : 9.90e+01  9.79e+01  3.52e-03
1 :        1300 :     24     28 :   0  7      50   0  8      66 :    37796    38258    42014    42768      3 : 9.90e+01  9.79e+01  3.58e-03
1 :        1561 :     29     24 :   0  8      67   0  7      50 :    42769    43712    37796    38258      3 : 9.90e+01  9.74e+01  2.54e-03
1 :        1301 :     24     29 :   0  7      50   0  8      67 :    37796    38258    42769    43712      3 : 9.90e+01  9.77e+01  2.18e-03
1 :        1614 :     30     24 :   0  8      68   0  7      50 :    43713    45403    37796    38258      4 : 9.89e+01  9.78e+01  4.26e-03
1 :        1302 :     24     30 :   0  7      50   0  8      68 :    37796    38258    43713    45403      4 : 9.89e+01  9.78e+01  4.39e-03
1 :        1667 :     31     24 :   0  8      71   0  7      50 :    45404    47057    37796    38258      4 : 9.89e+01  9.78e+01  4.14e-03
1 :        1303 :     24     31 :   0  7      50   0  8      71 :    37796    38258    45404    47057      4 : 9.89e+01  9.81e+01  4.31e-03
1 :        1720 :     32     24 :   0  8      72   0  7      50 :    47058    49013    37796    38258      3 : 9.92e+01  9.79e+01  5.59e-03
1 :        1304 :     24     32 :   0  7      50   0  8      72 :    37796    38258    47058    49013      3 : 9.92e+01  9.81e+01  6.00e-03
1 :        1773 :     33     24 :   0  8      73   0  7      50 :    49014    49752    37796    38258      5 : 9.82e+01  9.72e+01  2.80e-03
1 :        1305 :     24     33 :   0  7      50   0  8      73 :    37796    38258    49014    49752      5 : 9.82e+01  9.68e+01  2.41e-03
1 :        1826 :     34     24 :   0  8      74   0  7      50 :    49753    51606    37796    38258      5 : 9.87e+01  9.76e+01  5.58e-03
1 :        1306 :     24     34 :   0  7      50   0  8      74 :    37796    38258    49753    51606      5 : 9.87e+01  9.76e+01  5.46e-03
1 :        1879 :     35     24 :   0  8      75   0  7      50 :    51607    53340    37796    38258      6 : 9.84e+01  9.70e+01  4.51e-03
1 :        1307 :     24     35 :   0  7      50   0  8      75 :    37796    38258    51607    53340      6 : 9.84e+01  9.73e+01  4.17e-03
1 :        1932 :     36     24 :   0  8      76   0  7      50 :    53341    54448    37796    38258     10 : 9.69e+01  9.66e+01  1.93e-02
1 :        1308 :     24     36 :   0  7      50   0  8      76 :    37796    38258    53341    54448     11 : 9.66e+01  9.66e+01  1.91e-02
1 :        1985 :     37     24 :   0  8      77   0  7      50 :    54449    56151    37796    38258      6 : 9.84e+01  9.78e+01  5.60e-03
1 :        1309 :     24     37 :   0  7      50   0  8      77 :    37796    38258    54449    56151      6 : 9.84e+01  9.75e+01  5.25e-03
1 :        2038 :     38     24 :   0  8      78   0  7      50 :    56152    58105    37796    38258      7 : 9.81e+01  9.76e+01  7.62e-03
1 :        1310 :     24     38 :   0  7      50   0  8      78 :    37796    38258    56152    58105      7 : 9.81e+01  9.79e+01  7.00e-03
1 :        2091 :     39     24 :   0  8      83   0  7      50 :    58106    60074    37796    38258      4 : 9.89e+01  9.84e+01  5.63e-03
1 :        1311 :     24     39 :   0  7      50   0  8      83 :    37796    38258    58106    60074      4 : 9.89e+01  9.81e+01  6.10e-03
1 :        2144 :     40     24 :   0  8      84   0  7      50 :    60075    61735    37796    38258      4 : 9.89e+01  9.81e+01  3.98e-03
1 :        1312 :     24     40 :   0  7      50   0  8      84 :    37796    38258    60075    61735      4 : 9.89e+01  9.83e+01  4.26e-03
1 :        2197 :     41     24 :   0  8      85   0  7      50 :    61736    62505    37796    38258      3 : 9.90e+01  9.79e+01  3.53e-03
1 :        1313 :     24     41 :   0  7      50   0  8      85 :    37796    38258    61736    62505      3 : 9.90e+01  9.79e+01  3.64e-03
1 :        2250 :     42     24 :   0  8      86   0  7      50 :    62506    64201    37796    38258      3 : 9.92e+01  9.84e+01  3.85e-03
1 :        1314 :     24     42 :   0  7      50   0  8      86 :    37796    38258    62506    64201      3 : 9.92e+01  9.84e+01  4.07e-03
1 :        2303 :     43     24 :   0  8      87   0  7      50 :    64202    65898    37796    38258      3 : 9.92e+01  9.84e+01  4.04e-03
1 :        1315 :     24     43 :   0  7      50   0  8      87 :    37796    38258    64202    65898      3 : 9.92e+01  9.84e+01  4.18e-03
1 :        2356 :     44     24 :   0  8      88   0  7      50 :    65899    66838    37796    38258      3 : 9.90e+01  9.81e+01  2.46e-03
1 :        1316 :     24     44 :   0  7      50   0  8      88 :    37796    38258    65899    66838      3 : 9.90e+01  9.81e+01  2.13e-03
1 :        2409 :     45     24 :   0  8      89   0  7      50 :    66839    68824    37796    38258      6 : 9.84e+01  9.81e+01  7.21e-03
1 :        1317 :     24     45 :   0  7      50   0  8      89 :    37796    38258    66839    68824      6 : 9.84e+01  9.76e+01  6.67e-03
1 :        2462 :     46     24 :   0  8      90   0  7      50 :    68825    70511    37796    38258      5 : 9.86e+01  9.81e+01  4.64e-03
1 :        1318 :     24     46 :   0  7      50   0  8      90 :    37796    38258    68825    70511      5 : 9.86e+01  9.81e+01  4.38e-03
1 :        2515 :     47     24 :   0  8      93   0  7      50 :    70512    72369    37796    38258      4 : 9.89e+01  9.84e+01  4.75e-03
1 :        1319 :     24     47 :   0  7      50   0  8      93 :    37796    38258    70512    72369      4 : 9.89e+01  9.84e+01  4.56e-03
1 :        2568 :     48     24 :   0  8      94   0  7      50 :    72370    73108    37796    38258      3 : 9.89e+01  9.75e+01  2.42e-03
1 :        1320 :     24     48 :   0  7      50   0  8      94 :    37796    38258    72370    73108      3 : 9.89e+01  9.79e+01  2.02e-03
1 :        2621 :     49     24 :   0  8      95   0  7      50 :    73109    74219    37796    38258      6 : 9.82e+01  9.82e+01  4.64e-03
1 :        1321 :     24     49 :   0  7      50   0  8      95 :    37796    38258    73109    74219      6 : 9.82e+01  9.82e+01  4.08e-03
1 :        2674 :     50     24 :   0  8      96   0  7      50 :    74220    76059    37796    38258      3 : 9.92e+01  9.84e+01  3.19e-03
1 :        1322 :     24     50 :   0  7      50   0  8      96 :    37796    38258    74220    76059      3 : 9.92e+01  9.81e+01  2.99e-03
0 :        2727 :     51     24 :   0  8      97   0  7      50 :    76060    77572    37796    38258      0 : 0.00e+00  0.00e+00  8.37e-02
0 :        1323 :     24     51 :   0  7      50   0  8      97 :    37796    38258    76060    77572      0 : 0.00e+00  0.00e+00  1.03e-01
0 :        2780 :     52     24 :   0  8      98   0  7      50 :    77573    77654    37796    38258      0 : 0.00e+00  0.00e+00  6.80e-03
0 :        1324 :     24     52 :   0  7      50   0  8      98 :    37796    38258    77573    77654      0 : 0.00e+00  0.00e+00  5.79e-03
0 :        1350 :     25     25 :   0  7      59   0  7      59 :    38259    39857    38259    39857      0 : 0.00e+00  0.00e+00  6.80e-01
0 :        1403 :     26     25 :   0  7      60   0  7      59 :    39858    40314    38259    39857      0 : 0.00e+00  0.00e+00  1.18e-01
0 :        1351 :     25     26 :   0  7      59   0  7      60 :    38259    39857    39858    40314      0 : 0.00e+00  0.00e+00  1.00e-01
1 :        1456 :     27     25 :   0  8      65   0  7      59 :    40315    42013    38259    39857      3 : 9.96e+01  9.90e+01  7.78e-03
1 :        1352 :     25     27 :   0  7      59   0  8      65 :    38259    39857    40315    42013      3 : 9.96e+01  9.90e+01  6.48e-03
1 :        1509 :     28     25 :   0  8      66   0  7      59 :    42014    42768    38259    39857      4 : 9.92e+01  9.88e+01  7.24e-03
1 :        1353 :     25     28 :   0  7      59   0  8      66 :    38259    39857    42014    42768      4 : 9.92e+01  9.88e+01  5.93e-03
1 :        1562 :     29     25 :   0  8      67   0  7      59 :    42769    43712    38259    39857      3 : 9.95e+01  9.88e+01  6.13e-03
1 :        1354 :     25     29 :   0  7      59   0  8      67 :    38259    39857    42769    43712      3 : 9.95e+01  9.88e+01  4.40e-03
1 :        1615 :     30     25 :   0  8      68   0  7      59 :    43713    45403    38259    39857      3 : 9.96e+01  9.89e+01  7.71e-03
1 :        1355 :     25     30 :   0  7      59   0  8      68 :    38259    39857    43713    45403      3 : 9.96e+01  9.90e+01  6.56e-03
1 :        1668 :     31     25 :   0  8      71   0  7      59 :    45404    47057    38259    39857      4 : 9.95e+01  9.88e+01  7.85e-03
1 :        1356 :     25     31 :   0  7      59   0  8      71 :    38259    39857    45404    47057      4 : 9.95e+01  9.89e+01  6.73e-03
1 :        1721 :     32     25 :   0  8      72   0  7      59 :    47058    49013    38259    39857      4 : 9.95e+01  9.89e+01  9.45e-03
1 :        1357 :     25     32 :   0  7      59   0  8      72 :    38259    39857    47058    49013      4 : 9.95e+01  9.90e+01  8.69e-03
1 :        1774 :     33     25 :   0  8      73   0  7      59 :    49014    49752    38259    39857      3 : 9.94e+01  9.88e+01  5.94e-03
1 :        1358 :     25     33 :   0  7      59   0  8      73 :    38259    39857    49014    49752      3 : 9.94e+01  9.88e+01  4.17e-03
1 :        1827 :     34     25 :   0  8      74   0  7      59 :    49753    51606    38259    39857      3 : 9.97e+01  9.90e+01  8.17e-03
1 :        1359 :     25     34 :   0  7      59   0  8      74 :    38259    39857    49753    51606      3 : 9.97e+01  9.90e+01  7.21e-03
1 :        1880 :     35     25 :   0  8      75   0  7      59 :    51607    53340    38259    39857      3 : 9.96e+01  9.90e+01  6.72e-03
1 :        1360 :     25     35 :   0  7      59   0  8      75 :    38259    39857    51607    53340      3 : 9.96e+01  9.90e+01  5.33e-03
1 :        1933 :     36     25 :   0  8      76   0  7      59 :    53341    54448    38259    39857      4 : 9.94e+01  9.88e+01  8.16e-03
1 :        1361 :     25     36 :   0  7      59   0  8      76 :    38259    39857    53341    54448      4 : 9.94e+01  9.88e+01  7.37e-03
1 :        1986 :     37     25 :   0  8      77   0  7      59 :    54449    56151    38259    39857      4 : 9.95e+01  9.88e+01  8.21e-03
1 :        1362 :     25     37 :   0  7      59   0  8      77 :    38259    39857    54449    56151      4 : 9.95e+01  9.89e+01  7.38e-03
1 :        2039 :     38     25 :   0  8      78   0  7      59 :    56152    58105    38259    39857      6 : 9.93e+01  9.87e+01  8.39e-02
1 :        1363 :     25     38 :   0  7      59   0  8      78 :    38259    39857    56152    58105      7 : 9.92e+01  9.89e+01  7.66e-02
1 :        2092 :     39     25 :   0  8      83   0  7      59 :    58106    60074    38259    39857      4 : 9.95e+01  9.89e+01  9.96e-03
1 :        1364 :     25     39 :   0  7      59   0  8      83 :    38259    39857    58106    60074      4 : 9.95e+01  9.88e+01  9.05e-03
1 :        2145 :     40     25 :   0  8      84   0  7      59 :    60075    61735    38259    39857      5 : 9.94e+01  9.86e+01  8.81e-03
1 :        1365 :     25     40 :   0  7      59   0  8      84 :    38259    39857    60075    61735      5 : 9.94e+01  9.86e+01  7.86e-03
1 :        2198 :     41     25 :   0  8      85   0  7      59 :    61736    62505    38259    39857      4 : 9.92e+01  9.85e+01  7.13e-03
1 :        1366 :     25     41 :   0  7      59   0  8      85 :    38259    39857    61736    62505      4 : 9.92e+01  9.87e+01  5.96e-03
1 :        2251 :     42     25 :   0  8      86   0  7      59 :    62506    64201    38259    39857      3 : 9.96e+01  9.88e+01  7.52e-03
1 :        1367 :     25     42 :   0  7      59   0  8      86 :    38259    39857    62506    64201      3 : 9.96e+01  9.89e+01  6.33e-03
1 :        2304 :     43     25 :   0  8      87   0  7      59 :    64202    65898    38259    39857      5 : 9.94e+01  9.87e+01  8.87e-03
1 :        1368 :     25     43 :   0  7      59   0  8      87 :    38259    39857    64202    65898      5 : 9.94e+01  9.85e+01  7.86e-03
1 :        2357 :     44     25 :   0  8      88   0  7      59 :    65899    66838    38259    39857      5 : 9.92e+01  9.83e+01  6.90e-03
1 :        1369 :     25     44 :   0  7      59   0  8      88 :    38259    39857    65899    66838      5 : 9.92e+01  9.83e+01  5.36e-03
1 :        2410 :     45     25 :   0  8      89   0  7      59 :    66839    68824    38259    39857     10 : 9.89e+01  9.88e+01  7.91e-02
1 :        1370 :     25     45 :   0  7      59   0  8      89 :    38259    39857    66839    68824      8 : 9.91e+01  9.88e+01  7.84e-02
1 :        2463 :     46     25 :   0  8      90   0  7      59 :    68825    70511    38259    39857     10 : 9.88e+01  9.84e+01  9.52e-02
1 :        1371 :     25     46 :   0  7      59   0  8      90 :    38259    39857    68825    70511      9 : 9.89e+01  9.84e+01  6.69e-02
1 :        2516 :     47     25 :   0  8      93   0  7      59 :    70512    72369    38259    39857      9 : 9.90e+01  9.84e+01  7.30e-02
1 :        1372 :     25     47 :   0  7      59   0  8      93 :    38259    39857    70512    72369      8 : 9.91e+01  9.85e+01  7.37e-02
1 :        2569 :     48     25 :   0  8      94   0  7      59 :    72370    73108    38259    39857      6 : 9.88e+01  9.78e+01  7.45e-03
1 :        1373 :     25     48 :   0  7      59   0  8      94 :    38259    39857    72370    73108      6 : 9.88e+01  9.80e+01  5.70e-03
0 :        2622 :     49     25 :   0  8      95   0  7      59 :    73109    74219    38259    39857      0 : 0.00e+00  0.00e+00  2.99e-01
0 :        1374 :     25     49 :   0  7      59   0  8      95 :    38259    39857    73109    74219      0 : 0.00e+00  0.00e+00  2.65e-01
0 :        2675 :     50     25 :   0  8      96   0  7      59 :    74220    76059    38259    39857      0 : 0.00e+00  0.00e+00  3.78e-01
0 :        1375 :     25     50 :   0  7      59   0  8      96 :    38259    39857    74220    76059      0 : 0.00e+00  0.00e+00  3.54e-01
1 :        2728 :     51     25 :   0  8      97   0  7      59 :    76060    77572    38259    39857      5 : 9.94e+01  9.88e+01  7.12e-03
1 :        1376 :     25     51 :   0  7      59   0  8      97 :    38259    39857    76060    77572      5 : 9.94e+01  9.88e+01  5.61e-03
1 :        2781 :     52     25 :   0  8      98   0  7      59 :    77573    77654    38259    39857      4 : 9.49e+01  9.23e+01  5.73e-03
1 :        1377 :     25     52 :   0  7      59   0  8      98 :    38259    39857    77573    77654      4 : 9.49e+01  9.23e+01  4.80e-03
0 :        1404 :     26     26 :   0  7      60   0  7      60 :    39858    40314    39858    40314      0 : 0.00e+00  0.00e+00  4.84e-02
1 :        1457 :     27     26 :   0  8      65   0  7      60 :    40315    42013    39858    40314      3 : 9.92e+01  9.83e+01  4.43e-03
1 :        1405 :     26     27 :   0  7      60   0  8      65 :    39858    40314    40315    42013      3 : 9.92e+01  9.83e+01  4.46e-03
1 :        1510 :     28     26 :   0  8      66   0  7      60 :    42014    42768    39858    40314      3 : 9.89e+01  9.79e+01  3.91e-03
1 :        1406 :     26     28 :   0  7      60   0  8      66 :    39858    40314    42014    42768      3 : 9.89e+01  9.79e+01  3.87e-03
1 :        1563 :     29     26 :   0  8      67   0  7      60 :    42769    43712    39858    40314      3 : 9.90e+01  9.81e+01  2.87e-03
1 :        1407 :     26     29 :   0  7      60   0  8      67 :    39858    40314    42769    43712      3 : 9.90e+01  9.81e+01  2.41e-03
1 :        1616 :     30     26 :   0  8      68   0  7      60 :    43713    45403    39858    40314      3 : 9.92e+01  9.81e+01  4.50e-03
1 :        1408 :     26     30 :   0  7      60   0  8      68 :    39858    40314    43713    45403      3 : 9.92e+01  9.81e+01  4.53e-03
1 :        1669 :     31     26 :   0  8      71   0  7      60 :    45404    47057    39858    40314      4 : 9.89e+01  9.80e+01  4.55e-03
1 :        1409 :     26     31 :   0  7      60   0  8      71 :    39858    40314    45404    47057      4 : 9.89e+01  9.83e+01  4.60e-03
1 :        1722 :     32     26 :   0  8      72   0  7      60 :    47058    49013    39858    40314      5 : 9.87e+01  9.81e+01  6.21e-03
1 :        1410 :     26     32 :   0  7      60   0  8      72 :    39858    40314    47058    49013      5 : 9.87e+01  9.81e+01  6.53e-03
1 :        1775 :     33     26 :   0  8      73   0  7      60 :    49014    49752    39858    40314      3 : 9.89e+01  9.79e+01  2.78e-03
1 :        1411 :     26     33 :   0  7      60   0  8      73 :    39858    40314    49014    49752      3 : 9.89e+01  9.79e+01  2.30e-03
1 :        1828 :     34     26 :   0  8      74   0  7      60 :    49753    51606    39858    40314      4 : 9.89e+01  9.81e+01  5.17e-03
1 :        1412 :     26     34 :   0  7      60   0  8      74 :    39858    40314    49753    51606      4 : 9.89e+01  9.81e+01  5.06e-03
1 :        1881 :     35     26 :   0  8      75   0  7      60 :    51607    53340    39858    40314      3 : 9.92e+01  9.83e+01  3.51e-03
1 :        1413 :     26     35 :   0  7      60   0  8      75 :    39858    40314    51607    53340      3 : 9.92e+01  9.83e+01  3.31e-03
1 :        1934 :     36     26 :   0  8      76   0  7      60 :    53341    54448    39858    40314      6 : 9.81e+01  9.81e+01  4.97e-03
1 :        1414 :     26     36 :   0  7      60   0  8      76 :    39858    40314    53341    54448      6 : 9.81e+01  9.81e+01  4.70e-03
1 :        1987 :     37     26 :   0  8      77   0  7      60 :    54449    56151    39858    40314      5 : 9.86e+01  9.81e+01  5.27e-03
1 :        1415 :     26     37 :   0  7      60   0  8      77 :    39858    40314    54449    56151      5 : 9.86e+01  9.75e+01  5.03e-03
1 :        2040 :     38     26 :   0  8      78   0  7      60 :    56152    58105    39858    40314      7 : 9.81e+01  9.78e+01  7.84e-03
1 :        1416 :     26     38 :   0  7      60   0  8      78 :    39858    40314    56152    58105      7 : 9.81e+01  9.78e+01  7.35e-03
1 :        2093 :     39     26 :   0  8      83   0  7      60 :    58106    60074    39858    40314      5 : 9.87e+01  9.78e+01  6.24e-03
1 :        1417 :     26     39 :   0  7      60   0  8      83 :    39858    40314    58106    60074      5 : 9.87e+01  9.76e+01  6.61e-03
1 :        2146 :     40     26 :   0  8      84   0  7      60 :    60075    61735    39858    40314      4 : 9.89e+01  9.75e+01  4.66e-03
1 :        1418 :     26     40 :   0  7      60   0  8      84 :    39858    40314    60075    61735      4 : 9.89e+01  9.78e+01  4.96e-03
1 :        2199 :     41     26 :   0  8      85   0  7      60 :    61736    62505    39858    40314      3 : 9.90e+01  9.76e+01  3.90e-03
1 :        1419 :     26     41 :   0  7      60   0  8      85 :    39858    40314    61736    62505      3 : 9.90e+01  9.79e+01  3.96e-03
1 :        2252 :     42     26 :   0  8      86   0  7      60 :    62506    64201    39858    40314      4 : 9.89e+01  9.78e+01  4.31e-03
1 :        1420 :     26     42 :   0  7      60   0  8      86 :    39858    40314    62506    64201      4 : 9.89e+01  9.81e+01  4.30e-03
1 :        2305 :     43     26 :   0  8      87   0  7      60 :    64202    65898    39858    40314      5 : 9.86e+01  9.78e+01  4.74e-03
1 :        1421 :     26     43 :   0  7      60   0  8      87 :    39858    40314    64202    65898      5 : 9.86e+01  9.75e+01  4.84e-03
1 :        2358 :     44     26 :   0  8      88   0  7      60 :    65899    66838    39858    40314      4 : 9.87e+01  9.74e+01  2.90e-03
1 :        1422 :     26     44 :   0  7      60   0  8      88 :    39858    40314    65899    66838      4 : 9.87e+01  9.77e+01  2.45e-03
1 :        2411 :     45     26 :   0  8      89   0  7      60 :    66839    68824    39858    40314      6 : 9.84e+01  9.78e+01  8.10e-03
1 :        1423 :     26     45 :   0  7      60   0  8      89 :    39858    40314    66839    68824      6 : 9.84e+01  9.76e+01  7.66e-03
1 :        2464 :     46     26 :   0  8      90   0  7      60 :    68825    70511    39858    40314      7 : 9.81e+01  9.75e+01  6.07e-03
1 :        1424 :     26     46 :   0  7      60   0  8      90 :    39858    40314    68825    70511      7 : 9.81e+01  9.75e+01  5.81e-03
1 :        2517 :     47     26 :   0  8      93   0  7      60 :    70512    72369    39858    40314      7 : 9.81e+01  9.78e+01  6.19e-03
1 :        1425 :     26     47 :   0  7      60   0  8      93 :    39858    40314    70512    72369      7 : 9.81e+01  9.75e+01  5.97e-03
1 :        2570 :     48     26 :   0  8      94   0  7      60 :    72370    73108    39858    40314      5 : 9.82e+01  9.72e+01  3.25e-03
1 :        1426 :     26     48 :   0  7      60   0  8      94 :    39858    40314    72370    73108      6 : 9.79e+01  9.68e+01  2.81e-03
1 :        2623 :     49     26 :   0  8      95   0  7      60 :    73109    74219    39858    40314     15 : 9.54e+01  9.66e+01  3.03e-02
1 :        1427 :     26     49 :   0  7      60   0  8      95 :    39858    40314    73109    74219     14 : 9.57e+01  9.66e+01  2.87e-02
1 :        2676 :     50     26 :   0  8      96   0  7      60 :    74220    76059    39858    40314     10 : 9.73e+01  9.70e+01  2.58e-02
1 :        1428 :     26     50 :   0  7      60   0  8      96 :    39858    40314    74220    76059     11 : 9.70e+01  9.70e+01  2.39e-02
1 :        2729 :     51     26 :   0  8      97   0  7      60 :    76060    77572    39858    40314      5 : 9.86e+01  9.83e+01  3.79e-03
1 :        1429 :     26     51 :   0  7      60   0  8      97 :    39858    40314    76060    77572      5 : 9.86e+01  9.77e+01  3.65e-03
1 :        2782 :     52     26 :   0  8      98   0  7      60 :    77573    77654    39858    40314      5 : 9.28e+01  9.28e+01  2.56e-03
1 :        1430 :     26     52 :   0  7      60   0  8      98 :    39858    40314    77573    77654      4 : 9.42e+01  8.99e+01  2.21e-03
0 :        1458 :     27     27 :   0  8      65   0  8      65 :    40315    42013    40315    42013      0 : 0.00e+00  0.00e+00  7.45e-01
0 :        1511 :     28     27 :   0  8      66   0  8      65 :    42014    42768    40315    42013      0 : 0.00e+00  0.00e+00  2.00e-01
0 :        1459 :     27     28 :   0  8      65   0  8      66 :    40315    42013    42014    42768      0 : 0.00e+00  0.00e+00  1.99e-01
0 :        1564 :     29     27 :   0  8      67   0  8      65 :    42769    43712    40315    42013      0 : 0.00e+00  0.00e+00  2.23e-01
0 :        1460 :     27     29 :   0  8      65   0  8      67 :    40315    42013    42769    43712      0 : 0.00e+00  0.00e+00  1.94e-01
0 :        1617 :     30     27 :   0  8      68   0  8      65 :    43713    45403    40315    42013      0 : 0.00e+00  0.00e+00  4.03e-01
0 :        1461 :     27     30 :   0  8      65   0  8      68 :    40315    42013    43713    45403      0 : 0.00e+00  0.00e+00  3.47e-01
1 :        1670 :     31     27 :   0  8      71   0  8      65 :    45404    47057    40315    42013      8 : 9.90e+01  9.84e+01  1.03e-02
1 :        1462 :     27     31 :   0  8      65   0  8      71 :    40315    42013    45404    47057      8 : 9.90e+01  9.84e+01  8.72e-03
1 :        1723 :     32     27 :   0  8      72   0  8      65 :    47058    49013    40315    42013      6 : 9.93e+01  9.88e+01  1.15e-02
1 :        1463 :     27     32 :   0  8      65   0  8      72 :    40315    42013    47058    49013      6 : 9.93e+01  9.88e+01  1.02e-02
1 :        1776 :     33     27 :   0  8      73   0  8      65 :    49014    49752    40315    42013      6 : 9.88e+01  9.81e+01  6.64e-03
1 :        1464 :     27     33 :   0  8      65   0  8      73 :    40315    42013    49014    49752      6 : 9.88e+01  9.79e+01  4.84e-03
1 :        1829 :     34     27 :   0  8      74   0  8      65 :    49753    51606    40315    42013      6 : 9.93e+01  9.85e+01  9.52e-03
1 :        1465 :     27     34 :   0  8      65   0  8      74 :    40315    42013    49753    51606      6 : 9.93e+01  9.84e+01  8.33e-03
1 :        1882 :     35     27 :   0  8      75   0  8      65 :    51607    53340    40315    42013      5 : 9.94e+01  9.86e+01  7.21e-03
1 :        1466 :     27     35 :   0  8      65   0  8      75 :    40315    42013    51607    53340      5 : 9.94e+01  9.87e+01  5.58e-03
1 :        1935 :     36     27 :   0  8      76   0  8      65 :    53341    54448    40315    42013      4 : 9.94e+01  9.87e+01  6.90e-03
1 :        1467 :     27     36 :   0  8      65   0  8      76 :    40315    42013    53341    54448      4 : 9.94e+01  9.87e+01  5.49e-03
1 :        1988 :     37     27 :   0  8      77   0  8      65 :    54449    56151    40315    42013      5 : 9.94e+01  9.85e+01  8.61e-03
1 :        1468 :     27     37 :   0  8      65   0  8      77 :    40315    42013    54449    56151      5 : 9.94e+01  9.86e+01  7.30e-03
1 :        2041 :     38     27 :   0  8      78   0  8      65 :    56152    58105    40315    42013      5 : 9.94e+01  9.87e+01  9.97e-03
1 :        1469 :     27     38 :   0  8      65   0  8      78 :    40315    42013    56152    58105      5 : 9.94e+01  9.88e+01  8.71e-03
1 :        2094 :     39     27 :   0  8      83   0  8      65 :    58106    60074    40315    42013      5 : 9.95e+01  9.88e+01  9.86e-03
1 :        1470 :     27     39 :   0  8      65   0  8      83 :    40315    42013    58106    60074      5 : 9.95e+01  9.88e+01  8.29e-03
1 :        2147 :     40     27 :   0  8      84   0  8      65 :    60075    61735    40315    42013      5 : 9.94e+01  9.87e+01  7.84e-03
1 :        1471 :     27     40 :   0  8      65   0  8      84 :    40315    42013    60075    61735      5 : 9.94e+01  9.87e+01  6.71e-03
1 :        2200 :     41     27 :   0  8      85   0  8      65 :    61736    62505    40315    42013      4 : 9.92e+01  9.89e+01  6.58e-03
1 :        1472 :     27     41 :   0  8      65   0  8      85 :    40315    42013    61736    62505      4 : 9.92e+01  9.87e+01  5.27e-03
1 :        2253 :     42     27 :   0  8      86   0  8      65 :    62506    64201    40315    42013      3 : 9.96e+01  9.89e+01  6.84e-03
1 :        1473 :     27     42 :   0  8      65   0  8      86 :    40315    42013    62506    64201      3 : 9.96e+01  9.89e+01  5.59e-03
1 :        2306 :     43     27 :   0  8      87   0  8      65 :    64202    65898    40315    42013      4 : 9.95e+01  9.89e+01  7.28e-03
1 :        1474 :     27     43 :   0  8      65   0  8      87 :    40315    42013    64202    65898      4 : 9.95e+01  9.89e+01  5.95e-03
1 :        2359 :     44     27 :   0  8      88   0  8      65 :    65899    66838    40315    42013      3 : 9.95e+01  9.88e+01  5.34e-03
1 :        1475 :     27     44 :   0  8      65   0  8      88 :    40315    42013    65899    66838      3 : 9.95e+01  9.88e+01  3.45e-03
1 :        2412 :     45     27 :   0  8      89   0  8      65 :    66839    68824    40315    42013      4 : 9.96e+01  9.89e+01  9.28e-03
1 :        1476 :     27     45 :   0  8      65   0  8      89 :    40315    42013    66839    68824      4 : 9.96e+01  9.88e+01  8.34e-03
1 :        2465 :     46     27 :   0  8      90   0  8      65 :    68825    70511    40315    42013      3 : 9.96e+01  9.89e+01  7.08e-03
1 :        1477 :     27     46 :   0  8      65   0  8      90 :    40315    42013    68825    70511      3 : 9.96e+01  9.87e+01  5.89e-03
1 :        2518 :     47     27 :   0  8      93   0  8      65 :    70512    72369    40315    42013      3 : 9.97e+01  9.89e+01  7.31e-03
1 :        1478 :     27     47 :   0  8      65   0  8      93 :    40315    42013    70512    72369      3 : 9.97e+01  9.90e+01  6.13e-03
1 :        2571 :     48     27 :   0  8      94   0  8      65 :    72370    73108    40315    42013      3 : 9.94e+01  9.88e+01  5.08e-03
1 :        1479 :     27     48 :   0  8      65   0  8      94 :    40315    42013    72370    73108      3 : 9.94e+01  9.88e+01  3.24e-03
1 :        2624 :     49     27 :   0  8      95   0  8      65 :    73109    74219    40315    42013      3 : 9.96e+01  9.90e+01  7.22e-03
1 :        1480 :     27     49 :   0  8      65   0  8      95 :    40315    42013    73109    74219      3 : 9.96e+01  9.90e+01  5.98e-03
1 :        2677 :     50     27 :   0  8      96   0  8      65 :    74220    76059    40315    42013      3 : 9.97e+01  9.89e+01  6.95e-03
1 :        1481 :     27     50 :   0  8      65   0  8      96 :    40315    42013    74220    76059      3 : 9.97e+01  9.90e+01  5.79e-03
1 :        2730 :     51     27 :   0  8      97   0  8      65 :    76060    77572    40315    42013      3 : 9.96e+01  9.89e+01  5.98e-03
1 :        1482 :     27     51 :   0  8      65   0  8      97 :    40315    42013    76060    77572      3 : 9.96e+01  9.89e+01  4.54e-03
1 :        2783 :     52     27 :   0  8      98   0  8      65 :    77573    77654    40315    42013      4 : 9.49e+01  9.23e+01  4.75e-03
1 :        1483 :     27     52 :   0  8      65   0  8      98 :    40315    42013    77573    77654      3 : 9.62e+01  9.23e+01  2.59e-03
0 :        1512 :     28     28 :   0  8      66   0  8      66 :    42014    42768    42014    42768      0 : 0.00e+00  0.00e+00  1.68e-01
0 :        1565 :     29     28 :   0  8      67   0  8      66 :    42769    43712    42014    42768      0 : 0.00e+00  0.00e+00  1.12e-01
0 :        1513 :     28     29 :   0  8      66   0  8      67 :    42014    42768    42769    43712      0 : 0.00e+00  0.00e+00  1.05e-01
0 :        1618 :     30     28 :   0  8      68   0  8      66 :    43713    45403    42014    42768      0 : 0.00e+00  0.00e+00  2.20e-01
0 :        1514 :     28     30 :   0  8      66   0  8      68 :    42014    42768    43713    45403      0 : 0.00e+00  0.00e+00  2.07e-01
0 :        1671 :     31     28 :   0  8      71   0  8      66 :    45404    47057    42014    42768      0 : 0.00e+00  0.00e+00  1.89e-01
0 :        1515 :     28     31 :   0  8      66   0  8      71 :    42014    42768    45404    47057      0 : 0.00e+00  0.00e+00  1.81e-01
1 :        1724 :     32     28 :   0  8      72   0  8      66 :    47058    49013    42014    42768     10 : 9.82e+01  9.80e+01  4.23e-02
1 :        1516 :     28     32 :   0  8      66   0  8      72 :    42014    42768    47058    49013     10 : 9.82e+01  9.80e+01  4.04e-02
1 :        1777 :     33     28 :   0  8      73   0  8      66 :    49014    49752    42014    42768      6 : 9.84e+01  9.76e+01  4.96e-03
1 :        1517 :     28     33 :   0  8      66   0  8      73 :    42014    42768    49014    49752      6 : 9.84e+01  9.76e+01  4.08e-03
1 :        1830 :     34     28 :   0  8      74   0  8      66 :    49753    51606    42014    42768      6 : 9.89e+01  9.81e+01  7.92e-03
1 :        1518 :     28     34 :   0  8      66   0  8      74 :    42014    42768    49753    51606      6 : 9.89e+01  9.81e+01  7.88e-03
1 :        1883 :     35     28 :   0  8      75   0  8      66 :    51607    53340    42014    42768      5 : 9.90e+01  9.85e+01  5.32e-03
1 :        1519 :     28     35 :   0  8      66   0  8      75 :    42014    42768    51607    53340      5 : 9.90e+01  9.85e+01  4.84e-03
1 :        1936 :     36     28 :   0  8      76   0  8      66 :    53341    54448    42014    42768      6 : 9.87e+01  9.82e+01  6.04e-03
1 :        1520 :     28     36 :   0  8      66   0  8      76 :    42014    42768    53341    54448      6 : 9.87e+01  9.82e+01  5.67e-03
1 :        1989 :     37     28 :   0  8      77   0  8      66 :    54449    56151    42014    42768      7 : 9.87e+01  9.81e+01  7.51e-03
1 :        1521 :     28     37 :   0  8      66   0  8      77 :    42014    42768    54449    56151      7 : 9.87e+01  9.81e+01  7.26e-03
1 :        2042 :     38     28 :   0  8      78   0  8      66 :    56152    58105    42014    42768      6 : 9.89e+01  9.85e+01  9.09e-03
1 :        1522 :     28     38 :   0  8      66   0  8      78 :    42014    42768    56152    58105      6 : 9.89e+01  9.85e+01  9.00e-03
1 :        2095 :     39     28 :   0  8      83   0  8      66 :    58106    60074    42014    42768      9 : 9.84e+01  9.85e+01  4.00e-02
1 :        1523 :     28     39 :   0  8      66   0  8      83 :    42014    42768    58106    60074      9 : 9.84e+01  9.84e+01  3.98e-02
1 :        2148 :     40     28 :   0  8      84   0  8      66 :    60075    61735    42014    42768      5 : 9.90e+01  9.85e+01  6.70e-03
1 :        1524 :     28     40 :   0  8      66   0  8      84 :    42014    42768    60075    61735      5 : 9.90e+01  9.85e+01  6.13e-03
1 :        2201 :     41     28 :   0  8      85   0  8      66 :    61736    62505    42014    42768      6 : 9.84e+01  9.84e+01  6.04e-03
1 :        1525 :     28     41 :   0  8      66   0  8      85 :    42014    42768    61736    62505      6 : 9.84e+01  9.84e+01  5.49e-03
1 :        2254 :     42     28 :   0  8      86   0  8      66 :    62506    64201    42014    42768      5 : 9.90e+01  9.87e+01  6.08e-03
1 :        1526 :     28     42 :   0  8      66   0  8      86 :    42014    42768    62506    64201      5 : 9.90e+01  9.89e+01  5.74e-03
1 :        2307 :     43     28 :   0  8      87   0  8      66 :    64202    65898    42014    42768      5 : 9.90e+01  9.85e+01  6.56e-03
1 :        1527 :     28     43 :   0  8      66   0  8      87 :    42014    42768    64202    65898      5 : 9.90e+01  9.89e+01  5.88e-03
1 :        2360 :     44     28 :   0  8      88   0  8      66 :    65899    66838    42014    42768      3 : 9.93e+01  9.86e+01  4.21e-03
1 :        1528 :     28     44 :   0  8      66   0  8      88 :    42014    42768    65899    66838      3 : 9.93e+01  9.86e+01  3.44e-03
1 :        2413 :     45     28 :   0  8      89   0  8      66 :    66839    68824    42014    42768      5 : 9.91e+01  9.85e+01  8.37e-03
1 :        1529 :     28     45 :   0  8      66   0  8      89 :    42014    42768    66839    68824      5 : 9.91e+01  9.84e+01  8.41e-03
1 :        2466 :     46     28 :   0  8      90   0  8      66 :    68825    70511    42014    42768      4 : 9.92e+01  9.87e+01  6.14e-03
1 :        1530 :     28     46 :   0  8      66   0  8      90 :    42014    42768    68825    70511      4 : 9.92e+01  9.87e+01  5.86e-03
1 :        2519 :     47     28 :   0  8      93   0  8      66 :    70512    72369    42014    42768      4 : 9.93e+01  9.89e+01  6.33e-03
1 :        1531 :     28     47 :   0  8      66   0  8      93 :    42014    42768    70512    72369      4 : 9.93e+01  9.89e+01  6.13e-03
1 :        2572 :     48     28 :   0  8      94   0  8      66 :    72370    73108    42014    42768      3 : 9.92e+01  9.84e+01  4.09e-03
1 :        1532 :     28     48 :   0  8      66   0  8      94 :    42014    42768    72370    73108      3 : 9.92e+01  9.84e+01  3.25e-03
1 :        2625 :     49     28 :   0  8      95   0  8      66 :    73109    74219    42014    42768      4 : 9.91e+01  9.87e+01  6.38e-03
1 :        1533 :     28     49 :   0  8      66   0  8      95 :    42014    42768    73109    74219      4 : 9.91e+01  9.87e+01  6.09e-03
1 :        2678 :     50     28 :   0  8      96   0  8      66 :    74220    76059    42014    42768      3 : 9.94e+01  9.89e+01  5.83e-03
1 :        1534 :     28     50 :   0  8      66   0  8      96 :    42014    42768    74220    76059      3 : 9.94e+01  9.89e+01  5.67e-03
1 :        2731 :     51     28 :   0  8      97   0  8      66 :    76060    77572    42014    42768      4 : 9.92e+01  9.88e+01  4.90e-03
1 :        1535 :     28     51 :   0  8      66   0  8      97 :    42014    42768    76060    77572      4 : 9.92e+01  9.88e+01  4.51e-03
1 :        2784 :     52     28 :   0  8      98   0  8      66 :    77573    77654    42014    42768      5 : 9.32e+01  9.19e+01  3.89e-03
1 :        1536 :     28     52 :   0  8      66   0  8      98 :    42014    42768    77573    77654      4 : 9.46e+01  9.32e+01  6.87e-03
0 :        1566 :     29     29 :   0  8      67   0  8      67 :    42769    43712    42769    43712      0 : 0.00e+00  0.00e+00  2.14e-01
0 :        1619 :     30     29 :   0  8      68   0  8      67 :    43713    45403    42769    43712      0 : 0.00e+00  0.00e+00  2.67e-01
0 :        1567 :     29     30 :   0  8      67   0  8      68 :    42769    43712    43713    45403      0 : 0.00e+00  0.00e+00  2.45e-01
1 :        1672 :     31     29 :   0  8      71   0  8      67 :    45404    47057    42769    43712      8 : 9.87e+01  9.78e+01  2.77e-02
1 :        1568 :     29     31 :   0  8      67   0  8      71 :    42769    43712    45404    47057      8 : 9.87e+01  9.80e+01  2.48e-02
1 :        1725 :     32     29 :   0  8      72   0  8      67 :    47058    49013    42769    43712      5 : 9.92e+01  9.84e+01  8.33e-03
1 :        1569 :     29     32 :   0  8      67   0  8      72 :    42769    43712    47058    49013      5 : 9.92e+01  9.84e+01  8.54e-03
0 :        1778 :     33     29 :   0  8      73   0  8      67 :    49014    49752    42769    43712      0 : 0.00e+00  0.00e+00  1.02e-01
0 :        1570 :     29     33 :   0  8      67   0  8      73 :    42769    43712    49014    49752      0 : 0.00e+00  0.00e+00  9.31e-02
0 :        1831 :     34     29 :   0  8      74   0  8      67 :    49753    51606    42769    43712      0 : 0.00e+00  0.00e+00  2.46e-01
0 :        1571 :     29     34 :   0  8      67   0  8      74 :    42769    43712    49753    51606      0 : 0.00e+00  0.00e+00  2.28e-01
1 :        1884 :     35     29 :   0  8      75   0  8      67 :    51607    53340    42769    43712      6 : 9.90e+01  9.80e+01  6.26e-03
1 :        1572 :     29     35 :   0  8      67   0  8      75 :    42769    43712    51607    53340      6 : 9.90e+01  9.80e+01  5.72e-03
1 :        1937 :     36     29 :   0  8      76   0  8      67 :    53341    54448    42769    43712      5 : 9.90e+01  9.80e+01  5.96e-03
1 :        1573 :     29     36 :   0  8      67   0  8      76 :    42769    43712    53341    54448      5 : 9.90e+01  9.80e+01  5.78e-03
1 :        1990 :     37     29 :   0  8      77   0  8      67 :    54449    56151    42769    43712      6 : 9.90e+01  9.82e+01  7.18e-03
1 :        1574 :     29     37 :   0  8      67   0  8      77 :    42769    43712    54449    56151      6 : 9.90e+01  9.80e+01  7.14e-03
1 :        2043 :     38     29 :   0  8      78   0  8      67 :    56152    58105    42769    43712      5 : 9.92e+01  9.84e+01  8.32e-03
1 :        1575 :     29     38 :   0  8      67   0  8      78 :    42769    43712    56152    58105      5 : 9.92e+01  9.84e+01  8.42e-03
1 :        2096 :     39     29 :   0  8      83   0  8      67 :    58106    60074    42769    43712      3 : 9.95e+01  9.87e+01  6.97e-03
1 :        1576 :     29     39 :   0  8      67   0  8      83 :    42769    43712    58106    60074      3 : 9.95e+01  9.87e+01  7.33e-03
1 :        2149 :     40     29 :   0  8      84   0  8      67 :    60075    61735    42769    43712      3 : 9.95e+01  9.87e+01  5.07e-03
1 :        1577 :     29     40 :   0  8      67   0  8      84 :    42769    43712    60075    61735      3 : 9.95e+01  9.88e+01  1.23e-02
1 :        2202 :     41     29 :   0  8      85   0  8      67 :    61736    62505    42769    43712      3 : 9.93e+01  9.86e+01  8.56e-03
1 :        1578 :     29     41 :   0  8      67   0  8      85 :    42769    43712    61736    62505      3 : 9.93e+01  9.86e+01  7.53e-03
1 :        2255 :     42     29 :   0  8      86   0  8      67 :    62506    64201    42769    43712      3 : 9.95e+01  9.88e+01  6.06e-03
1 :        1579 :     29     42 :   0  8      67   0  8      86 :    42769    43712    62506    64201      3 : 9.95e+01  9.88e+01  1.08e-02
1 :        2308 :     43     29 :   0  8      87   0  8      67 :    64202    65898    42769    43712      3 : 9.95e+01  9.88e+01  5.23e-03
1 :        1580 :     29     43 :   0  8      67   0  8      87 :    42769    43712    64202    65898      3 : 9.95e+01  9.88e+01  5.14e-03
1 :        2361 :     44     29 :   0  8      88   0  8      67 :    65899    66838    42769    43712      3 : 9.94e+01  9.85e+01  3.48e-03
1 :        1581 :     29     44 :   0  8      67   0  8      88 :    42769    43712    65899    66838      3 : 9.94e+01  9.85e+01  2.88e-03
1 :        2414 :     45     29 :   0  8      89   0  8      67 :    66839    68824    42769    43712      4 : 9.94e+01  9.86e+01  7.08e-03
1 :        1582 :     29     45 :   0  8      67   0  8      89 :    42769    43712    66839    68824      4 : 9.94e+01  9.86e+01  7.41e-03
1 :        2467 :     46     29 :   0  8      90   0  8      67 :    68825    70511    42769    43712      3 : 9.95e+01  9.88e+01  5.28e-03
1 :        1583 :     29     46 :   0  8      67   0  8      90 :    42769    43712    68825    70511      3 : 9.95e+01  9.88e+01  5.27e-03
1 :        2520 :     47     29 :   0  8      93   0  8      67 :    70512    72369    42769    43712      3 : 9.95e+01  9.89e+01  5.49e-03
1 :        1584 :     29     47 :   0  8      67   0  8      93 :    42769    43712    70512    72369      3 : 9.95e+01  9.89e+01  5.56e-03
1 :        2573 :     48     29 :   0  8      94   0  8      67 :    72370    73108    42769    43712      3 : 9.93e+01  9.86e+01  3.35e-03
1 :        1585 :     29     48 :   0  8      67   0  8      94 :    42769    43712    72370    73108      3 : 9.93e+01  9.86e+01  2.67e-03
1 :        2626 :     49     29 :   0  8      95   0  8      67 :    73109    74219    42769    43712      3 : 9.94e+01  9.86e+01  5.54e-03
1 :        1586 :     29     49 :   0  8      67   0  8      95 :    42769    43712    73109    74219      3 : 9.94e+01  9.86e+01  5.51e-03
1 :        2679 :     50     29 :   0  8      96   0  8      67 :    74220    76059    42769    43712      3 : 9.95e+01  9.87e+01  5.13e-03
1 :        1587 :     29     50 :   0  8      67   0  8      96 :    42769    43712    74220    76059      3 : 9.95e+01  9.89e+01  5.16e-03
1 :        2732 :     51     29 :   0  8      97   0  8      67 :    76060    77572    42769    43712      4 : 9.93e+01  9.83e+01  4.76e-03
1 :        1588 :     29     51 :   0  8      67   0  8      97 :    42769    43712    76060    77572      4 : 9.93e+01  9.83e+01  4.53e-03
1 :        2785 :     52     29 :   0  8      98   0  8      67 :    77573    77654    42769    43712      4 : 9.47e+01  9.07e+01  3.13e-03
1 :        1589 :     29     52 :   0  8      67   0  8      98 :    42769    43712    77573    77654      4 : 9.47e+01  9.07e+01  2.16e-03
0 :        1620 :     30     30 :   0  8      68   0  8      68 :    43713    45403    43713    45403      0 : 0.00e+00  0.00e+00  8.81e-01
0 :        1673 :     31     30 :   0  8      71   0  8      68 :    45404    47057    43713    45403      0 : 0.00e+00  0.00e+00  4.96e-01
0 :        1621 :     30     31 :   0  8      68   0  8      71 :    43713    45403    45404    47057      0 : 0.00e+00  0.00e+00  4.69e-01
1 :        1726 :     32     30 :   0  8      72   0  8      68 :    47058    49013    43713    45403     10 : 9.89e+01  9.85e+01  8.78e-02
1 :        1622 :     30     32 :   0  8      68   0  8      72 :    43713    45403    47058    49013     12 : 9.87e+01  9.82e+01  8.28e-02
0 :        1779 :     33     30 :   0  8      73   0  8      68 :    49014    49752    43713    45403      0 : 0.00e+00  0.00e+00  2.08e-01
0 :        1623 :     30     33 :   0  8      68   0  8      73 :    43713    45403    49014    49752      0 : 0.00e+00  0.00e+00  1.83e-01
0 :        1832 :     34     30 :   0  8      74   0  8      68 :    49753    51606    43713    45403      0 : 0.00e+00  0.00e+00  5.09e-01
0 :        1624 :     30     34 :   0  8      68   0  8      74 :    43713    45403    49753    51606      0 : 0.00e+00  0.00e+00  4.77e-01
1 :        1885 :     35     30 :   0  8      75   0  8      68 :    51607    53340    43713    45403      5 : 9.94e+01  9.84e+01  1.08e-02
1 :        1625 :     30     35 :   0  8      68   0  8      75 :    43713    45403    51607    53340      5 : 9.94e+01  9.85e+01  8.97e-03
1 :        1938 :     36     30 :   0  8      76   0  8      68 :    53341    54448    43713    45403      6 : 9.91e+01  9.82e+01  1.17e-02
1 :        1626 :     30     36 :   0  8      68   0  8      76 :    43713    45403    53341    54448      6 : 9.91e+01  9.84e+01  1.01e-02
0 :        1991 :     37     30 :   0  8      77   0  8      68 :    54449    56151    43713    45403      0 : 0.00e+00  0.00e+00  4.45e-01
0 :        1627 :     30     37 :   0  8      68   0  8      77 :    43713    45403    54449    56151      0 : 0.00e+00  0.00e+00  3.89e-01
1 :        2044 :     38     30 :   0  8      78   0  8      68 :    56152    58105    43713    45403      6 : 9.93e+01  9.85e+01  1.49e-02
1 :        1628 :     30     38 :   0  8      68   0  8      78 :    43713    45403    56152    58105      6 : 9.93e+01  9.85e+01  1.35e-02
1 :        2097 :     39     30 :   0  8      83   0  8      68 :    58106    60074    43713    45403      9 : 9.90e+01  9.87e+01  8.25e-02
1 :        1629 :     30     39 :   0  8      68   0  8      83 :    43713    45403    58106    60074     10 : 9.89e+01  9.87e+01  8.14e-02
1 :        2150 :     40     30 :   0  8      84   0  8      68 :    60075    61735    43713    45403      4 : 9.95e+01  9.87e+01  1.09e-02
1 :        1630 :     30     40 :   0  8      68   0  8      84 :    43713    45403    60075    61735      4 : 9.95e+01  9.87e+01  9.39e-03
1 :        2203 :     41     30 :   0  8      85   0  8      68 :    61736    62505    43713    45403      4 : 9.92e+01  9.87e+01  9.36e-03
1 :        1631 :     30     41 :   0  8      68   0  8      85 :    43713    45403    61736    62505      4 : 9.92e+01  9.89e+01  7.77e-03
1 :        2256 :     42     30 :   0  8      86   0  8      68 :    62506    64201    43713    45403      4 : 9.95e+01  9.87e+01  1.30e-02
1 :        1632 :     30     42 :   0  8      68   0  8      86 :    43713    45403    62506    64201      4 : 9.95e+01  9.88e+01  1.66e-02
1 :        2309 :     43     30 :   0  8      87   0  8      68 :    64202    65898    43713    45403      4 : 9.95e+01  9.88e+01  2.03e-02
1 :        1633 :     30     43 :   0  8      68   0  8      87 :    43713    45403    64202    65898      4 : 9.95e+01  9.87e+01  1.37e-02
1 :        2362 :     44     30 :   0  8      88   0  8      68 :    65899    66838    43713    45403      3 : 9.95e+01  9.88e+01  8.02e-03
1 :        1634 :     30     44 :   0  8      68   0  8      88 :    43713    45403    65899    66838      3 : 9.95e+01  9.88e+01  5.97e-03
1 :        2415 :     45     30 :   0  8      89   0  8      68 :    66839    68824    43713    45403      6 : 9.93e+01  9.88e+01  1.35e-02
1 :        1635 :     30     45 :   0  8      68   0  8      89 :    43713    45403    66839    68824      6 : 9.93e+01  9.88e+01  1.23e-02
1 :        2468 :     46     30 :   0  8      90   0  8      68 :    68825    70511    43713    45403      4 : 9.95e+01  9.87e+01  1.02e-02
1 :        1636 :     30     46 :   0  8      68   0  8      90 :    43713    45403    68825    70511      4 : 9.95e+01  9.87e+01  8.67e-03
1 :        2521 :     47     30 :   0  8      93   0  8      68 :    70512    72369    43713    45403      4 : 9.95e+01  9.89e+01  1.03e-02
1 :        1637 :     30     47 :   0  8      68   0  8      93 :    43713    45403    70512    72369      4 : 9.95e+01  9.88e+01  8.87e-03
1 :        2574 :     48     30 :   0  8      94   0  8      68 :    72370    73108    43713    45403      3 : 9.94e+01  9.86e+01  7.87e-03
1 :        1638 :     30     48 :   0  8      68   0  8      94 :    43713    45403    72370    73108      3 : 9.94e+01  9.88e+01  5.69e-03
1 :        2627 :     49     30 :   0  8      95   0  8      68 :    73109    74219    43713    45403      4 : 9.94e+01  9.90e+01  1.03e-02
1 :        1639 :     30     49 :   0  8      68   0  8      95 :    43713    45403    73109    74219      4 : 9.94e+01  9.90e+01  8.77e-03
1 :        2680 :     50     30 :   0  8      96   0  8      68 :    74220    76059    43713    45403      3 : 9.97e+01  9.90e+01  9.81e-03
1 :        1640 :     30     50 :   0  8      68   0  8      96 :    43713    45403    74220    76059      3 : 9.97e+01  9.90e+01  8.38e-03
1 :        2733 :     51     30 :   0  8      97   0  8      68 :    76060    77572    43713    45403      4 : 9.95e+01  9.87e+01  9.58e-03
1 :        1641 :     30     51 :   0  8      68   0  8      97 :    43713    45403    76060    77572      4 : 9.95e+01  9.87e+01  7.84e-03
1 :        2786 :     52     30 :   0  8      98   0  8      68 :    77573    77654    43713    45403      6 : 9.23e+01  8.98e+01  7.98e-03
1 :        1642 :     30     52 :   0  8      68   0  8      98 :    43713    45403    77573    77654      5 : 9.36e+01  9.10e+01  5.60e-03
0 :        1674 :     31     31 :   0  8      71   0  8      71 :    45404    47057    45404    47057      0 : 0.00e+00  0.00e+00  8.20e-01
0 :        1727 :     32     31 :   0  8      72   0  8      71 :    47058    49013    45404    47057      0 : 0.00e+00  0.00e+00  5.89e-01
0 :        1675 :     31     32 :   0  8      71   0  8      72 :    45404    47057    47058    49013      0 : 0.00e+00  0.00e+00  5.02e-01
1 :        1780 :     33     31 :   0  8      73   0  8      71 :    49014    49752    45404    47057      9 : 9.82e+01  9.80e+01  3.68e-02
1 :        1676 :     31     33 :   0  8      71   0  8      73 :    45404    47057    49014    49752      9 : 9.82e+01  9.78e+01  3.30e-02
0 :        1833 :     34     31 :   0  8      74   0  8      71 :    49753    51606    45404    47057      0 : 0.00e+00  0.00e+00  5.33e-01
0 :        1677 :     31     34 :   0  8      71   0  8      74 :    45404    47057    49753    51606      0 : 0.00e+00  0.00e+00  5.04e-01
1 :        1886 :     35     31 :   0  8      75   0  8      71 :    51607    53340    45404    47057      5 : 9.94e+01  9.86e+01  1.02e-02
1 :        1678 :     31     35 :   0  8      71   0  8      75 :    45404    47057    51607    53340      5 : 9.94e+01  9.86e+01  8.12e-03
1 :        1939 :     36     31 :   0  8      76   0  8      71 :    53341    54448    45404    47057      6 : 9.91e+01  9.83e+01  1.07e-02
1 :        1679 :     31     36 :   0  8      71   0  8      76 :    45404    47057    53341    54448      6 : 9.91e+01  9.83e+01  9.05e-03
0 :        1992 :     37     31 :   0  8      77   0  8      71 :    54449    56151    45404    47057      0 : 0.00e+00  0.00e+00  4.94e-01
0 :        1680 :     31     37 :   0  8      71   0  8      77 :    45404    47057    54449    56151      0 : 0.00e+00  0.00e+00  4.37e-01
0 :        2045 :     38     31 :   0  8      78   0  8      71 :    56152    58105    45404    47057      0 : 0.00e+00  0.00e+00  5.33e-01
0 :        1681 :     31     38 :   0  8      71   0  8      78 :    45404    47057    56152    58105      0 : 0.00e+00  0.00e+00  4.49e-01
1 :        2098 :     39     31 :   0  8      83   0  8      71 :    58106    60074    45404    47057     13 : 9.86e+01  9.83e+01  8.54e-02
1 :        1682 :     31     39 :   0  8      71   0  8      83 :    45404    47057    58106    60074     11 : 9.88e+01  9.83e+01  8.09e-02
1 :        2151 :     40     31 :   0  8      84   0  8      71 :    60075    61735    45404    47057      6 : 9.93e+01  9.86e+01  1.17e-02
1 :        1683 :     31     40 :   0  8      71   0  8      84 :    45404    47057    60075    61735      6 : 9.93e+01  9.86e+01  9.71e-03
1 :        2204 :     41     31 :   0  8      85   0  8      71 :    61736    62505    45404    47057      6 : 9.89e+01  9.87e+01  9.61e-03
1 :        1684 :     31     41 :   0  8      71   0  8      85 :    45404    47057    61736    62505      5 : 9.90e+01  9.85e+01  7.60e-03
1 :        2257 :     42     31 :   0  8      86   0  8      71 :    62506    64201    45404    47057      5 : 9.94e+01  9.88e+01  1.00e-02
1 :        1685 :     31     42 :   0  8      71   0  8      86 :    45404    47057    62506    64201      5 : 9.94e+01  9.88e+01  8.34e-03
1 :        2310 :     43     31 :   0  8      87   0  8      71 :    64202    65898    45404    47057      4 : 9.95e+01  9.87e+01  1.05e-02
1 :        1686 :     31     43 :   0  8      71   0  8      87 :    45404    47057    64202    65898      4 : 9.95e+01  9.86e+01  8.67e-03
1 :        2363 :     44     31 :   0  8      88   0  8      71 :    65899    66838    45404    47057      3 : 9.95e+01  9.87e+01  7.37e-03
1 :        1687 :     31     44 :   0  8      71   0  8      88 :    45404    47057    65899    66838      3 : 9.95e+01  9.87e+01  5.25e-03
1 :        2416 :     45     31 :   0  8      89   0  8      71 :    66839    68824    45404    47057      7 : 9.92e+01  9.84e+01  1.42e-02
1 :        1688 :     31     45 :   0  8      71   0  8      89 :    45404    47057    66839    68824      7 : 9.92e+01  9.84e+01  1.30e-02
1 :        2469 :     46     31 :   0  8      90   0  8      71 :    68825    70511    45404    47057      6 : 9.93e+01  9.87e+01  1.11e-02
1 :        1689 :     31     46 :   0  8      71   0  8      90 :    45404    47057    68825    70511      6 : 9.93e+01  9.87e+01  9.52e-03
1 :        2522 :     47     31 :   0  8      93   0  8      71 :    70512    72369    45404    47057      5 : 9.94e+01  9.87e+01  1.02e-02
1 :        1690 :     31     47 :   0  8      71   0  8      93 :    45404    47057    70512    72369      5 : 9.94e+01  9.87e+01  8.71e-03
1 :        2575 :     48     31 :   0  8      94   0  8      71 :    72370    73108    45404    47057      3 : 9.94e+01  9.86e+01  7.20e-03
1 :        1691 :     31     48 :   0  8      71   0  8      94 :    45404    47057    72370    73108      3 : 9.94e+01  9.88e+01  4.97e-03
1 :        2628 :     49     31 :   0  8      95   0  8      71 :    73109    74219    45404    47057      5 : 9.92e+01  9.88e+01  9.92e-03
1 :        1692 :     31     49 :   0  8      71   0  8      95 :    45404    47057    73109    74219      5 : 9.92e+01  9.89e+01  8.31e-03
1 :        2681 :     50     31 :   0  8      96   0  8      71 :    74220    76059    45404    47057      4 : 9.95e+01  9.89e+01  9.40e-03
1 :        1693 :     31     50 :   0  8      71   0  8      96 :    45404    47057    74220    76059      4 : 9.95e+01  9.90e+01  7.76e-03
1 :        2734 :     51     31 :   0  8      97   0  8      71 :    76060    77572    45404    47057      4 : 9.95e+01  9.87e+01  8.37e-03
1 :        1694 :     31     51 :   0  8      71   0  8      97 :    45404    47057    76060    77572      5 : 9.94e+01  9.86e+01  6.62e-03
1 :        2787 :     52     31 :   0  8      98   0  8      71 :    77573    77654    45404    47057      5 : 9.36e+01  8.98e+01  7.43e-03
1 :        1695 :     31     52 :   0  8      71   0  8      98 :    45404    47057    77573    77654      5 : 9.36e+01  9.10e+01  5.02e-03
0 :        1728 :     32     32 :   0  8      72   0  8      72 :    47058    49013    47058    49013      0 : 0.00e+00  0.00e+00  1.29e+00
1 :        1781 :     33     32 :   0  8      73   0  8      72 :    49014    49752    47058    49013      5 : 9.91e+01  9.83e+01  1.19e-02
1 :        1729 :     32     33 :   0  8      72   0  8      73 :    47058    49013    49014    49752      5 : 9.91e+01  9.85e+01  9.53e-03
1 :        1834 :     34     32 :   0  8      74   0  8      72 :    49753    51606    47058    49013     12 : 9.87e+01  9.85e+01  1.02e-01
1 :        1730 :     32     34 :   0  8      72   0  8      74 :    47058    49013    49753    51606     11 : 9.88e+01  9.85e+01  8.88e-02
1 :        1887 :     35     32 :   0  8      75   0  8      72 :    51607    53340    47058    49013      5 : 9.95e+01  9.87e+01  1.18e-02
1 :        1731 :     32     35 :   0  8      72   0  8      75 :    47058    49013    51607    53340      5 : 9.95e+01  9.88e+01  9.28e-03
1 :        1940 :     36     32 :   0  8      76   0  8      72 :    53341    54448    47058    49013      6 : 9.92e+01  9.87e+01  1.29e-02
1 :        1732 :     32     36 :   0  8      72   0  8      76 :    47058    49013    53341    54448      6 : 9.92e+01  9.87e+01  1.09e-02
0 :        1993 :     37     32 :   0  8      77   0  8      72 :    54449    56151    47058    49013      0 : 0.00e+00  0.00e+00  6.11e-01
0 :        1733 :     32     37 :   0  8      72   0  8      77 :    47058    49013    54449    56151      0 : 0.00e+00  0.00e+00  5.57e-01
0 :        2046 :     38     32 :   0  8      78   0  8      72 :    56152    58105    47058    49013      0 : 0.00e+00  0.00e+00  6.90e-01
0 :        1734 :     32     38 :   0  8      72   0  8      78 :    47058    49013    56152    58105      0 : 0.00e+00  0.00e+00  6.37e-01
0 :        2099 :     39     32 :   0  8      83   0  8      72 :    58106    60074    47058    49013      0 : 0.00e+00  0.00e+00  7.53e-01
0 :        1735 :     32     39 :   0  8      72   0  8      83 :    47058    49013    58106    60074      0 : 0.00e+00  0.00e+00  7.00e-01
1 :        2152 :     40     32 :   0  8      84   0  8      72 :    60075    61735    47058    49013     11 : 9.88e+01  9.83e+01  8.39e-02
1 :        1736 :     32     40 :   0  8      72   0  8      84 :    47058    49013    60075    61735     11 : 9.88e+01  9.83e+01  7.80e-02
1 :        2205 :     41     32 :   0  8      85   0  8      72 :    61736    62505    47058    49013     10 : 9.82e+01  9.84e+01  4.32e-02
1 :        1737 :     32     41 :   0  8      72   0  8      85 :    47058    49013    61736    62505     11 : 9.80e+01  9.84e+01  4.02e-02
1 :        2258 :     42     32 :   0  8      86   0  8      72 :    62506    64201    47058    49013      5 : 9.94e+01  9.88e+01  1.21e-02
1 :        1738 :     32     42 :   0  8      72   0  8      86 :    47058    49013    62506    64201      5 : 9.94e+01  9.89e+01  1.02e-02
1 :        2311 :     43     32 :   0  8      87   0  8      72 :    64202    65898    47058    49013      8 : 9.91e+01  9.87e+01  8.22e-02
1 :        1739 :     32     43 :   0  8      72   0  8      87 :    47058    49013    64202    65898      7 : 9.92e+01  9.87e+01  7.72e-02
1 :        2364 :     44     32 :   0  8      88   0  8      72 :    65899    66838    47058    49013      4 : 9.94e+01  9.86e+01  1.01e-02
1 :        1740 :     32     44 :   0  8      72   0  8      88 :    47058    49013    65899    66838      4 : 9.94e+01  9.86e+01  7.38e-03
0 :        2417 :     45     32 :   0  8      89   0  8      72 :    66839    68824    47058    49013      0 : 0.00e+00  0.00e+00  6.42e-01
0 :        1741 :     32     45 :   0  8      72   0  8      89 :    47058    49013    66839    68824      0 : 0.00e+00  0.00e+00  5.85e-01
1 :        2470 :     46     32 :   0  8      90   0  8      72 :    68825    70511    47058    49013      6 : 9.93e+01  9.85e+01  1.50e-02
1 :        1742 :     32     46 :   0  8      72   0  8      90 :    47058    49013    68825    70511      6 : 9.93e+01  9.85e+01  1.27e-02
1 :        2523 :     47     32 :   0  8      93   0  8      72 :    70512    72369    47058    49013      5 : 9.95e+01  9.87e+01  1.39e-02
1 :        1743 :     32     47 :   0  8      72   0  8      93 :    47058    49013    70512    72369      5 : 9.95e+01  9.87e+01  1.29e-02
1 :        2576 :     48     32 :   0  8      94   0  8      72 :    72370    73108    47058    49013      3 : 9.94e+01  9.87e+01  9.43e-03
1 :        1744 :     32     48 :   0  8      72   0  8      94 :    47058    49013    72370    73108      3 : 9.94e+01  9.87e+01  6.83e-03
1 :        2629 :     49     32 :   0  8      95   0  8      72 :    73109    74219    47058    49013      6 : 9.92e+01  9.87e+01  1.26e-02
1 :        1745 :     32     49 :   0  8      72   0  8      95 :    47058    49013    73109    74219      6 : 9.92e+01  9.87e+01  1.03e-02
1 :        2682 :     50     32 :   0  8      96   0  8      72 :    74220    76059    47058    49013      4 : 9.96e+01  9.88e+01  1.18e-02
1 :        1746 :     32     50 :   0  8      72   0  8      96 :    47058    49013    74220    76059      4 : 9.96e+01  9.87e+01  9.89e-03
1 :        2735 :     51     32 :   0  8      97   0  8      72 :    76060    77572    47058    49013      4 : 9.95e+01  9.89e+01  1.05e-02
1 :        1747 :     32     51 :   0  8      72   0  8      97 :    47058    49013    76060    77572      4 : 9.95e+01  9.89e+01  8.29e-03
1 :        2788 :     52     32 :   0  8      98   0  8      72 :    77573    77654    47058    49013      5 : 9.36e+01  9.11e+01  9.43e-03
1 :        1748 :     32     52 :   0  8      72   0  8      98 :    47058    49013    77573    77654      5 : 9.36e+01  9.11e+01  6.69e-03
0 :        1782 :     33     33 :   0  8      73   0  8      73 :    49014    49752    49014    49752      0 : 0.00e+00  0.00e+00  1.23e-01
0 :        1835 :     34     33 :   0  8      74   0  8      73 :    49753    51606    49014    49752      0 : 0.00e+00  0.00e+00  2.56e-01
0 :        1783 :     33     34 :   0  8      73   0  8      74 :    49014    49752    49753    51606      0 : 0.00e+00  0.00e+00  2.44e-01
0 :        1888 :     35     33 :   0  8      75   0  8      73 :    51607    53340    49014    49752      0 : 0.00e+00  0.00e+00  1.99e-01
0 :        1784 :     33     35 :   0  8      73   0  8      75 :    49014    49752    51607    53340      0 : 0.00e+00  0.00e+00  1.89e-01
0 :        1941 :     36     33 :   0  8      76   0  8      73 :    53341    54448    49014    49752      0 : 0.00e+00  0.00e+00  1.57e-01
0 :        1785 :     33     36 :   0  8      73   0  8      76 :    49014    49752    53341    54448      0 : 0.00e+00  0.00e+00  1.24e-01
1 :        1994 :     37     33 :   0  8      77   0  8      73 :    54449    56151    49014    49752     10 : 9.81e+01  9.77e+01  3.95e-02
1 :        1786 :     33     37 :   0  8      73   0  8      77 :    49014    49752    54449    56151      9 : 9.83e+01  9.77e+01  3.83e-02
1 :        2047 :     38     33 :   0  8      78   0  8      73 :    56152    58105    49014    49752      5 : 9.91e+01  9.85e+01  1.16e-02
1 :        1787 :     33     38 :   0  8      73   0  8      78 :    49014    49752    56152    58105      5 : 9.91e+01  9.85e+01  1.17e-02
1 :        2100 :     39     33 :   0  8      83   0  8      73 :    58106    60074    49014    49752      3 : 9.94e+01  9.85e+01  8.57e-03
1 :        1788 :     33     39 :   0  8      73   0  8      83 :    49014    49752    58106    60074      3 : 9.94e+01  9.87e+01  9.13e-03
1 :        2153 :     40     33 :   0  8      84   0  8      73 :    60075    61735    49014    49752      3 : 9.94e+01  9.86e+01  5.08e-03
1 :        1789 :     33     40 :   0  8      73   0  8      84 :    49014    49752    60075    61735      3 : 9.94e+01  9.88e+01  5.31e-03
1 :        2206 :     41     33 :   0  8      85   0  8      73 :    61736    62505    49014    49752      3 : 9.92e+01  9.84e+01  4.35e-03
1 :        1790 :     33     41 :   0  8      73   0  8      85 :    49014    49752    61736    62505      3 : 9.92e+01  9.84e+01  4.35e-03
1 :        2259 :     42     33 :   0  8      86   0  8      73 :    62506    64201    49014    49752      3 : 9.94e+01  9.88e+01  4.95e-03
1 :        1791 :     33     42 :   0  8      73   0  8      86 :    49014    49752    62506    64201      3 : 9.94e+01  9.88e+01  5.00e-03
1 :        2312 :     43     33 :   0  8      87   0  8      73 :    64202    65898    49014    49752      3 : 9.94e+01  9.86e+01  5.05e-03
1 :        1792 :     33     43 :   0  8      73   0  8      87 :    49014    49752    64202    65898      3 : 9.94e+01  9.88e+01  5.21e-03
1 :        2365 :     44     33 :   0  8      88   0  8      73 :    65899    66838    49014    49752      3 : 9.93e+01  9.85e+01  3.27e-03
1 :        1793 :     33     44 :   0  8      73   0  8      88 :    49014    49752    65899    66838      3 : 9.93e+01  9.85e+01  2.81e-03
1 :        2418 :     45     33 :   0  8      89   0  8      73 :    66839    68824    49014    49752      3 : 9.94e+01  9.85e+01  8.30e-03
1 :        1794 :     33     45 :   0  8      73   0  8      89 :    49014    49752    66839    68824      3 : 9.94e+01  9.87e+01  9.01e-03
1 :        2471 :     46     33 :   0  8      90   0  8      73 :    68825    70511    49014    49752      3 : 9.94e+01  9.86e+01  5.19e-03
1 :        1795 :     33     46 :   0  8      73   0  8      90 :    49014    49752    68825    70511      3 : 9.94e+01  9.88e+01  5.34e-03
1 :        2524 :     47     33 :   0  8      93   0  8      73 :    70512    72369    49014    49752      3 : 9.94e+01  9.87e+01  5.32e-03
1 :        1796 :     33     47 :   0  8      73   0  8      93 :    49014    49752    70512    72369      3 : 9.94e+01  9.89e+01  5.58e-03
1 :        2577 :     48     33 :   0  8      94   0  8      73 :    72370    73108    49014    49752      3 : 9.92e+01  9.84e+01  3.09e-03
1 :        1797 :     33     48 :   0  8      73   0  8      94 :    49014    49752    72370    73108      3 : 9.92e+01  9.84e+01  2.62e-03
1 :        2630 :     49     33 :   0  8      95   0  8      73 :    73109    74219    49014    49752      3 : 9.93e+01  9.86e+01  5.37e-03
1 :        1798 :     33     49 :   0  8      73   0  8      95 :    49014    49752    73109    74219      3 : 9.93e+01  9.86e+01  5.52e-03
1 :        2683 :     50     33 :   0  8      96   0  8      73 :    74220    76059    49014    49752      3 : 9.94e+01  9.89e+01  4.96e-03
1 :        1799 :     33     50 :   0  8      73   0  8      96 :    49014    49752    74220    76059      3 : 9.94e+01  9.89e+01  5.21e-03
1 :        2736 :     51     33 :   0  8      97   0  8      73 :    76060    77572    49014    49752      6 : 9.88e+01  9.80e+01  5.81e-03
1 :        1800 :     33     51 :   0  8      73   0  8      97 :    49014    49752    76060    77572      6 : 9.88e+01  9.78e+01  5.76e-03
1 :        2789 :     52     33 :   0  8      98   0  8      73 :    77573    77654    49014    49752      5 : 9.32e+01  8.78e+01  3.16e-03
1 :        1801 :     33     52 :   0  8      73   0  8      98 :    49014    49752    77573    77654      5 : 9.32e+01  8.92e+01  2.43e-03
0 :        1836 :     34     34 :   0  8      74   0  8      74 :    49753    51606    49753    51606      0 : 0.00e+00  0.00e+00  1.24e+00
0 :        1889 :     35     34 :   0  8      75   0  8      74 :    51607    53340    49753    51606      0 : 0.00e+00  0.00e+00  5.79e-01
0 :        1837 :     34     35 :   0  8      74   0  8      75 :    49753    51606    51607    53340      0 : 0.00e+00  0.00e+00  5.11e-01
0 :        1942 :     36     34 :   0  8      76   0  8      74 :    53341    54448    49753    51606      0 : 0.00e+00  0.00e+00  4.30e-01
0 :        1838 :     34     36 :   0  8      74   0  8      76 :    49753    51606    53341    54448      0 : 0.00e+00  0.00e+00  3.65e-01
0 :        1995 :     37     34 :   0  8      77   0  8      74 :    54449    56151    49753    51606      0 : 0.00e+00  0.00e+00  7.12e-01
0 :        1839 :     34     37 :   0  8      74   0  8      77 :    49753    51606    54449    56151      0 : 0.00e+00  0.00e+00  6.68e-01
1 :        2048 :     38     34 :   0  8      78   0  8      74 :    56152    58105    49753    51606     12 : 9.87e+01  9.83e+01  1.70e-01
1 :        1840 :     34     38 :   0  8      74   0  8      78 :    49753    51606    56152    58105     16 : 9.83e+01  9.84e+01  1.66e-01
1 :        2101 :     39     34 :   0  8      83   0  8      74 :    58106    60074    49753    51606      6 : 9.94e+01  9.87e+01  1.91e-02
1 :        1841 :     34     39 :   0  8      74   0  8      83 :    49753    51606    58106    60074      6 : 9.94e+01  9.87e+01  1.73e-02
1 :        2154 :     40     34 :   0  8      84   0  8      74 :    60075    61735    49753    51606      4 : 9.95e+01  9.86e+01  1.32e-02
1 :        1842 :     34     40 :   0  8      74   0  8      84 :    49753    51606    60075    61735      4 : 9.95e+01  9.87e+01  1.09e-02
1 :        2207 :     41     34 :   0  8      85   0  8      74 :    61736    62505    49753    51606      4 : 9.93e+01  9.89e+01  1.21e-02
1 :        1843 :     34     41 :   0  8      74   0  8      85 :    49753    51606    61736    62505      4 : 9.93e+01  9.87e+01  9.57e-03
1 :        2260 :     42     34 :   0  8      86   0  8      74 :    62506    64201    49753    51606      3 : 9.97e+01  9.90e+01  1.24e-02
1 :        1844 :     34     42 :   0  8      74   0  8      86 :    49753    51606    62506    64201      3 : 9.97e+01  9.89e+01  1.01e-02
1 :        2313 :     43     34 :   0  8      87   0  8      74 :    64202    65898    49753    51606      3 : 9.97e+01  9.88e+01  1.28e-02
1 :        1845 :     34     43 :   0  8      74   0  8      87 :    49753    51606    64202    65898      3 : 9.97e+01  9.89e+01  1.03e-02
1 :        2366 :     44     34 :   0  8      88   0  8      74 :    65899    66838    49753    51606      3 : 9.95e+01  9.89e+01  1.05e-02
1 :        1846 :     34     44 :   0  8      74   0  8      88 :    49753    51606    65899    66838      3 : 9.95e+01  9.89e+01  7.60e-03
1 :        2419 :     45     34 :   0  8      89   0  8      74 :    66839    68824    49753    51606     10 : 9.90e+01  9.87e+01  9.85e-02
1 :        1847 :     34     45 :   0  8      74   0  8      89 :    49753    51606    66839    68824     10 : 9.90e+01  9.87e+01  9.54e-02
1 :        2472 :     46     34 :   0  8      90   0  8      74 :    68825    70511    49753    51606      4 : 9.95e+01  9.88e+01  1.41e-02
1 :        1848 :     34     46 :   0  8      74   0  8      90 :    49753    51606    68825    70511      4 : 9.95e+01  9.88e+01  1.15e-02
1 :        2525 :     47     34 :   0  8      93   0  8      74 :    70512    72369    49753    51606      3 : 9.97e+01  9.89e+01  1.31e-02
1 :        1849 :     34     47 :   0  8      74   0  8      93 :    49753    51606    70512    72369      3 : 9.97e+01  9.88e+01  1.08e-02
1 :        2578 :     48     34 :   0  8      94   0  8      74 :    72370    73108    49753    51606      3 : 9.94e+01  9.87e+01  1.05e-02
1 :        1850 :     34     48 :   0  8      74   0  8      94 :    49753    51606    72370    73108      3 : 9.94e+01  9.89e+01  7.44e-03
1 :        2631 :     49     34 :   0  8      95   0  8      74 :    73109    74219    49753    51606      4 : 9.94e+01  9.88e+01  1.33e-02
1 :        1851 :     34     49 :   0  8      74   0  8      95 :    49753    51606    73109    74219      4 : 9.94e+01  9.87e+01  1.09e-02
1 :        2684 :     50     34 :   0  8      96   0  8      74 :    74220    76059    49753    51606      3 : 9.97e+01  9.89e+01  1.26e-02
1 :        1852 :     34     50 :   0  8      74   0  8      96 :    49753    51606    74220    76059      3 : 9.97e+01  9.90e+01  1.02e-02
1 :        2737 :     51     34 :   0  8      97   0  8      74 :    76060    77572    49753    51606      6 : 9.93e+01  9.86e+01  1.34e-02
1 :        1853 :     34     51 :   0  8      74   0  8      97 :    49753    51606    76060    77572      6 : 9.93e+01  9.86e+01  1.09e-02
1 :        2790 :     52     34 :   0  8      98   0  8      74 :    77573    77654    49753    51606     10 : 8.73e+01  8.85e+01  1.59e-02
1 :        1854 :     34     52 :   0  8      74   0  8      98 :    49753    51606    77573    77654      8 : 8.98e+01  8.85e+01  1.25e-02
0 :        1890 :     35     35 :   0  8      75   0  8      75 :    51607    53340    51607    53340      0 : 0.00e+00  0.00e+00  9.50e-01
0 :        1943 :     36     35 :   0  8      76   0  8      75 :    53341    54448    51607    53340      0 : 0.00e+00  0.00e+00  3.87e-01
0 :        1891 :     35     36 :   0  8      75   0  8      76 :    51607    53340    53341    54448      0 : 0.00e+00  0.00e+00  3.49e-01
1 :        1996 :     37     35 :   0  8      77   0  8      75 :    54449    56151    51607    53340     11 : 9.87e+01  9.85e+01  9.13e-02
1 :        1892 :     35     37 :   0  8      75   0  8      77 :    51607    53340    54449    56151     10 : 9.88e+01  9.84e+01  8.15e-02
1 :        2049 :     38     35 :   0  8      78   0  8      75 :    56152    58105    51607    53340      6 : 9.93e+01  9.88e+01  1.64e-02
1 :        1893 :     35     38 :   0  8      75   0  8      78 :    51607    53340    56152    58105      7 : 9.92e+01  9.87e+01  1.62e-02
1 :        2102 :     39     35 :   0  8      83   0  8      75 :    58106    60074    51607    53340      4 : 9.96e+01  9.88e+01  1.21e-02
1 :        1894 :     35     39 :   0  8      75   0  8      83 :    51607    53340    58106    60074      4 : 9.96e+01  9.89e+01  1.15e-02
1 :        2155 :     40     35 :   0  8      84   0  8      75 :    60075    61735    51607    53340      3 : 9.96e+01  9.89e+01  1.59e-02
1 :        1895 :     35     40 :   0  8      75   0  8      84 :    51607    53340    60075    61735      3 : 9.96e+01  9.88e+01  1.58e-02
1 :        2208 :     41     35 :   0  8      85   0  8      75 :    61736    62505    51607    53340      3 : 9.94e+01  9.89e+01  1.51e-02
1 :        1896 :     35     41 :   0  8      75   0  8      85 :    51607    53340    61736    62505      3 : 9.94e+01  9.89e+01  1.17e-02
1 :        2261 :     42     35 :   0  8      86   0  8      75 :    62506    64201    51607    53340      3 : 9.97e+01  9.90e+01  8.72e-03
1 :        1897 :     35     42 :   0  8      75   0  8      86 :    51607    53340    62506    64201      3 : 9.97e+01  9.90e+01  7.23e-03
1 :        2314 :     43     35 :   0  8      87   0  8      75 :    64202    65898    51607    53340      3 : 9.97e+01  9.90e+01  8.97e-03
1 :        1898 :     35     43 :   0  8      75   0  8      87 :    51607    53340    64202    65898      3 : 9.97e+01  9.90e+01  7.54e-03
1 :        2367 :     44     35 :   0  8      88   0  8      75 :    65899    66838    51607    53340      3 : 9.95e+01  9.89e+01  6.89e-03
1 :        1899 :     35     44 :   0  8      75   0  8      88 :    51607    53340    65899    66838      3 : 9.95e+01  9.89e+01  4.95e-03
1 :        2420 :     45     35 :   0  8      89   0  8      75 :    66839    68824    51607    53340      4 : 9.96e+01  9.89e+01  1.28e-02
1 :        1900 :     35     45 :   0  8      75   0  8      89 :    51607    53340    66839    68824      4 : 9.96e+01  9.88e+01  1.25e-02
1 :        2473 :     46     35 :   0  8      90   0  8      75 :    68825    70511    51607    53340      4 : 9.95e+01  9.88e+01  9.36e-03
1 :        1901 :     35     46 :   0  8      75   0  8      90 :    51607    53340    68825    70511      4 : 9.95e+01  9.89e+01  8.00e-03
1 :        2526 :     47     35 :   0  8      93   0  8      75 :    70512    72369    51607    53340      3 : 9.97e+01  9.89e+01  9.19e-03
1 :        1902 :     35     47 :   0  8      75   0  8      93 :    51607    53340    70512    72369      3 : 9.97e+01  9.90e+01  7.95e-03
1 :        2579 :     48     35 :   0  8      94   0  8      75 :    72370    73108    51607    53340      3 : 9.94e+01  9.86e+01  6.73e-03
1 :        1903 :     35     48 :   0  8      75   0  8      94 :    51607    53340    72370    73108      3 : 9.94e+01  9.88e+01  4.64e-03
1 :        2632 :     49     35 :   0  8      95   0  8      75 :    73109    74219    51607    53340      4 : 9.94e+01  9.90e+01  9.35e-03
1 :        1904 :     35     49 :   0  8      75   0  8      95 :    51607    53340    73109    74219      4 : 9.94e+01  9.90e+01  8.10e-03
1 :        2685 :     50     35 :   0  8      96   0  8      75 :    74220    76059    51607    53340      3 : 9.97e+01  9.89e+01  8.82e-03
1 :        1905 :     35     50 :   0  8      75   0  8      96 :    51607    53340    74220    76059      3 : 9.97e+01  9.90e+01  7.49e-03
0 :        2738 :     51     35 :   0  8      97   0  8      75 :    76060    77572    51607    53340      0 : 0.00e+00  0.00e+00  4.60e-01
0 :        1906 :     35     51 :   0  8      75   0  8      97 :    51607    53340    76060    77572      0 : 0.00e+00  0.00e+00  4.10e-01
0 :        2791 :     52     35 :   0  8      98   0  8      75 :    77573    77654    51607    53340      0 : 0.00e+00  0.00e+00  3.22e-02
0 :        1907 :     35     52 :   0  8      75   0  8      98 :    51607    53340    77573    77654      0 : 0.00e+00  0.00e+00  2.45e-02
0 :        1944 :     36     36 :   0  8      76   0  8      76 :    53341    54448    53341    54448      0 : 0.00e+00  0.00e+00  3.92e-01
0 :        1997 :     37     36 :   0  8      77   0  8      76 :    54449    56151    53341    54448      0 : 0.00e+00  0.00e+00  4.32e-01
0 :        1945 :     36     37 :   0  8      76   0  8      77 :    53341    54448    54449    56151      0 : 0.00e+00  0.00e+00  3.75e-01
1 :        2050 :     38     36 :   0  8      78   0  8      76 :    56152    58105    53341    54448     15 : 9.79e+01  9.84e+01  6.57e-02
1 :        1946 :     36     38 :   0  8      76   0  8      78 :    53341    54448    56152    58105     16 : 9.77e+01  9.83e+01  6.17e-02
1 :        2103 :     39     36 :   0  8      83   0  8      76 :    58106    60074    53341    54448      6 : 9.92e+01  9.87e+01  1.36e-02
1 :        1947 :     36     39 :   0  8      76   0  8      83 :    53341    54448    58106    60074      6 : 9.92e+01  9.87e+01  1.31e-02
1 :        2156 :     40     36 :   0  8      84   0  8      76 :    60075    61735    53341    54448      4 : 9.94e+01  9.88e+01  9.52e-03
1 :        1948 :     36     40 :   0  8      76   0  8      84 :    53341    54448    60075    61735      4 : 9.94e+01  9.86e+01  8.75e-03
1 :        2209 :     41     36 :   0  8      85   0  8      76 :    61736    62505    53341    54448      4 : 9.91e+01  9.87e+01  8.45e-03
1 :        1949 :     36     41 :   0  8      76   0  8      85 :    53341    54448    61736    62505      4 : 9.91e+01  9.87e+01  7.47e-03
1 :        2262 :     42     36 :   0  8      86   0  8      76 :    62506    64201    53341    54448      3 : 9.96e+01  9.90e+01  8.86e-03
1 :        1950 :     36     42 :   0  8      76   0  8      86 :    53341    54448    62506    64201      3 : 9.96e+01  9.90e+01  8.08e-03
1 :        2315 :     43     36 :   0  8      87   0  8      76 :    64202    65898    53341    54448      5 : 9.93e+01  9.90e+01  9.57e-03
1 :        1951 :     36     43 :   0  8      76   0  8      87 :    53341    54448    64202    65898      5 : 9.93e+01  9.90e+01  8.61e-03
1 :        2368 :     44     36 :   0  8      88   0  8      76 :    65899    66838    53341    54448      3 : 9.94e+01  9.86e+01  7.25e-03
1 :        1952 :     36     44 :   0  8      76   0  8      88 :    53341    54448    65899    66838      3 : 9.94e+01  9.86e+01  5.78e-03
1 :        2421 :     45     36 :   0  8      89   0  8      76 :    66839    68824    53341    54448     11 : 9.85e+01  9.87e+01  6.20e-02
1 :        1953 :     36     45 :   0  8      76   0  8      89 :    53341    54448    66839    68824     12 : 9.83e+01  9.86e+01  5.97e-02
1 :        2474 :     46     36 :   0  8      90   0  8      76 :    68825    70511    53341    54448      5 : 9.93e+01  9.88e+01  1.05e-02
1 :        1954 :     36     46 :   0  8      76   0  8      90 :    53341    54448    68825    70511      5 : 9.93e+01  9.88e+01  9.31e-03
1 :        2527 :     47     36 :   0  8      93   0  8      76 :    70512    72369    53341    54448      4 : 9.94e+01  9.88e+01  1.01e-02
1 :        1955 :     36     47 :   0  8      76   0  8      93 :    53341    54448    70512    72369      4 : 9.94e+01  9.88e+01  9.11e-03
1 :        2580 :     48     36 :   0  8      94   0  8      76 :    72370    73108    53341    54448      3 : 9.93e+01  9.84e+01  7.08e-03
1 :        1956 :     36     48 :   0  8      76   0  8      94 :    53341    54448    72370    73108      3 : 9.93e+01  9.86e+01  5.56e-03
1 :        2633 :     49     36 :   0  8      95   0  8      76 :    73109    74219    53341    54448      6 : 9.89e+01  9.87e+01  1.07e-02
1 :        1957 :     36     49 :   0  8      76   0  8      95 :    53341    54448    73109    74219      6 : 9.89e+01  9.87e+01  9.70e-03
1 :        2686 :     50     36 :   0  8      96   0  8      76 :    74220    76059    53341    54448      4 : 9.94e+01  9.88e+01  9.47e-03
1 :        1958 :     36     50 :   0  8      76   0  8      96 :    53341    54448    74220    76059      4 : 9.94e+01  9.90e+01  8.64e-03
0 :        2739 :     51     36 :   0  8      97   0  8      76 :    76060    77572    53341    54448      0 : 0.00e+00  0.00e+00  3.23e-01
0 :        1959 :     36     51 :   0  8      76   0  8      97 :    53341    54448    76060    77572      0 : 0.00e+00  0.00e+00  3.26e-01
0 :        2792 :     52     36 :   0  8      98   0  8      76 :    77573    77654    53341    54448      0 : 0.00e+00  0.00e+00  2.70e-02
0 :        1960 :     36     52 :   0  8      76   0  8      98 :    53341    54448    77573    77654      0 : 0.00e+00  0.00e+00  2.34e-02
0 :        1998 :     37     37 :   0  8      77   0  8      77 :    54449    56151    54449    56151      0 : 0.00e+00  0.00e+00  1.14e+00
0 :        2051 :     38     37 :   0  8      78   0  8      77 :    56152    58105    54449    56151      0 : 0.00e+00  0.00e+00  8.19e-01
0 :        1999 :     37     38 :   0  8      77   0  8      78 :    54449    56151    56152    58105      0 : 0.00e+00  0.00e+00  7.39e-01
1 :        2104 :     39     37 :   0  8      83   0  8      77 :    58106    60074    54449    56151     10 : 9.89e+01  9.85e+01  1.31e-01
1 :        2000 :     37     39 :   0  8      77   0  8      83 :    54449    56151    58106    60074     12 : 9.87e+01  9.85e+01  1.02e-01
1 :        2157 :     40     37 :   0  8      84   0  8      77 :    60075    61735    54449    56151      6 : 9.93e+01  9.86e+01  1.72e-02
1 :        2001 :     37     40 :   0  8      77   0  8      84 :    54449    56151    60075    61735      6 : 9.93e+01  9.87e+01  1.57e-02
1 :        2210 :     41     37 :   0  8      85   0  8      77 :    61736    62505    54449    56151      6 : 9.89e+01  9.85e+01  1.43e-02
1 :        2002 :     37     41 :   0  8      77   0  8      85 :    54449    56151    61736    62505      5 : 9.91e+01  9.85e+01  1.25e-02
1 :        2263 :     42     37 :   0  8      86   0  8      77 :    62506    64201    54449    56151      4 : 9.95e+01  9.87e+01  1.45e-02
1 :        2003 :     37     42 :   0  8      77   0  8      86 :    54449    56151    62506    64201      4 : 9.95e+01  9.88e+01  1.26e-02
1 :        2316 :     43     37 :   0  8      87   0  8      77 :    64202    65898    54449    56151      5 : 9.94e+01  9.86e+01  1.57e-02
1 :        2004 :     37     43 :   0  8      77   0  8      87 :    54449    56151    64202    65898      5 : 9.94e+01  9.87e+01  1.37e-02
1 :        2369 :     44     37 :   0  8      88   0  8      77 :    65899    66838    54449    56151      3 : 9.95e+01  9.87e+01  1.24e-02
1 :        2005 :     37     44 :   0  8      77   0  8      88 :    54449    56151    65899    66838      3 : 9.95e+01  9.88e+01  9.93e-03
1 :        2422 :     45     37 :   0  8      89   0  8      77 :    66839    68824    54449    56151     12 : 9.87e+01  9.84e+01  1.69e-01
1 :        2006 :     37     45 :   0  8      77   0  8      89 :    54449    56151    66839    68824     14 : 9.85e+01  9.83e+01  1.71e-01
1 :        2475 :     46     37 :   0  8      90   0  8      77 :    68825    70511    54449    56151      6 : 9.93e+01  9.86e+01  1.76e-02
1 :        2007 :     37     46 :   0  8      77   0  8      90 :    54449    56151    68825    70511      6 : 9.93e+01  9.86e+01  1.55e-02
1 :        2528 :     47     37 :   0  8      93   0  8      77 :    70512    72369    54449    56151      5 : 9.94e+01  9.88e+01  1.62e-02
1 :        2008 :     37     47 :   0  8      77   0  8      93 :    54449    56151    70512    72369      5 : 9.94e+01  9.88e+01  1.44e-02
1 :        2581 :     48     37 :   0  8      94   0  8      77 :    72370    73108    54449    56151      3 : 9.94e+01  9.86e+01  1.22e-02
1 :        2009 :     37     48 :   0  8      77   0  8      94 :    54449    56151    72370    73108      3 : 9.94e+01  9.86e+01  9.58e-03
1 :        2634 :     49     37 :   0  8      95   0  8      77 :    73109    74219    54449    56151      5 : 9.93e+01  9.87e+01  1.60e-02
1 :        2010 :     37     49 :   0  8      77   0  8      95 :    54449    56151    73109    74219      5 : 9.93e+01  9.87e+01  1.41e-02
1 :        2687 :     50     37 :   0  8      96   0  8      77 :    74220    76059    54449    56151      4 : 9.95e+01  9.86e+01  1.50e-02
1 :        2011 :     37     50 :   0  8      77   0  8      96 :    54449    56151    74220    76059      5 : 9.94e+01  9.89e+01  1.33e-02
1 :        2740 :     51     37 :   0  8      97   0  8      77 :    76060    77572    54449    56151     11 : 9.86e+01  9.85e+01  5.81e-02
1 :        2012 :     37     51 :   0  8      77   0  8      97 :    54449    56151    76060    77572     11 : 9.86e+01  9.86e+01  5.51e-02
1 :        2793 :     52     37 :   0  8      98   0  8      77 :    77573    77654    54449    56151     14 : 8.21e+01  8.72e+01  1.92e-02
1 :        2013 :     37     52 :   0  8      77   0  8      98 :    54449    56151    77573    77654     14 : 8.21e+01  8.85e+01  1.61e-02
0 :        2052 :     38     38 :   0  8      78   0  8      78 :    56152    58105    56152    58105      0 : 0.00e+00  0.00e+00  1.54e+00
0 :        2105 :     39     38 :   0  8      83   0  8      78 :    58106    60074    56152    58105      0 : 0.00e+00  0.00e+00  8.44e-01
0 :        2053 :     38     39 :   0  8      78   0  8      83 :    56152    58105    58106    60074      0 : 0.00e+00  0.00e+00  7.34e-01
1 :        2158 :     40     38 :   0  8      84   0  8      78 :    60075    61735    56152    58105      6 : 9.93e+01  9.84e+01  1.96e-02
1 :        2054 :     38     40 :   0  8      78   0  8      84 :    56152    58105    60075    61735      6 : 9.93e+01  9.86e+01  1.77e-02
1 :        2211 :     41     38 :   0  8      85   0  8      78 :    61736    62505    56152    58105      6 : 9.89e+01  9.86e+01  1.57e-02
1 :        2055 :     38     41 :   0  8      78   0  8      85 :    56152    58105    61736    62505      6 : 9.89e+01  9.86e+01  1.36e-02
1 :        2264 :     42     38 :   0  8      86   0  8      78 :    62506    64201    56152    58105      4 : 9.96e+01  9.88e+01  1.59e-02
1 :        2056 :     38     42 :   0  8      78   0  8      86 :    56152    58105    62506    64201      4 : 9.96e+01  9.88e+01  1.36e-02
1 :        2317 :     43     38 :   0  8      87   0  8      78 :    64202    65898    56152    58105      5 : 9.94e+01  9.87e+01  1.80e-02
1 :        2057 :     38     43 :   0  8      78   0  8      87 :    56152    58105    64202    65898      5 : 9.94e+01  9.87e+01  1.59e-02
1 :        2370 :     44     38 :   0  8      88   0  8      78 :    65899    66838    56152    58105      4 : 9.94e+01  9.86e+01  1.37e-02
1 :        2058 :     38     44 :   0  8      78   0  8      88 :    56152    58105    65899    66838      4 : 9.94e+01  9.87e+01  1.05e-02
0 :        2423 :     45     38 :   0  8      89   0  8      78 :    66839    68824    56152    58105      0 : 0.00e+00  0.00e+00  9.76e-01
0 :        2059 :     38     45 :   0  8      78   0  8      89 :    56152    58105    66839    68824      0 : 0.00e+00  0.00e+00  8.65e-01
1 :        2476 :     46     38 :   0  8      90   0  8      78 :    68825    70511    56152    58105     13 : 9.86e+01  9.83e+01  9.52e-02
1 :        2060 :     38     46 :   0  8      78   0  8      90 :    56152    58105    68825    70511     11 : 9.88e+01  9.82e+01  1.13e-01
1 :        2529 :     47     38 :   0  8      93   0  8      78 :    70512    72369    56152    58105      8 : 9.92e+01  9.88e+01  9.63e-02
1 :        2061 :     38     47 :   0  8      78   0  8      93 :    56152    58105    70512    72369      9 : 9.91e+01  9.87e+01  9.12e-02
1 :        2582 :     48     38 :   0  8      94   0  8      78 :    72370    73108    56152    58105      5 : 9.91e+01  9.85e+01  1.40e-02
1 :        2062 :     38     48 :   0  8      78   0  8      94 :    56152    58105    72370    73108      5 : 9.91e+01  9.87e+01  1.06e-02
1 :        2635 :     49     38 :   0  8      95   0  8      78 :    73109    74219    56152    58105     12 : 9.83e+01  9.87e+01  6.68e-02
1 :        2063 :     38     49 :   0  8      78   0  8      95 :    56152    58105    73109    74219     12 : 9.83e+01  9.86e+01  6.10e-02
1 :        2688 :     50     38 :   0  8      96   0  8      78 :    74220    76059    56152    58105      5 : 9.95e+01  9.87e+01  1.68e-02
1 :        2064 :     38     50 :   0  8      78   0  8      96 :    56152    58105    74220    76059      5 : 9.95e+01  9.88e+01  1.45e-02
1 :        2741 :     51     38 :   0  8      97   0  8      78 :    76060    77572    56152    58105      7 : 9.92e+01  9.88e+01  1.85e-02
1 :        2065 :     38     51 :   0  8      78   0  8      97 :    56152    58105    76060    77572      7 : 9.92e+01  9.88e+01  1.68e-02
1 :        2794 :     52     38 :   0  8      98   0  8      78 :    77573    77654    56152    58105     12 : 8.48e+01  8.98e+01  1.94e-02
1 :        2066 :     38     52 :   0  8      78   0  8      98 :    56152    58105    77573    77654     12 : 8.48e+01  8.98e+01  1.69e-02
0 :        2106 :     39     39 :   0  8      83   0  8      83 :    58106    60074    58106    60074      0 : 0.00e+00  0.00e+00  1.52e+00
0 :        2159 :     40     39 :   0  8      84   0  8      83 :    60075    61735    58106    60074      0 : 0.00e+00  0.00e+00  7.01e-01
0 :        2107 :     39     40 :   0  8      83   0  8      84 :    58106    60074    60075    61735      0 : 0.00e+00  0.00e+00  6.50e-01
1 :        2212 :     41     39 :   0  8      85   0  8      83 :    61736    62505    58106    60074     10 : 9.82e+01  9.80e+01  4.74e-02
1 :        2108 :     39     41 :   0  8      83   0  8      85 :    58106    60074    61736    62505     11 : 9.80e+01  9.80e+01  4.43e-02
1 :        2265 :     42     39 :   0  8      86   0  8      83 :    62506    64201    58106    60074      5 : 9.95e+01  9.87e+01  1.72e-02
1 :        2109 :     39     42 :   0  8      83   0  8      86 :    58106    60074    62506    64201      6 : 9.93e+01  9.87e+01  1.54e-02
1 :        2318 :     43     39 :   0  8      87   0  8      83 :    64202    65898    58106    60074     10 : 9.89e+01  9.81e+01  9.27e-02
1 :        2110 :     39     43 :   0  8      83   0  8      87 :    58106    60074    64202    65898     11 : 9.88e+01  9.81e+01  8.63e-02
1 :        2371 :     44     39 :   0  8      88   0  8      83 :    65899    66838    58106    60074      5 : 9.92e+01  9.84e+01  1.42e-02
1 :        2111 :     39     44 :   0  8      83   0  8      88 :    58106    60074    65899    66838      5 : 9.92e+01  9.83e+01  1.11e-02
0 :        2424 :     45     39 :   0  8      89   0  8      83 :    66839    68824    58106    60074      0 : 0.00e+00  0.00e+00  9.30e-01
0 :        2112 :     39     45 :   0  8      83   0  8      89 :    58106    60074    66839    68824      0 : 0.00e+00  0.00e+00  8.51e-01
0 :        2477 :     46     39 :   0  8      90   0  8      83 :    68825    70511    58106    60074      0 : 0.00e+00  0.00e+00  6.55e-01
0 :        2113 :     39     46 :   0  8      83   0  8      90 :    58106    60074    68825    70511      0 : 0.00e+00  0.00e+00  6.09e-01
1 :        2530 :     47     39 :   0  8      93   0  8      83 :    70512    72369    58106    60074      6 : 9.94e+01  9.85e+01  1.88e-02
1 :        2114 :     39     47 :   0  8      83   0  8      93 :    58106    60074    70512    72369      6 : 9.94e+01  9.85e+01  1.68e-02
1 :        2583 :     48     39 :   0  8      94   0  8      83 :    72370    73108    58106    60074      5 : 9.91e+01  9.85e+01  1.36e-02
1 :        2115 :     39     48 :   0  8      83   0  8      94 :    58106    60074    72370    73108      5 : 9.91e+01  9.83e+01  1.06e-02
1 :        2636 :     49     39 :   0  8      95   0  8      83 :    73109    74219    58106    60074      6 : 9.92e+01  9.86e+01  1.70e-02
1 :        2116 :     39     49 :   0  8      83   0  8      95 :    58106    60074    73109    74219      6 : 9.92e+01  9.86e+01  1.51e-02
1 :        2689 :     50     39 :   0  8      96   0  8      83 :    74220    76059    58106    60074      5 : 9.95e+01  9.87e+01  1.60e-02
1 :        2117 :     39     50 :   0  8      83   0  8      96 :    58106    60074    74220    76059      5 : 9.95e+01  9.88e+01  1.37e-02
1 :        2742 :     51     39 :   0  8      97   0  8      83 :    76060    77572    58106    60074      4 : 9.95e+01  9.89e+01  1.51e-02
1 :        2118 :     39     51 :   0  8      83   0  8      97 :    58106    60074    76060    77572      4 : 9.95e+01  9.89e+01  1.31e-02
1 :        2795 :     52     39 :   0  8      98   0  8      83 :    77573    77654    58106    60074      6 : 9.24e+01  9.24e+01  1.28e-02
1 :        2119 :     39     52 :   0  8      83   0  8      98 :    58106    60074    77573    77654      6 : 9.24e+01  9.24e+01  1.02e-02
0 :        2160 :     40     40 :   0  8      84   0  8      84 :    60075    61735    60075    61735      0 : 0.00e+00  0.00e+00  9.60e-01
0 :        2213 :     41     40 :   0  8      85   0  8      84 :    61736    62505    60075    61735      0 : 0.00e+00  0.00e+00  2.77e-01
0 :        2161 :     40     41 :   0  8      84   0  8      85 :    60075    61735    61736    62505      0 : 0.00e+00  0.00e+00  2.52e-01
1 :        2266 :     42     40 :   0  8      86   0  8      84 :    62506    64201    60075    61735      7 : 9.92e+01  9.83e+01  1.41e-02
1 :        2162 :     40     42 :   0  8      84   0  8      86 :    60075    61735    62506    64201      7 : 9.92e+01  9.81e+01  1.25e-02
0 :        2319 :     43     40 :   0  8      87   0  8      84 :    64202    65898    60075    61735      0 : 0.00e+00  0.00e+00  6.04e-01
0 :        2163 :     40     43 :   0  8      84   0  8      87 :    60075    61735    64202    65898      0 : 0.00e+00  0.00e+00  5.75e-01
1 :        2372 :     44     40 :   0  8      88   0  8      84 :    65899    66838    60075    61735      6 : 9.90e+01  9.78e+01  1.08e-02
1 :        2164 :     40     44 :   0  8      84   0  8      88 :    60075    61735    65899    66838      6 : 9.90e+01  9.78e+01  8.43e-03
0 :        2425 :     45     40 :   0  8      89   0  8      84 :    66839    68824    60075    61735      0 : 0.00e+00  0.00e+00  7.19e-01
0 :        2165 :     40     45 :   0  8      84   0  8      89 :    60075    61735    66839    68824      0 : 0.00e+00  0.00e+00  6.84e-01
0 :        2478 :     46     40 :   0  8      90   0  8      84 :    68825    70511    60075    61735      0 : 0.00e+00  0.00e+00  6.08e-01
0 :        2166 :     40     46 :   0  8      84   0  8      90 :    60075    61735    68825    70511      0 : 0.00e+00  0.00e+00  5.56e-01
0 :        2531 :     47     40 :   0  8      93   0  8      84 :    70512    72369    60075    61735      0 : 0.00e+00  0.00e+00  6.30e-01
0 :        2167 :     40     47 :   0  8      84   0  8      93 :    60075    61735    70512    72369      0 : 0.00e+00  0.00e+00  5.51e-01
1 :        2584 :     48     40 :   0  8      94   0  8      84 :    72370    73108    60075    61735      6 : 9.88e+01  9.78e+01  1.04e-02
1 :        2168 :     40     48 :   0  8      84   0  8      94 :    60075    61735    72370    73108      6 : 9.88e+01  9.80e+01  7.92e-03
1 :        2637 :     49     40 :   0  8      95   0  8      84 :    73109    74219    60075    61735      6 : 9.91e+01  9.82e+01  1.25e-02
1 :        2169 :     40     49 :   0  8      84   0  8      95 :    60075    61735    73109    74219      6 : 9.91e+01  9.83e+01  1.09e-02
1 :        2690 :     50     40 :   0  8      96   0  8      84 :    74220    76059    60075    61735      5 : 9.94e+01  9.86e+01  1.23e-02
1 :        2170 :     40     50 :   0  8      84   0  8      96 :    60075    61735    74220    76059      5 : 9.94e+01  9.87e+01  1.05e-02
1 :        2743 :     51     40 :   0  8      97   0  8      84 :    76060    77572    60075    61735      4 : 9.95e+01  9.90e+01  1.05e-02
1 :        2171 :     40     51 :   0  8      84   0  8      97 :    60075    61735    76060    77572      4 : 9.95e+01  9.90e+01  9.17e-03
1 :        2796 :     52     40 :   0  8      98   0  8      84 :    77573    77654    60075    61735      5 : 9.36e+01  9.23e+01  7.62e-03
1 :        2172 :     40     52 :   0  8      84   0  8      98 :    60075    61735    77573    77654      6 : 9.23e+01  9.23e+01  5.34e-03
0 :        2214 :     41     41 :   0  8      85   0  8      85 :    61736    62505    61736    62505      0 : 0.00e+00  0.00e+00  1.84e-01
0 :        2267 :     42     41 :   0  8      86   0  8      85 :    62506    64201    61736    62505      0 : 0.00e+00  0.00e+00  2.88e-01
0 :        2215 :     41     42 :   0  8      85   0  8      86 :    61736    62505    62506    64201      0 : 0.00e+00  0.00e+00  2.72e-01
0 :        2320 :     43     41 :   0  8      87   0  8      85 :    64202    65898    61736    62505      0 : 0.00e+00  0.00e+00  2.97e-01
0 :        2216 :     41     43 :   0  8      85   0  8      87 :    61736    62505    64202    65898      0 : 0.00e+00  0.00e+00  2.85e-01
0 :        2373 :     44     41 :   0  8      88   0  8      85 :    65899    66838    61736    62505      0 : 0.00e+00  0.00e+00  1.45e-01
0 :        2217 :     41     44 :   0  8      85   0  8      88 :    61736    62505    65899    66838      0 : 0.00e+00  0.00e+00  1.37e-01
1 :        2426 :     45     41 :   0  8      89   0  8      85 :    66839    68824    61736    62505     10 : 9.82e+01  9.86e+01  5.21e-02
1 :        2218 :     41     45 :   0  8      85   0  8      89 :    61736    62505    66839    68824      9 : 9.84e+01  9.84e+01  4.91e-02
1 :        2479 :     46     41 :   0  8      90   0  8      85 :    68825    70511    61736    62505     10 : 9.81e+01  9.83e+01  4.02e-02
1 :        2219 :     41     46 :   0  8      85   0  8      90 :    61736    62505    68825    70511     11 : 9.79e+01  9.79e+01  3.84e-02
1 :        2532 :     47     41 :   0  8      93   0  8      85 :    70512    72369    61736    62505      8 : 9.85e+01  9.80e+01  4.09e-02
1 :        2220 :     41     47 :   0  8      85   0  8      93 :    61736    62505    70512    72369      8 : 9.85e+01  9.82e+01  3.98e-02
1 :        2585 :     48     41 :   0  8      94   0  8      85 :    72370    73108    61736    62505      5 : 9.87e+01  9.73e+01  6.17e-03
1 :        2221 :     41     48 :   0  8      85   0  8      94 :    61736    62505    72370    73108      5 : 9.87e+01  9.73e+01  5.18e-03
1 :        2638 :     49     41 :   0  8      95   0  8      85 :    73109    74219    61736    62505      4 : 9.91e+01  9.82e+01  8.06e-03
1 :        2222 :     41     49 :   0  8      85   0  8      95 :    61736    62505    73109    74219      4 : 9.91e+01  9.82e+01  7.80e-03
1 :        2691 :     50     41 :   0  8      96   0  8      85 :    74220    76059    61736    62505      4 : 9.93e+01  9.83e+01  7.79e-03
1 :        2223 :     41     50 :   0  8      85   0  8      96 :    61736    62505    74220    76059      4 : 9.93e+01  9.85e+01  7.77e-03
1 :        2744 :     51     41 :   0  8      97   0  8      85 :    76060    77572    61736    62505      3 : 9.94e+01  9.88e+01  7.57e-03
1 :        2224 :     41     51 :   0  8      85   0  8      97 :    61736    62505    76060    77572      3 : 9.94e+01  9.88e+01  7.62e-03
1 :        2797 :     52     41 :   0  8      98   0  8      85 :    77573    77654    61736    62505      4 : 9.46e+01  9.33e+01  4.71e-03
1 :        2225 :     41     52 :   0  8      85   0  8      98 :    61736    62505    77573    77654      4 : 9.46e+01  9.33e+01  3.63e-03
0 :        2268 :     42     42 :   0  8      86   0  8      86 :    62506    64201    62506    64201      0 : 0.00e+00  0.00e+00  9.79e-01
0 :        2321 :     43     42 :   0  8      87   0  8      86 :    64202    65898    62506    64201      0 : 0.00e+00  0.00e+00  6.19e-01
0 :        2269 :     42     43 :   0  8      86   0  8      87 :    62506    64201    64202    65898      0 : 0.00e+00  0.00e+00  5.88e-01
0 :        2374 :     44     42 :   0  8      88   0  8      86 :    65899    66838    62506    64201      0 : 0.00e+00  0.00e+00  3.41e-01
0 :        2270 :     42     44 :   0  8      86   0  8      88 :    62506    64201    65899    66838      0 : 0.00e+00  0.00e+00  3.10e-01
1 :        2427 :     45     42 :   0  8      89   0  8      86 :    66839    68824    62506    64201      7 : 9.92e+01  9.88e+01  1.93e-02
1 :        2271 :     42     45 :   0  8      86   0  8      89 :    62506    64201    66839    68824      7 : 9.92e+01  9.88e+01  1.88e-02
1 :        2480 :     46     42 :   0  8      90   0  8      86 :    68825    70511    62506    64201      6 : 9.93e+01  9.86e+01  1.43e-02
1 :        2272 :     42     46 :   0  8      86   0  8      90 :    62506    64201    68825    70511      6 : 9.93e+01  9.86e+01  1.33e-02
1 :        2533 :     47     42 :   0  8      93   0  8      86 :    70512    72369    62506    64201      6 : 9.93e+01  9.85e+01  1.45e-02
1 :        2273 :     42     47 :   0  8      86   0  8      93 :    62506    64201    70512    72369      6 : 9.93e+01  9.84e+01  1.36e-02
1 :        2586 :     48     42 :   0  8      94   0  8      86 :    72370    73108    62506    64201      6 : 9.88e+01  9.77e+01  9.49e-03
1 :        2274 :     42     48 :   0  8      86   0  8      94 :    62506    64201    72370    73108      6 : 9.88e+01  9.81e+01  7.39e-03
1 :        2639 :     49     42 :   0  8      95   0  8      86 :    73109    74219    62506    64201      5 : 9.93e+01  9.87e+01  1.02e-02
1 :        2275 :     42     49 :   0  8      86   0  8      95 :    62506    64201    73109    74219      5 : 9.93e+01  9.85e+01  8.95e-03
1 :        2692 :     50     42 :   0  8      96   0  8      86 :    74220    76059    62506    64201      4 : 9.95e+01  9.86e+01  1.14e-02
1 :        2276 :     42     50 :   0  8      86   0  8      96 :    62506    64201    74220    76059      4 : 9.95e+01  9.86e+01  1.02e-02
1 :        2745 :     51     42 :   0  8      97   0  8      86 :    76060    77572    62506    64201      3 : 9.96e+01  9.90e+01  9.59e-03
1 :        2277 :     42     51 :   0  8      86   0  8      97 :    62506    64201    76060    77572      3 : 9.96e+01  9.90e+01  8.58e-03
1 :        2798 :     52     42 :   0  8      98   0  8      86 :    77573    77654    62506    64201      5 : 9.36e+01  9.36e+01  6.56e-03
1 :        2278 :     42     52 :   0  8      86   0  8      98 :    62506    64201    77573    77654      4 : 9.49e+01  9.36e+01  4.32e-03
0 :        2322 :     43     43 :   0  8      87   0  8      87 :    64202    65898    64202    65898      0 : 0.00e+00  0.00e+00  1.10e+00
0 :        2375 :     44     43 :   0  8      88   0  8      87 :    65899    66838    64202    65898      0 : 0.00e+00  0.00e+00  3.79e-01
0 :        2323 :     43     44 :   0  8      87   0  8      88 :    64202    65898    65899    66838      0 : 0.00e+00  0.00e+00  3.72e-01
1 :        2428 :     45     43 :   0  8      89   0  8      87 :    66839    68824    64202    65898     13 : 9.86e+01  9.84e+01  1.02e-01
1 :        2324 :     43     45 :   0  8      87   0  8      89 :    64202    65898    66839    68824     12 : 9.87e+01  9.85e+01  9.24e-02
0 :        2481 :     46     43 :   0  8      90   0  8      87 :    68825    70511    64202    65898      0 : 0.00e+00  0.00e+00  6.55e-01
0 :        2325 :     43     46 :   0  8      87   0  8      90 :    64202    65898    68825    70511      0 : 0.00e+00  0.00e+00  6.27e-01
0 :        2534 :     47     43 :   0  8      93   0  8      87 :    70512    72369    64202    65898      0 : 0.00e+00  0.00e+00  7.12e-01
0 :        2326 :     43     47 :   0  8      87   0  8      93 :    64202    65898    70512    72369      0 : 0.00e+00  0.00e+00  6.59e-01
0 :        2587 :     48     43 :   0  8      94   0  8      87 :    72370    73108    64202    65898      0 : 0.00e+00  0.00e+00  2.96e-01
0 :        2327 :     43     48 :   0  8      87   0  8      94 :    64202    65898    72370    73108      0 : 0.00e+00  0.00e+00  2.45e-01
1 :        2640 :     49     43 :   0  8      95   0  8      87 :    73109    74219    64202    65898      7 : 9.90e+01  9.84e+01  1.54e-02
1 :        2328 :     43     49 :   0  8      87   0  8      95 :    64202    65898    73109    74219      7 : 9.90e+01  9.84e+01  1.38e-02
1 :        2693 :     50     43 :   0  8      96   0  8      87 :    74220    76059    64202    65898      6 : 9.93e+01  9.84e+01  1.58e-02
1 :        2329 :     43     50 :   0  8      87   0  8      96 :    64202    65898    74220    76059      6 : 9.93e+01  9.85e+01  1.42e-02
1 :        2746 :     51     43 :   0  8      97   0  8      87 :    76060    77572    64202    65898      3 : 9.96e+01  9.90e+01  1.24e-02
1 :        2330 :     43     51 :   0  8      87   0  8      97 :    64202    65898    76060    77572      3 : 9.96e+01  9.90e+01  1.10e-02
1 :        2799 :     52     43 :   0  8      98   0  8      87 :    77573    77654    64202    65898      5 : 9.36e+01  9.36e+01  9.70e-03
1 :        2331 :     43     52 :   0  8      87   0  8      98 :    64202    65898    77573    77654      4 : 9.49e+01  9.23e+01  7.35e-03
0 :        2376 :     44     44 :   0  8      88   0  8      88 :    65899    66838    65899    66838      0 : 0.00e+00  0.00e+00  2.68e-01
1 :        2429 :     45     44 :   0  8      89   0  8      88 :    66839    68824    65899    66838      5 : 9.92e+01  9.86e+01  1.70e-02
1 :        2377 :     44     45 :   0  8      88   0  8      89 :    65899    66838    66839    68824      5 : 9.92e+01  9.84e+01  1.83e-02
1 :        2482 :     46     44 :   0  8      90   0  8      88 :    68825    70511    65899    66838      8 : 9.87e+01  9.80e+01  5.18e-02
1 :        2378 :     44     46 :   0  8      88   0  8      90 :    65899    66838    68825    70511     10 : 9.83e+01  9.80e+01  4.74e-02
0 :        2535 :     47     44 :   0  8      93   0  8      88 :    70512    72369    65899    66838      0 : 0.00e+00  0.00e+00  3.91e-01
0 :        2379 :     44     47 :   0  8      88   0  8      93 :    65899    66838    70512    72369      0 : 0.00e+00  0.00e+00  4.02e-01
0 :        2588 :     48     44 :   0  8      94   0  8      88 :    72370    73108    65899    66838      0 : 0.00e+00  0.00e+00  1.63e-01
0 :        2380 :     44     48 :   0  8      88   0  8      94 :    65899    66838    72370    73108      0 : 0.00e+00  0.00e+00  1.52e-01
1 :        2641 :     49     44 :   0  8      95   0  8      88 :    73109    74219    65899    66838      5 : 9.90e+01  9.80e+01  9.06e-03
1 :        2381 :     44     49 :   0  8      88   0  8      95 :    65899    66838    73109    74219      5 : 9.90e+01  9.78e+01  8.87e-03
1 :        2694 :     50     44 :   0  8      96   0  8      88 :    74220    76059    65899    66838      6 : 9.90e+01  9.81e+01  1.02e-02
1 :        2382 :     44     50 :   0  8      88   0  8      96 :    65899    66838    74220    76059      6 : 9.90e+01  9.82e+01  1.02e-02
1 :        2747 :     51     44 :   0  8      97   0  8      88 :    76060    77572    65899    66838      3 : 9.95e+01  9.88e+01  7.58e-03
1 :        2383 :     44     51 :   0  8      88   0  8      97 :    65899    66838    76060    77572      3 : 9.95e+01  9.88e+01  7.71e-03
1 :        2800 :     52     44 :   0  8      98   0  8      88 :    77573    77654    65899    66838      5 : 9.34e+01  9.34e+01  4.45e-03
1 :        2384 :     44     52 :   0  8      88   0  8      98 :    65899    66838    77573    77654      4 : 9.47e+01  9.34e+01  3.35e-03
0 :        2430 :     45     45 :   0  8      89   0  8      89 :    66839    68824    66839    68824      0 : 0.00e+00  0.00e+00  1.81e+00
0 :        2483 :     46     45 :   0  8      90   0  8      89 :    68825    70511    66839    68824      0 : 0.00e+00  0.00e+00  9.64e-01
0 :        2431 :     45     46 :   0  8      89   0  8      90 :    66839    68824    68825    70511      0 : 0.00e+00  0.00e+00  8.54e-01
1 :        2536 :     47     45 :   0  8      93   0  8      89 :    70512    72369    66839    68824     13 : 9.86e+01  9.83e+01  1.79e-01
1 :        2432 :     45     47 :   0  8      89   0  8      93 :    66839    68824    70512    72369     14 : 9.85e+01  9.84e+01  1.71e-01
1 :        2589 :     48     45 :   0  8      94   0  8      89 :    72370    73108    66839    68824      5 : 9.91e+01  9.85e+01  1.90e-02
1 :        2433 :     45     48 :   0  8      89   0  8      94 :    66839    68824    72370    73108      5 : 9.91e+01  9.83e+01  1.53e-02
1 :        2642 :     49     45 :   0  8      95   0  8      89 :    73109    74219    66839    68824     13 : 9.82e+01  9.83e+01  7.29e-02
1 :        2434 :     45     49 :   0  8      89   0  8      95 :    66839    68824    73109    74219     14 : 9.80e+01  9.85e+01  9.36e-02
1 :        2695 :     50     45 :   0  8      96   0  8      89 :    74220    76059    66839    68824      6 : 9.94e+01  9.87e+01  2.18e-02
1 :        2435 :     45     50 :   0  8      89   0  8      96 :    66839    68824    74220    76059      6 : 9.94e+01  9.88e+01  1.89e-02
1 :        2748 :     51     45 :   0  8      97   0  8      89 :    76060    77572    66839    68824      6 : 9.93e+01  9.88e+01  2.09e-02
1 :        2436 :     45     51 :   0  8      89   0  8      97 :    66839    68824    76060    77572      6 : 9.93e+01  9.90e+01  1.80e-02
1 :        2801 :     52     45 :   0  8      98   0  8      89 :    77573    77654    66839    68824     12 : 8.48e+01  8.98e+01  2.26e-02
1 :        2437 :     45     52 :   0  8      89   0  8      98 :    66839    68824    77573    77654     13 : 8.35e+01  9.11e+01  1.94e-02
0 :        2484 :     46     46 :   0  8      90   0  8      90 :    68825    70511    68825    70511      0 : 0.00e+00  0.00e+00  1.20e+00
0 :        2537 :     47     46 :   0  8      93   0  8      90 :    70512    72369    68825    70511      0 : 0.00e+00  0.00e+00  8.87e-01
0 :        2485 :     46     47 :   0  8      90   0  8      93 :    68825    70511    70512    72369      0 : 0.00e+00  0.00e+00  8.12e-01
1 :        2590 :     48     46 :   0  8      94   0  8      90 :    72370    73108    68825    70511      9 : 9.82e+01  9.79e+01  6.56e-02
1 :        2486 :     46     48 :   0  8      90   0  8      94 :    68825    70511    72370    73108      9 : 9.82e+01  9.79e+01  3.98e-02
0 :        2643 :     49     46 :   0  8      95   0  8      90 :    73109    74219    68825    70511      0 : 0.00e+00  0.00e+00  4.64e-01
0 :        2487 :     46     49 :   0  8      90   0  8      95 :    68825    70511    73109    74219      0 : 0.00e+00  0.00e+00  4.24e-01
1 :        2696 :     50     46 :   0  8      96   0  8      90 :    74220    76059    68825    70511      7 : 9.92e+01  9.84e+01  2.03e-02
1 :        2488 :     46     50 :   0  8      90   0  8      96 :    68825    70511    74220    76059      7 : 9.92e+01  9.85e+01  1.90e-02
1 :        2749 :     51     46 :   0  8      97   0  8      90 :    76060    77572    68825    70511      6 : 9.92e+01  9.90e+01  1.64e-02
1 :        2489 :     46     51 :   0  8      90   0  8      97 :    68825    70511    76060    77572      6 : 9.92e+01  9.89e+01  1.47e-02
1 :        2802 :     52     46 :   0  8      98   0  8      90 :    77573    77654    68825    70511      8 : 8.98e+01  9.23e+01  1.37e-02
1 :        2490 :     46     52 :   0  8      90   0  8      98 :    68825    70511    77573    77654      7 : 9.10e+01  9.10e+01  1.14e-02
0 :        2538 :     47     47 :   0  8      93   0  8      93 :    70512    72369    70512    72369      0 : 0.00e+00  0.00e+00  1.48e+00
0 :        2591 :     48     47 :   0  8      94   0  8      93 :    72370    73108    70512    72369      0 : 0.00e+00  0.00e+00  3.61e-01
0 :        2539 :     47     48 :   0  8      93   0  8      94 :    70512    72369    72370    73108      0 : 0.00e+00  0.00e+00  3.50e-01
0 :        2644 :     49     47 :   0  8      95   0  8      93 :    73109    74219    70512    72369      0 : 0.00e+00  0.00e+00  5.54e-01
0 :        2540 :     47     49 :   0  8      93   0  8      95 :    70512    72369    73109    74219      0 : 0.00e+00  0.00e+00  5.05e-01
0 :        2697 :     50     47 :   0  8      96   0  8      93 :    74220    76059    70512    72369      0 : 0.00e+00  0.00e+00  8.09e-01
0 :        2541 :     47     50 :   0  8      93   0  8      96 :    70512    72369    74220    76059      0 : 0.00e+00  0.00e+00  7.18e-01
1 :        2750 :     51     47 :   0  8      97   0  8      93 :    76060    77572    70512    72369      5 : 9.94e+01  9.90e+01  1.59e-02
1 :        2542 :     47     51 :   0  8      93   0  8      97 :    70512    72369    76060    77572      5 : 9.94e+01  9.89e+01  1.39e-02
1 :        2803 :     52     47 :   0  8      98   0  8      93 :    77573    77654    70512    72369      7 : 9.11e+01  9.36e+01  1.31e-02
1 :        2543 :     47     52 :   0  8      93   0  8      98 :    70512    72369    77573    77654      6 : 9.24e+01  9.36e+01  1.00e-02
0 :        2592 :     48     48 :   0  8      94   0  8      94 :    72370    73108    72370    73108      0 : 0.00e+00  0.00e+00  1.72e-01
0 :        2645 :     49     48 :   0  8      95   0  8      94 :    73109    74219    72370    73108      0 : 0.00e+00  0.00e+00  2.34e-01
0 :        2593 :     48     49 :   0  8      94   0  8      95 :    72370    73108    73109    74219      0 : 0.00e+00  0.00e+00  1.98e-01
0 :        2698 :     50     48 :   0  8      96   0  8      94 :    74220    76059    72370    73108      0 : 0.00e+00  0.00e+00  3.29e-01
0 :        2594 :     48     50 :   0  8      94   0  8      96 :    72370    73108    74220    76059      0 : 0.00e+00  0.00e+00  3.21e-01
1 :        2751 :     51     48 :   0  8      97   0  8      94 :    76060    77572    72370    73108      3 : 9.94e+01  9.88e+01  7.59e-03
1 :        2595 :     48     51 :   0  8      94   0  8      97 :    72370    73108    76060    77572      3 : 9.94e+01  9.86e+01  7.93e-03
1 :        2804 :     52     48 :   0  8      98   0  8      94 :    77573    77654    72370    73108      4 : 9.46e+01  9.32e+01  4.17e-03
1 :        2596 :     48     52 :   0  8      94   0  8      98 :    72370    73108    77573    77654      3 : 9.59e+01  9.19e+01  3.23e-03
0 :        2646 :     49     49 :   0  8      95   0  8      95 :    73109    74219    73109    74219      0 : 0.00e+00  0.00e+00  4.93e-01
0 :        2699 :     50     49 :   0  8      96   0  8      95 :    74220    76059    73109    74219      0 : 0.00e+00  0.00e+00  5.84e-01
0 :        2647 :     49     50 :   0  8      95   0  8      96 :    73109    74219    74220    76059      0 : 0.00e+00  0.00e+00  5.38e-01
1 :        2752 :     51     49 :   0  8      97   0  8      95 :    76060    77572    73109    74219      6 : 9.91e+01  9.89e+01  1.33e-02
1 :        2648 :     49     51 :   0  8      95   0  8      97 :    73109    74219    76060    77572      6 : 9.91e+01  9.89e+01  1.23e-02
1 :        2805 :     52     49 :   0  8      98   0  8      95 :    77573    77654    73109    74219      6 : 9.21e+01  9.35e+01  9.47e-03
1 :        2649 :     49     52 :   0  8      95   0  8      98 :    73109    74219    77573    77654      6 : 9.21e+01  9.35e+01  8.30e-03
0 :        2700 :     50     50 :   0  8      96   0  8      96 :    74220    76059    74220    76059      0 : 0.00e+00  0.00e+00  1.40e+00
1 :        2753 :     51     50 :   0  8      97   0  8      96 :    76060    77572    74220    76059      5 : 9.94e+01  9.90e+01  1.47e-02
1 :        2701 :     50     51 :   0  8      96   0  8      97 :    74220    76059    76060    77572      5 : 9.94e+01  9.89e+01  1.25e-02
1 :        2806 :     52     50 :   0  8      98   0  8      96 :    77573    77654    74220    76059      6 : 9.24e+01  9.36e+01  1.07e-02
1 :        2702 :     50     52 :   0  8      96   0  8      98 :    74220    76059    77573    77654      5 : 9.36e+01  9.36e+01  7.51e-03
0 :        2754 :     51     51 :   0  8      97   0  8      97 :    76060    77572    76060    77572      0 : 0.00e+00  0.00e+00  8.76e-01
0 :        2807 :     52     51 :   0  8      98   0  8      97 :    77573    77654    76060    77572      0 : 0.00e+00  0.00e+00  4.19e-02
0 :        2755 :     51     52 :   0  8      97   0  8      98 :    76060    77572    77573    77654      0 : 0.00e+00  0.00e+00  3.44e-02
0 :        2808 :     52     52 :   0  8      98   0  8      98 :    77573    77654    77573    77654      0 : 0.00e+00  0.00e+00  3.19e-03


--- LU Fill Compression Statistics ---

Total Size :  77655   77655
Total Memory Without ACA : 6030299025
Total Memory With ACA : 1058653096
Compression : 8.24e+01
Compression Time : 1.59e+02
