0 :           0 :      0      0 :   0  5       1   0  5       1 :        0     1752        0     1752      0 :   0.0  2.0e-03  4.55e-01
0 :           1 :      0      1 :   0  5       1   0  5       2 :        0     1752     1753     2514      0 :   0.0  4.7e-06  1.92e-01
0 :           2 :      0      2 :   0  5       1   0  5       3 :        0     1752     2515     4234      0 :   0.0  8.2e-07  4.33e-01
0 :           3 :      0      3 :   0  5       1   0  5       4 :        0     1752     4235     4987      0 :   0.0  6.5e-06  1.92e-01
1 :           4 :      0      4 :   0  5       1   0  6       9 :        0     1752     4988     6868     14 :  98.5  9.9e-04  1.55e-02
1 :           5 :      0      5 :   0  5       1   0  6      11 :        0     1752     6869     8218     10 :  98.7  2.0e-03  1.28e-02
1 :           6 :      0      6 :   0  5       1   0  6      12 :        0     1752     8219    10055     11 :  98.8  2.0e-03  1.33e-02
1 :           7 :      0      7 :   0  5       1   0  6      14 :        0     1752    10056    11954     11 :  98.8  1.3e-03  1.49e-02
1 :           8 :      0      8 :   0  5       1   0  6      15 :        0     1752    11955    13812     12 :  98.7  2.0e-03  1.46e-02
1 :           9 :      0      9 :   0  5       1   0  6      16 :        0     1752    13813    15162     11 :  98.6  2.2e-03  1.28e-02
1 :          10 :      0     10 :   0  5       1   0  6      26 :        0     1752    15163    17042      9 :  99.0  5.0e-03  1.22e-02
1 :          11 :      0     11 :   0  5       1   0  6      27 :        0     1752    17043    18216      7 :  99.0  6.0e-03  1.04e-02
1 :          12 :      0     12 :   0  5       1   0  6      28 :        0     1752    18217    20483      9 :  99.1  6.0e-03  1.43e-02
1 :          13 :      0     13 :   0  5       1   0  6      29 :        0     1752    20484    22354      9 :  99.0  5.0e-03  1.47e-02
1 :          14 :      0     14 :   0  5       1   0  6      31 :        0     1752    22355    24605      9 :  99.1  6.0e-03  1.32e-02
1 :          15 :      0     15 :   0  5       1   0  6      32 :        0     1752    24606    25765      7 :  99.0  6.0e-03  1.09e-02
1 :          16 :      0     16 :   0  5       1   0  7      19 :        0     1752    25766    27455     14 :  98.4  1.0e-03  1.45e-02
1 :          17 :      0     17 :   0  5       1   0  7      20 :        0     1752    27456    28389     11 :  98.2  1.5e-03  1.14e-02
1 :          18 :      0     18 :   0  5       1   0  7      25 :        0     1752    28390    30099     14 :  98.4  1.0e-03  1.48e-02
1 :          19 :      0     19 :   0  5       1   0  7      26 :        0     1752    30100    31020      9 :  98.5  1.5e-03  1.06e-02
1 :          20 :      0     20 :   0  5       1   0  7      35 :        0     1752    31021    32680      9 :  98.9  3.0e-03  1.11e-02
1 :          21 :      0     21 :   0  5       1   0  7      40 :        0     1752    32681    34410      9 :  99.0  4.5e-03  1.15e-02
1 :          22 :      0     22 :   0  5       1   0  7      41 :        0     1752    34411    36062     10 :  98.8  3.0e-03  1.37e-02
1 :          23 :      0     23 :   0  5       1   0  7      46 :        0     1752    36063    37795      9 :  99.0  4.5e-03  1.14e-02
1 :          24 :      0     24 :   0  5       1   0  7      50 :        0     1752    37796    38258      6 :  98.4  5.5e-03  7.68e-03
1 :          25 :      0     25 :   0  5       1   0  7      59 :        0     1752    38259    39857      8 :  99.0  5.1e-03  1.02e-02
1 :          26 :      0     26 :   0  5       1   0  7      60 :        0     1752    39858    40314      6 :  98.3  5.5e-03  7.46e-03
1 :          27 :      0     27 :   0  5       1   0  8      65 :        0     1752    40315    42013     10 :  98.8  3.0e-03  1.18e-02
1 :          28 :      0     28 :   0  5       1   0  8      66 :        0     1752    42014    42768      6 :  98.9  3.0e-03  8.66e-03
1 :          29 :      0     29 :   0  5       1   0  8      67 :        0     1752    42769    43712      7 :  98.9  3.5e-03  7.64e-03
1 :          30 :      0     30 :   0  5       1   0  8      68 :        0     1752    43713    45403      9 :  99.0  3.5e-03  1.22e-02
1 :          31 :      0     31 :   0  5       1   0  8      71 :        0     1752    45404    47057      9 :  98.9  3.5e-03  1.19e-02
1 :          32 :      0     32 :   0  5       1   0  8      72 :        0     1752    47058    49013     11 :  98.8  3.5e-03  1.46e-02
1 :          33 :      0     33 :   0  5       1   0  8      73 :        0     1752    49014    49752      6 :  98.8  4.0e-03  8.13e-03
1 :          34 :      0     34 :   0  5       1   0  8      74 :        0     1752    49753    51606      9 :  99.0  4.0e-03  1.10e-02
1 :          35 :      0     35 :   0  5       1   0  8      75 :        0     1752    51607    53340      9 :  99.0  4.5e-03  1.29e-02
1 :          36 :      0     36 :   0  5       1   0  8      76 :        0     1752    53341    54448      7 :  99.0  4.5e-03  7.76e-03
1 :          37 :      0     37 :   0  5       1   0  8      77 :        0     1752    54449    56151      9 :  99.0  4.0e-03  1.13e-02
1 :          38 :      0     38 :   0  5       1   0  8      78 :        0     1752    56152    58105      9 :  99.0  4.0e-03  1.29e-02
1 :          39 :      0     39 :   0  5       1   0  8      83 :        0     1752    58106    60074      9 :  99.0  3.5e-03  1.32e-02
1 :          40 :      0     40 :   0  5       1   0  8      84 :        0     1752    60075    61735     10 :  98.8  3.5e-03  1.33e-02
1 :          41 :      0     41 :   0  5       1   0  8      85 :        0     1752    61736    62505      6 :  98.9  3.1e-03  7.01e-03
1 :          42 :      0     42 :   0  5       1   0  8      86 :        0     1752    62506    64201      9 :  99.0  3.3e-03  1.08e-02
1 :          43 :      0     43 :   0  5       1   0  8      87 :        0     1752    64202    65898     10 :  98.8  3.6e-03  1.37e-02
1 :          44 :      0     44 :   0  5       1   0  8      88 :        0     1752    65899    66838      7 :  98.9  3.7e-03  8.90e-03
1 :          45 :      0     45 :   0  5       1   0  8      89 :        0     1752    66839    68824      9 :  99.0  4.0e-03  1.23e-02
1 :          46 :      0     46 :   0  5       1   0  8      90 :        0     1752    68825    70511      9 :  99.0  4.0e-03  1.34e-02
1 :          47 :      0     47 :   0  5       1   0  8      93 :        0     1752    70512    72369      9 :  99.0  4.1e-03  1.17e-02
1 :          48 :      0     48 :   0  5       1   0  8      94 :        0     1752    72370    73108      6 :  98.8  4.2e-03  8.32e-03
1 :          49 :      0     49 :   0  5       1   0  8      95 :        0     1752    73109    74219      7 :  99.0  4.6e-03  7.82e-03
1 :          50 :      0     50 :   0  5       1   0  8      96 :        0     1752    74220    76059      9 :  99.0  4.7e-03  1.23e-02
1 :          51 :      0     51 :   0  5       1   0  8      97 :        0     1752    76060    77572      8 :  99.0  5.0e-03  1.11e-02
1 :          52 :      0     52 :   0  5       1   0  8      98 :        0     1752    77573    77654      5 :  93.6  5.0e-03  3.96e-03
0 :          53 :      1      0 :   0  5       2   0  5       1 :     1753     2514        0     1752      0 :   0.0  4.7e-06  1.91e-01
0 :          54 :      1      1 :   0  5       2   0  5       2 :     1753     2514     1753     2514      0 :   0.0  2.0e-03  8.40e-02
0 :          55 :      1      2 :   0  5       2   0  5       3 :     1753     2514     2515     4234      0 :   0.0  1.7e-05  1.87e-01
0 :          56 :      1      3 :   0  5       2   0  5       4 :     1753     2514     4235     4987      0 :   0.0  2.2e-05  8.37e-02
0 :          57 :      1      4 :   0  5       2   0  6       9 :     1753     2514     4988     6868      0 :   0.0  6.2e-07  2.17e-01
1 :          58 :      1      5 :   0  5       2   0  6      11 :     1753     2514     6869     8218     10 :  97.9  1.0e-03  8.27e-03
1 :          59 :      1      6 :   0  5       2   0  6      12 :     1753     2514     8219    10055     10 :  98.1  9.9e-04  9.19e-03
1 :          60 :      1      7 :   0  5       2   0  6      14 :     1753     2514    10056    11954      9 :  98.3  8.9e-04  9.34e-03
1 :          61 :      1      8 :   0  5       2   0  6      15 :     1753     2514    11955    13812      9 :  98.3  9.9e-04  1.02e-02
1 :          62 :      1      9 :   0  5       2   0  6      16 :     1753     2514    13813    15162      9 :  98.2  1.3e-03  6.78e-03
1 :          63 :      1     10 :   0  5       2   0  6      26 :     1753     2514    15163    17042      7 :  98.7  4.0e-03  8.60e-03
1 :          64 :      1     11 :   0  5       2   0  6      27 :     1753     2514    17043    18216      7 :  98.5  5.0e-03  6.17e-03
1 :          65 :      1     12 :   0  5       2   0  6      28 :     1753     2514    18217    20483      6 :  98.9  5.0e-03  8.24e-03
1 :          66 :      1     13 :   0  5       2   0  6      29 :     1753     2514    20484    22354      7 :  98.7  4.0e-03  9.61e-03
1 :          67 :      1     14 :   0  5       2   0  6      31 :     1753     2514    22355    24605      6 :  98.9  5.0e-03  8.35e-03
1 :          68 :      1     15 :   0  5       2   0  6      32 :     1753     2514    24606    25765      6 :  98.7  5.0e-03  6.62e-03
0 :          69 :      1     16 :   0  5       2   0  7      19 :     1753     2514    25766    27455      0 :   0.0  2.5e-06  1.84e-01
1 :          70 :      1     17 :   0  5       2   0  7      20 :     1753     2514    27456    28389     14 :  96.7  5.0e-04  9.13e-03
0 :          71 :      1     18 :   0  5       2   0  7      25 :     1753     2514    28390    30099      0 :   0.0  2.0e-05  1.91e-01
1 :          72 :      1     19 :   0  5       2   0  7      26 :     1753     2514    30100    31020     10 :  97.6  5.0e-04  6.91e-03
1 :          73 :      1     20 :   0  5       2   0  7      35 :     1753     2514    31021    32680      8 :  98.5  2.0e-03  7.63e-03
1 :          74 :      1     21 :   0  5       2   0  7      40 :     1753     2514    32681    34410      7 :  98.7  3.5e-03  7.66e-03
1 :          75 :      1     22 :   0  5       2   0  7      41 :     1753     2514    34411    36062      8 :  98.5  2.0e-03  9.34e-03
1 :          76 :      1     23 :   0  5       2   0  7      46 :     1753     2514    36063    37795      6 :  98.9  3.5e-03  7.05e-03
1 :          77 :      1     24 :   0  5       2   0  7      50 :     1753     2514    37796    38258      6 :  97.9  4.5e-03  4.03e-03
1 :          78 :      1     25 :   0  5       2   0  7      59 :     1753     2514    38259    39857      6 :  98.8  4.1e-03  6.69e-03
1 :          79 :      1     26 :   0  5       2   0  7      60 :     1753     2514    39858    40314      6 :  97.9  4.6e-03  3.73e-03
1 :          80 :      1     27 :   0  5       2   0  8      65 :     1753     2514    40315    42013      8 :  98.5  2.0e-03  7.64e-03
1 :          81 :      1     28 :   0  5       2   0  8      66 :     1753     2514    42014    42768      8 :  97.9  2.0e-03  5.08e-03
1 :          82 :      1     29 :   0  5       2   0  8      67 :     1753     2514    42769    43712      7 :  98.3  2.5e-03  4.76e-03
1 :          83 :      1     30 :   0  5       2   0  8      68 :     1753     2514    43713    45403      8 :  98.5  2.5e-03  8.09e-03
1 :          84 :      1     31 :   0  5       2   0  8      71 :     1753     2514    45404    47057      8 :  98.5  2.5e-03  8.07e-03
1 :          85 :      1     32 :   0  5       2   0  8      72 :     1753     2514    47058    49013      7 :  98.7  2.5e-03  8.88e-03
1 :          86 :      1     33 :   0  5       2   0  8      73 :     1753     2514    49014    49752      7 :  98.1  3.0e-03  4.76e-03
1 :          87 :      1     34 :   0  5       2   0  8      74 :     1753     2514    49753    51606      7 :  98.7  3.0e-03  7.46e-03
1 :          88 :      1     35 :   0  5       2   0  8      75 :     1753     2514    51607    53340      7 :  98.7  3.5e-03  7.90e-03
1 :          89 :      1     36 :   0  5       2   0  8      76 :     1753     2514    53341    54448      6 :  98.7  3.5e-03  5.65e-03
1 :          90 :      1     37 :   0  5       2   0  8      77 :     1753     2514    54449    56151      7 :  98.7  3.0e-03  7.10e-03
1 :          91 :      1     38 :   0  5       2   0  8      78 :     1753     2514    56152    58105      7 :  98.7  3.0e-03  8.63e-03
1 :          92 :      1     39 :   0  5       2   0  8      83 :     1753     2514    58106    60074      7 :  98.7  2.5e-03  8.59e-03
1 :          93 :      1     40 :   0  5       2   0  8      84 :     1753     2514    60075    61735      7 :  98.7  2.5e-03  7.89e-03
1 :          94 :      1     41 :   0  5       2   0  8      85 :     1753     2514    61736    62505      7 :  98.2  2.2e-03  3.87e-03
1 :          95 :      1     42 :   0  5       2   0  8      86 :     1753     2514    62506    64201      7 :  98.7  2.4e-03  6.93e-03
1 :          96 :      1     43 :   0  5       2   0  8      87 :     1753     2514    64202    65898      7 :  98.7  2.6e-03  8.11e-03
1 :          97 :      1     44 :   0  5       2   0  8      88 :     1753     2514    65899    66838      7 :  98.3  2.8e-03  5.04e-03
1 :          98 :      1     45 :   0  5       2   0  8      89 :     1753     2514    66839    68824      7 :  98.7  3.0e-03  8.58e-03
1 :          99 :      1     46 :   0  5       2   0  8      90 :     1753     2514    68825    70511      7 :  98.7  3.0e-03  8.88e-03
1 :         100 :      1     47 :   0  5       2   0  8      93 :     1753     2514    70512    72369      7 :  98.7  3.1e-03  7.83e-03
1 :         101 :      1     48 :   0  5       2   0  8      94 :     1753     2514    72370    73108      6 :  98.4  3.3e-03  4.46e-03
1 :         102 :      1     49 :   0  5       2   0  8      95 :     1753     2514    73109    74219      6 :  98.7  3.6e-03  4.95e-03
1 :         103 :      1     50 :   0  5       2   0  8      96 :     1753     2514    74220    76059      6 :  98.9  3.7e-03  7.63e-03
1 :         104 :      1     51 :   0  5       2   0  8      97 :     1753     2514    76060    77572      6 :  98.8  4.0e-03  6.80e-03
1 :         105 :      1     52 :   0  5       2   0  8      98 :     1753     2514    77573    77654      5 :  93.2  4.0e-03  1.86e-03
0 :         106 :      2      0 :   0  5       3   0  5       1 :     2515     4234        0     1752      0 :   0.0  8.2e-07  4.56e-01
0 :         107 :      2      1 :   0  5       3   0  5       2 :     2515     4234     1753     2514      0 :   0.0  1.7e-05  1.94e-01
0 :         108 :      2      2 :   0  5       3   0  5       3 :     2515     4234     2515     4234      0 :   0.0  2.0e-03  4.38e-01
0 :         109 :      2      3 :   0  5       3   0  5       4 :     2515     4234     4235     4987      0 :   0.0  1.8e-06  1.89e-01
1 :         110 :      2      4 :   0  5       3   0  6       9 :     2515     4234     4988     6868     11 :  98.8  1.3e-03  1.44e-02
1 :         111 :      2      5 :   0  5       3   0  6      11 :     2515     4234     6869     8218     10 :  98.7  2.2e-03  1.17e-02
1 :         112 :      2      6 :   0  5       3   0  6      12 :     2515     4234     8219    10055     11 :  98.8  2.0e-03  1.39e-02
1 :         113 :      2      7 :   0  5       3   0  6      14 :     2515     4234    10056    11954     14 :  98.4  1.0e-03  1.67e-02
1 :         114 :      2      8 :   0  5       3   0  6      15 :     2515     4234    11955    13812     11 :  98.8  2.0e-03  1.44e-02
1 :         115 :      2      9 :   0  5       3   0  6      16 :     2515     4234    13813    15162     11 :  98.5  2.0e-03  1.25e-02
1 :         116 :      2     10 :   0  5       3   0  6      26 :     2515     4234    15163    17042      9 :  99.0  5.0e-03  1.33e-02
1 :         117 :      2     11 :   0  5       3   0  6      27 :     2515     4234    17043    18216      7 :  99.0  6.0e-03  1.01e-02
1 :         118 :      2     12 :   0  5       3   0  6      28 :     2515     4234    18217    20483      9 :  99.1  6.0e-03  1.38e-02
1 :         119 :      2     13 :   0  5       3   0  6      29 :     2515     4234    20484    22354      9 :  99.0  5.0e-03  1.53e-02
1 :         120 :      2     14 :   0  5       3   0  6      31 :     2515     4234    22355    24605      9 :  99.1  6.0e-03  1.47e-02
1 :         121 :      2     15 :   0  5       3   0  6      32 :     2515     4234    24606    25765      7 :  99.0  6.0e-03  1.11e-02
1 :         122 :      2     16 :   0  5       3   0  7      19 :     2515     4234    25766    27455     13 :  98.5  1.0e-03  1.38e-02
1 :         123 :      2     17 :   0  5       3   0  7      20 :     2515     4234    27456    28389      9 :  98.5  1.5e-03  1.06e-02
1 :         124 :      2     18 :   0  5       3   0  7      25 :     2515     4234    28390    30099     14 :  98.4  1.0e-03  1.43e-02
1 :         125 :      2     19 :   0  5       3   0  7      26 :     2515     4234    30100    31020      9 :  98.5  1.5e-03  9.91e-03
1 :         126 :      2     20 :   0  5       3   0  7      35 :     2515     4234    31021    32680      9 :  98.9  3.0e-03  1.08e-02
1 :         127 :      2     21 :   0  5       3   0  7      40 :     2515     4234    32681    34410      9 :  99.0  4.5e-03  1.27e-02
1 :         128 :      2     22 :   0  5       3   0  7      41 :     2515     4234    34411    36062     10 :  98.8  3.0e-03  1.18e-02
1 :         129 :      2     23 :   0  5       3   0  7      46 :     2515     4234    36063    37795      9 :  99.0  4.5e-03  1.22e-02
1 :         130 :      2     24 :   0  5       3   0  7      50 :     2515     4234    37796    38258      6 :  98.4  5.5e-03  6.54e-03
1 :         131 :      2     25 :   0  5       3   0  7      59 :     2515     4234    38259    39857      8 :  99.0  5.0e-03  9.56e-03
1 :         132 :      2     26 :   0  5       3   0  7      60 :     2515     4234    39858    40314      6 :  98.3  5.5e-03  7.01e-03
1 :         133 :      2     27 :   0  5       3   0  8      65 :     2515     4234    40315    42013      9 :  98.9  3.3e-03  1.08e-02
1 :         134 :      2     28 :   0  5       3   0  8      66 :     2515     4234    42014    42768      6 :  98.9  3.1e-03  7.99e-03
1 :         135 :      2     29 :   0  5       3   0  8      67 :     2515     4234    42769    43712      7 :  98.9  3.7e-03  7.23e-03
1 :         136 :      2     30 :   0  5       3   0  8      68 :     2515     4234    43713    45403      9 :  98.9  3.6e-03  1.18e-02
1 :         137 :      2     31 :   0  5       3   0  8      71 :     2515     4234    45404    47057      9 :  98.9  3.5e-03  1.22e-02
1 :         138 :      2     32 :   0  5       3   0  8      72 :     2515     4234    47058    49013      9 :  99.0  3.5e-03  1.50e-02
1 :         139 :      2     33 :   0  5       3   0  8      73 :     2515     4234    49014    49752      6 :  98.8  4.2e-03  6.53e-03
1 :         140 :      2     34 :   0  5       3   0  8      74 :     2515     4234    49753    51606      9 :  99.0  4.1e-03  1.20e-02
1 :         141 :      2     35 :   0  5       3   0  8      75 :     2515     4234    51607    53340      9 :  99.0  4.7e-03  1.23e-02
1 :         142 :      2     36 :   0  5       3   0  8      76 :     2515     4234    53341    54448      7 :  99.0  4.6e-03  9.31e-03
1 :         143 :      2     37 :   0  5       3   0  8      77 :     2515     4234    54449    56151      9 :  98.9  4.0e-03  1.10e-02
1 :         144 :      2     38 :   0  5       3   0  8      78 :     2515     4234    56152    58105      9 :  99.0  4.0e-03  1.44e-02
1 :         145 :      2     39 :   0  5       3   0  8      83 :     2515     4234    58106    60074      9 :  99.0  3.5e-03  1.37e-02
1 :         146 :      2     40 :   0  5       3   0  8      84 :     2515     4234    60075    61735      9 :  98.9  3.5e-03  1.35e-02
1 :         147 :      2     41 :   0  5       3   0  8      85 :     2515     4234    61736    62505      6 :  98.9  3.0e-03  6.99e-03
1 :         148 :      2     42 :   0  5       3   0  8      86 :     2515     4234    62506    64201      9 :  98.9  3.0e-03  1.13e-02
1 :         149 :      2     43 :   0  5       3   0  8      87 :     2515     4234    64202    65898      9 :  98.9  3.5e-03  1.32e-02
1 :         150 :      2     44 :   0  5       3   0  8      88 :     2515     4234    65899    66838      7 :  98.8  3.5e-03  8.83e-03
1 :         151 :      2     45 :   0  5       3   0  8      89 :     2515     4234    66839    68824      9 :  99.0  4.0e-03  1.30e-02
1 :         152 :      2     46 :   0  5       3   0  8      90 :     2515     4234    68825    70511      9 :  98.9  4.0e-03  1.36e-02
1 :         153 :      2     47 :   0  5       3   0  8      93 :     2515     4234    70512    72369      9 :  99.0  4.0e-03  1.30e-02
1 :         154 :      2     48 :   0  5       3   0  8      94 :     2515     4234    72370    73108      6 :  98.8  4.0e-03  8.38e-03
1 :         155 :      2     49 :   0  5       3   0  8      95 :     2515     4234    73109    74219      7 :  99.0  4.5e-03  7.92e-03
1 :         156 :      2     50 :   0  5       3   0  8      96 :     2515     4234    74220    76059      9 :  99.0  4.5e-03  1.28e-02
1 :         157 :      2     51 :   0  5       3   0  8      97 :     2515     4234    76060    77572      8 :  99.0  5.1e-03  1.16e-02
1 :         158 :      2     52 :   0  5       3   0  8      98 :     2515     4234    77573    77654      5 :  93.6  5.0e-03  5.24e-03
0 :         159 :      3      0 :   0  5       4   0  5       1 :     4235     4987        0     1752      0 :   0.0  6.5e-06  1.89e-01
0 :         160 :      3      1 :   0  5       4   0  5       2 :     4235     4987     1753     2514      0 :   0.0  2.2e-05  8.42e-02
0 :         161 :      3      2 :   0  5       4   0  5       3 :     4235     4987     2515     4234      0 :   0.0  1.8e-06  1.86e-01
0 :         162 :      3      3 :   0  5       4   0  5       4 :     4235     4987     4235     4987      0 :   0.0  2.0e-03  8.32e-02
1 :         163 :      3      4 :   0  5       4   0  6       9 :     4235     4987     4988     6868     10 :  98.1  8.8e-04  9.72e-03
1 :         164 :      3      5 :   0  5       4   0  6      11 :     4235     4987     6869     8218      9 :  98.1  1.3e-03  8.04e-03
1 :         165 :      3      6 :   0  5       4   0  6      12 :     4235     4987     8219    10055      9 :  98.3  1.0e-03  9.83e-03
0 :         166 :      3      7 :   0  5       4   0  6      14 :     4235     4987    10056    11954      0 :   0.0  3.3e-06  2.05e-01
1 :         167 :      3      8 :   0  5       4   0  6      15 :     4235     4987    11955    13812     11 :  97.9  1.0e-03  1.08e-02
1 :         168 :      3      9 :   0  5       4   0  6      16 :     4235     4987    13813    15162     11 :  97.7  1.0e-03  8.93e-03
1 :         169 :      3     10 :   0  5       4   0  6      26 :     4235     4987    15163    17042      7 :  98.7  4.0e-03  9.09e-03
1 :         170 :      3     11 :   0  5       4   0  6      27 :     4235     4987    17043    18216      6 :  98.7  5.0e-03  5.96e-03
1 :         171 :      3     12 :   0  5       4   0  6      28 :     4235     4987    18217    20483      6 :  98.9  5.0e-03  8.23e-03
1 :         172 :      3     13 :   0  5       4   0  6      29 :     4235     4987    20484    22354      7 :  98.7  4.0e-03  8.90e-03
1 :         173 :      3     14 :   0  5       4   0  6      31 :     4235     4987    22355    24605      7 :  98.8  5.0e-03  9.82e-03
1 :         174 :      3     15 :   0  5       4   0  6      32 :     4235     4987    24606    25765      6 :  98.7  5.0e-03  5.77e-03
0 :         175 :      3     16 :   0  5       4   0  7      19 :     4235     4987    25766    27455      0 :   0.0  7.7e-06  1.82e-01
1 :         176 :      3     17 :   0  5       4   0  7      20 :     4235     4987    27456    28389     11 :  97.4  5.0e-04  7.07e-03
0 :         177 :      3     18 :   0  5       4   0  7      25 :     4235     4987    28390    30099      0 :   0.0  1.4e-05  1.84e-01
1 :         178 :      3     19 :   0  5       4   0  7      26 :     4235     4987    30100    31020     15 :  96.4  5.1e-04  8.27e-03
1 :         179 :      3     20 :   0  5       4   0  7      35 :     4235     4987    31021    32680      8 :  98.5  2.0e-03  7.53e-03
1 :         180 :      3     21 :   0  5       4   0  7      40 :     4235     4987    32681    34410      7 :  98.7  3.5e-03  7.92e-03
1 :         181 :      3     22 :   0  5       4   0  7      41 :     4235     4987    34411    36062      8 :  98.5  2.0e-03  7.94e-03
1 :         182 :      3     23 :   0  5       4   0  7      46 :     4235     4987    36063    37795      7 :  98.7  3.5e-03  7.69e-03
1 :         183 :      3     24 :   0  5       4   0  7      50 :     4235     4987    37796    38258      6 :  97.9  4.6e-03  3.73e-03
1 :         184 :      3     25 :   0  5       4   0  7      59 :     4235     4987    38259    39857      7 :  98.6  4.0e-03  6.99e-03
1 :         185 :      3     26 :   0  5       4   0  7      60 :     4235     4987    39858    40314      7 :  97.5  4.5e-03  4.03e-03
1 :         186 :      3     27 :   0  5       4   0  8      65 :     4235     4987    40315    42013      7 :  98.7  2.4e-03  7.02e-03
1 :         187 :      3     28 :   0  5       4   0  8      66 :     4235     4987    42014    42768      7 :  98.1  2.2e-03  5.01e-03
1 :         188 :      3     29 :   0  5       4   0  8      67 :     4235     4987    42769    43712      7 :  98.3  2.8e-03  4.54e-03
1 :         189 :      3     30 :   0  5       4   0  8      68 :     4235     4987    43713    45403      7 :  98.7  2.6e-03  7.58e-03
1 :         190 :      3     31 :   0  5       4   0  8      71 :     4235     4987    45404    47057      7 :  98.6  2.5e-03  7.48e-03
1 :         191 :      3     32 :   0  5       4   0  8      72 :     4235     4987    47058    49013      8 :  98.5  2.5e-03  9.44e-03
1 :         192 :      3     33 :   0  5       4   0  8      73 :     4235     4987    49014    49752      6 :  98.4  3.3e-03  4.92e-03
1 :         193 :      3     34 :   0  5       4   0  8      74 :     4235     4987    49753    51606      7 :  98.7  3.1e-03  7.44e-03
1 :         194 :      3     35 :   0  5       4   0  8      75 :     4235     4987    51607    53340      6 :  98.9  3.7e-03  7.55e-03
1 :         195 :      3     36 :   0  5       4   0  8      76 :     4235     4987    53341    54448      6 :  98.7  3.6e-03  5.45e-03
1 :         196 :      3     37 :   0  5       4   0  8      77 :     4235     4987    54449    56151      7 :  98.7  3.0e-03  7.54e-03
1 :         197 :      3     38 :   0  5       4   0  8      78 :     4235     4987    56152    58105      7 :  98.7  3.0e-03  8.85e-03
1 :         198 :      3     39 :   0  5       4   0  8      83 :     4235     4987    58106    60074      8 :  98.5  2.5e-03  9.53e-03
1 :         199 :      3     40 :   0  5       4   0  8      84 :     4235     4987    60075    61735      8 :  98.5  2.5e-03  8.40e-03
1 :         200 :      3     41 :   0  5       4   0  8      85 :     4235     4987    61736    62505      7 :  98.2  2.0e-03  5.09e-03
1 :         201 :      3     42 :   0  5       4   0  8      86 :     4235     4987    62506    64201      7 :  98.7  2.0e-03  7.53e-03
1 :         202 :      3     43 :   0  5       4   0  8      87 :     4235     4987    64202    65898      7 :  98.7  2.5e-03  7.35e-03
1 :         203 :      3     44 :   0  5       4   0  8      88 :     4235     4987    65899    66838      7 :  98.3  2.5e-03  5.45e-03
1 :         204 :      3     45 :   0  5       4   0  8      89 :     4235     4987    66839    68824      7 :  98.7  3.0e-03  8.27e-03
1 :         205 :      3     46 :   0  5       4   0  8      90 :     4235     4987    68825    70511      7 :  98.7  3.0e-03  8.26e-03
1 :         206 :      3     47 :   0  5       4   0  8      93 :     4235     4987    70512    72369      7 :  98.7  3.0e-03  8.58e-03
1 :         207 :      3     48 :   0  5       4   0  8      94 :     4235     4987    72370    73108      7 :  98.1  3.0e-03  4.58e-03
1 :         208 :      3     49 :   0  5       4   0  8      95 :     4235     4987    73109    74219      6 :  98.7  3.5e-03  5.04e-03
1 :         209 :      3     50 :   0  5       4   0  8      96 :     4235     4987    74220    76059      7 :  98.7  3.5e-03  8.22e-03
1 :         210 :      3     51 :   0  5       4   0  8      97 :     4235     4987    76060    77572      6 :  98.8  4.2e-03  7.11e-03
1 :         211 :      3     52 :   0  5       4   0  8      98 :     4235     4987    77573    77654      5 :  93.2  4.1e-03  2.56e-03
1 :         212 :      4      0 :   0  6       9   0  5       1 :     4988     6868        0     1752     14 :  98.5  9.9e-04  1.70e-02
0 :         213 :      4      1 :   0  6       9   0  5       2 :     4988     6868     1753     2514      0 :   0.0  6.2e-07  2.17e-01
1 :         214 :      4      2 :   0  6       9   0  5       3 :     4988     6868     2515     4234     11 :  98.8  1.3e-03  1.45e-02
1 :         215 :      4      3 :   0  6       9   0  5       4 :     4988     6868     4235     4987     10 :  98.1  8.8e-04  1.15e-02
0 :         216 :      4      4 :   0  6       9   0  6       9 :     4988     6868     4988     6868      0 :   0.0  1.3e-03  5.25e-01
0 :         217 :      4      5 :   0  6       9   0  6      11 :     4988     6868     6869     8218      0 :   0.0  4.2e-06  3.80e-01
0 :         218 :      4      6 :   0  6       9   0  6      12 :     4988     6868     8219    10055      0 :   0.0  2.8e-05  5.15e-01
1 :         219 :      4      7 :   0  6       9   0  6      14 :     4988     6868    10056    11954     12 :  98.7  1.7e-03  1.76e-02
1 :         220 :      4      8 :   0  6       9   0  6      15 :     4988     6868    11955    13812     12 :  98.7  8.8e-04  1.47e-02
1 :         221 :      4      9 :   0  6       9   0  6      16 :     4988     6868    13813    15162     10 :  98.7  1.8e-03  1.30e-02
1 :         222 :      4     10 :   0  6       9   0  6      26 :     4988     6868    15163    17042     10 :  98.9  3.0e-03  1.41e-02
1 :         223 :      4     11 :   0  6       9   0  6      27 :     4988     6868    17043    18216      7 :  99.0  4.0e-03  1.10e-02
1 :         224 :      4     12 :   0  6       9   0  6      28 :     4988     6868    18217    20483      9 :  99.1  4.0e-03  1.42e-02
1 :         225 :      4     13 :   0  6       9   0  6      29 :     4988     6868    20484    22354     10 :  98.9  3.1e-03  1.65e-02
1 :         226 :      4     14 :   0  6       9   0  6      31 :     4988     6868    22355    24605      9 :  99.1  4.1e-03  1.60e-02
1 :         227 :      4     15 :   0  6       9   0  6      32 :     4988     6868    24606    25765      7 :  99.0  4.3e-03  1.13e-02
0 :         228 :      4     16 :   0  6       9   0  7      19 :     4988     6868    25766    27455      0 :   0.0  1.4e-06  4.72e-01
0 :         229 :      4     17 :   0  6       9   0  7      20 :     4988     6868    27456    28389      0 :   0.0  2.6e-05  2.65e-01
1 :         230 :      4     18 :   0  6       9   0  7      25 :     4988     6868    28390    30099     13 :  98.5  8.7e-04  1.55e-02
1 :         231 :      4     19 :   0  6       9   0  7      26 :     4988     6868    30100    31020     10 :  98.4  8.8e-04  1.10e-02
1 :         232 :      4     20 :   0  6       9   0  7      35 :     4988     6868    31021    32680     12 :  98.6  1.0e-03  1.42e-02
1 :         233 :      4     21 :   0  6       9   0  7      40 :     4988     6868    32681    34410      9 :  99.0  2.5e-03  1.37e-02
1 :         234 :      4     22 :   0  6       9   0  7      41 :     4988     6868    34411    36062     11 :  98.7  1.3e-03  1.45e-02
1 :         235 :      4     23 :   0  6       9   0  7      46 :     4988     6868    36063    37795      9 :  99.0  2.6e-03  1.37e-02
1 :         236 :      4     24 :   0  6       9   0  7      50 :     4988     6868    37796    38258      6 :  98.4  3.5e-03  7.77e-03
1 :         237 :      4     25 :   0  6       9   0  7      59 :     4988     6868    38259    39857      8 :  99.1  3.5e-03  1.14e-02
1 :         238 :      4     26 :   0  6       9   0  7      60 :     4988     6868    39858    40314      6 :  98.4  3.9e-03  8.46e-03
1 :         239 :      4     27 :   0  6       9   0  8      65 :     4988     6868    40315    42013     12 :  98.7  1.0e-03  1.36e-02
1 :         240 :      4     28 :   0  6       9   0  8      66 :     4988     6868    42014    42768      9 :  98.3  1.0e-03  1.08e-02
1 :         241 :      4     29 :   0  6       9   0  8      67 :     4988     6868    42769    43712      8 :  98.7  1.5e-03  9.29e-03
1 :         242 :      4     30 :   0  6       9   0  8      68 :     4988     6868    43713    45403     11 :  98.8  1.5e-03  1.43e-02
1 :         243 :      4     31 :   0  6       9   0  8      71 :     4988     6868    45404    47057     11 :  98.8  1.5e-03  1.46e-02
1 :         244 :      4     32 :   0  6       9   0  8      72 :     4988     6868    47058    49013     11 :  98.9  1.6e-03  1.63e-02
1 :         245 :      4     33 :   0  6       9   0  8      73 :     4988     6868    49014    49752      7 :  98.7  2.0e-03  7.57e-03
1 :         246 :      4     34 :   0  6       9   0  8      74 :     4988     6868    49753    51606     11 :  98.8  2.0e-03  1.46e-02
1 :         247 :      4     35 :   0  6       9   0  8      75 :     4988     6868    51607    53340      9 :  99.0  2.5e-03  1.35e-02
1 :         248 :      4     36 :   0  6       9   0  8      76 :     4988     6868    53341    54448      7 :  99.0  2.5e-03  1.00e-02
1 :         249 :      4     37 :   0  6       9   0  8      77 :     4988     6868    54449    56151     11 :  98.8  2.0e-03  1.29e-02
1 :         250 :      4     38 :   0  6       9   0  8      78 :     4988     6868    56152    58105     10 :  99.0  2.0e-03  1.59e-02
1 :         251 :      4     39 :   0  6       9   0  8      83 :     4988     6868    58106    60074     10 :  99.0  1.7e-03  1.36e-02
1 :         252 :      4     40 :   0  6       9   0  8      84 :     4988     6868    60075    61735     10 :  98.9  2.0e-03  1.42e-02
1 :         253 :      4     41 :   0  6       9   0  8      85 :     4988     6868    61736    62505      7 :  98.7  2.0e-03  8.66e-03
1 :         254 :      4     42 :   0  6       9   0  8      86 :     4988     6868    62506    64201     10 :  98.9  2.4e-03  1.19e-02
1 :         255 :      4     43 :   0  6       9   0  8      87 :     4988     6868    64202    65898     10 :  98.9  2.3e-03  1.42e-02
1 :         256 :      4     44 :   0  6       9   0  8      88 :     4988     6868    65899    66838      7 :  98.9  2.6e-03  9.32e-03
1 :         257 :      4     45 :   0  6       9   0  8      89 :     4988     6868    66839    68824     10 :  99.0  2.2e-03  1.35e-02
1 :         258 :      4     46 :   0  6       9   0  8      90 :     4988     6868    68825    70511     10 :  98.9  2.4e-03  1.41e-02
1 :         259 :      4     47 :   0  6       9   0  8      93 :     4988     6868    70512    72369      9 :  99.0  2.6e-03  1.31e-02
1 :         260 :      4     48 :   0  6       9   0  8      94 :     4988     6868    72370    73108      6 :  98.9  2.9e-03  8.98e-03
1 :         261 :      4     49 :   0  6       9   0  8      95 :     4988     6868    73109    74219      7 :  99.0  3.0e-03  8.15e-03
1 :         262 :      4     50 :   0  6       9   0  8      96 :     4988     6868    74220    76059      9 :  99.0  3.3e-03  1.31e-02
1 :         263 :      4     51 :   0  6       9   0  8      97 :     4988     6868    76060    77572      8 :  99.0  3.0e-03  1.12e-02
1 :         264 :      4     52 :   0  6       9   0  8      98 :     4988     6868    77573    77654      5 :  93.6  3.0e-03  5.57e-03
1 :         265 :      5      0 :   0  6      11   0  5       1 :     6869     8218        0     1752     11 :  98.6  2.0e-03  1.13e-02
1 :         266 :      5      1 :   0  6      11   0  5       2 :     6869     8218     1753     2514     12 :  97.5  1.0e-03  9.12e-03
1 :         267 :      5      2 :   0  6      11   0  5       3 :     6869     8218     2515     4234     10 :  98.7  2.2e-03  1.11e-02
1 :         268 :      5      3 :   0  6      11   0  5       4 :     6869     8218     4235     4987      9 :  98.1  1.3e-03  7.66e-03
0 :         269 :      5      4 :   0  6      11   0  6       9 :     6869     8218     4988     6868      0 :   0.0  4.2e-06  3.55e-01
0 :         270 :      5      5 :   0  6      11   0  6      11 :     6869     8218     6869     8218      0 :   0.0  1.3e-03  2.56e-01
0 :         271 :      5      6 :   0  6      11   0  6      12 :     6869     8218     8219    10055      0 :   0.0  5.0e-05  3.47e-01
1 :         272 :      5      7 :   0  6      11   0  6      14 :     6869     8218    10056    11954     11 :  98.6  1.8e-03  1.37e-02
1 :         273 :      5      8 :   0  6      11   0  6      15 :     6869     8218    11955    13812     12 :  98.5  9.0e-04  1.46e-02
1 :         274 :      5      9 :   0  6      11   0  6      16 :     6869     8218    13813    15162     10 :  98.5  1.8e-03  1.09e-02
1 :         275 :      5     10 :   0  6      11   0  6      26 :     6869     8218    15163    17042     10 :  98.7  2.0e-03  1.29e-02
1 :         276 :      5     11 :   0  6      11   0  6      27 :     6869     8218    17043    18216      7 :  98.9  3.0e-03  8.64e-03
1 :         277 :      5     12 :   0  6      11   0  6      28 :     6869     8218    18217    20483      8 :  99.1  3.0e-03  1.39e-02
1 :         278 :      5     13 :   0  6      11   0  6      29 :     6869     8218    20484    22354      9 :  98.9  2.2e-03  1.08e-02
1 :         279 :      5     14 :   0  6      11   0  6      31 :     6869     8218    22355    24605      8 :  99.1  3.1e-03  1.37e-02
1 :         280 :      5     15 :   0  6      11   0  6      32 :     6869     8218    24606    25765      7 :  98.9  3.5e-03  8.45e-03
0 :         281 :      5     16 :   0  6      11   0  7      19 :     6869     8218    25766    27455      0 :   0.0  5.0e-04  3.19e-01
0 :         282 :      5     17 :   0  6      11   0  7      20 :     6869     8218    27456    28389      0 :   0.0  4.7e-05  1.79e-01
1 :         283 :      5     18 :   0  6      11   0  7      25 :     6869     8218    28390    30099     10 :  98.7  1.0e-03  1.08e-02
1 :         284 :      5     19 :   0  6      11   0  7      26 :     6869     8218    30100    31020     11 :  98.0  9.0e-04  9.87e-03
0 :         285 :      5     20 :   0  6      11   0  7      35 :     6869     8218    31021    32680      0 :   0.0  2.0e-05  3.13e-01
1 :         286 :      5     21 :   0  6      11   0  7      40 :     6869     8218    32681    34410     10 :  98.7  1.5e-03  1.20e-02
1 :         287 :      5     22 :   0  6      11   0  7      41 :     6869     8218    34411    36062     10 :  98.7  9.0e-04  1.07e-02
1 :         288 :      5     23 :   0  6      11   0  7      46 :     6869     8218    36063    37795     10 :  98.7  1.7e-03  1.14e-02
1 :         289 :      5     24 :   0  6      11   0  7      50 :     6869     8218    37796    38258      8 :  97.7  2.5e-03  5.93e-03
1 :         290 :      5     25 :   0  6      11   0  7      59 :     6869     8218    38259    39857      8 :  98.9  2.7e-03  9.41e-03
1 :         291 :      5     26 :   0  6      11   0  7      60 :     6869     8218    39858    40314      6 :  98.2  3.1e-03  5.53e-03
0 :         292 :      5     27 :   0  6      11   0  8      65 :     6869     8218    40315    42013      0 :   0.0  1.2e-06  3.20e-01
0 :         293 :      5     28 :   0  6      11   0  8      66 :     6869     8218    42014    42768      0 :   0.0  3.2e-06  1.45e-01
1 :         294 :      5     29 :   0  6      11   0  8      67 :     6869     8218    42769    43712     11 :  98.0  5.0e-04  8.52e-03
1 :         295 :      5     30 :   0  6      11   0  8      68 :     6869     8218    43713    45403     14 :  98.1  5.0e-04  1.38e-02
1 :         296 :      5     31 :   0  6      11   0  8      71 :     6869     8218    45404    47057     13 :  98.3  5.0e-04  1.27e-02
1 :         297 :      5     32 :   0  6      11   0  8      72 :     6869     8218    47058    49013     11 :  98.6  6.7e-04  1.40e-02
1 :         298 :      5     33 :   0  6      11   0  8      73 :     6869     8218    49014    49752      9 :  98.1  1.0e-03  6.27e-03
1 :         299 :      5     34 :   0  6      11   0  8      74 :     6869     8218    49753    51606     11 :  98.6  9.9e-04  1.18e-02
1 :         300 :      5     35 :   0  6      11   0  8      75 :     6869     8218    51607    53340     10 :  98.7  1.5e-03  1.11e-02
1 :         301 :      5     36 :   0  6      11   0  8      76 :     6869     8218    53341    54448      8 :  98.7  1.5e-03  8.35e-03
1 :         302 :      5     37 :   0  6      11   0  8      77 :     6869     8218    54449    56151     11 :  98.5  9.9e-04  1.15e-02
1 :         303 :      5     38 :   0  6      11   0  8      78 :     6869     8218    56152    58105     11 :  98.6  1.1e-03  1.37e-02
1 :         304 :      5     39 :   0  6      11   0  8      83 :     6869     8218    58106    60074     11 :  98.6  1.0e-03  1.19e-02
1 :         305 :      5     40 :   0  6      11   0  8      84 :     6869     8218    60075    61735     11 :  98.5  1.4e-03  1.22e-02
1 :         306 :      5     41 :   0  6      11   0  8      85 :     6869     8218    61736    62505      8 :  98.4  1.8e-03  6.81e-03
1 :         307 :      5     42 :   0  6      11   0  8      86 :     6869     8218    62506    64201      9 :  98.8  2.2e-03  9.98e-03
1 :         308 :      5     43 :   0  6      11   0  8      87 :     6869     8218    64202    65898      9 :  98.8  1.8e-03  1.12e-02
1 :         309 :      5     44 :   0  6      11   0  8      88 :     6869     8218    65899    66838      7 :  98.7  2.3e-03  7.50e-03
1 :         310 :      5     45 :   0  6      11   0  8      89 :     6869     8218    66839    68824     10 :  98.8  1.3e-03  1.28e-02
1 :         311 :      5     46 :   0  6      11   0  8      90 :     6869     8218    68825    70511     10 :  98.7  1.7e-03  1.24e-02
1 :         312 :      5     47 :   0  6      11   0  8      93 :     6869     8218    70512    72369      8 :  99.0  2.0e-03  1.10e-02
1 :         313 :      5     48 :   0  6      11   0  8      94 :     6869     8218    72370    73108      6 :  98.7  2.4e-03  6.59e-03
1 :         314 :      5     49 :   0  6      11   0  8      95 :     6869     8218    73109    74219      7 :  98.9  2.3e-03  6.81e-03
1 :         315 :      5     50 :   0  6      11   0  8      96 :     6869     8218    74220    76059      8 :  99.0  2.7e-03  9.57e-03
1 :         316 :      5     51 :   0  6      11   0  8      97 :     6869     8218    76060    77572      9 :  98.7  2.0e-03  1.06e-02
1 :         317 :      5     52 :   0  6      11   0  8      98 :     6869     8218    77573    77654      6 :  92.2  2.0e-03  3.91e-03
1 :         318 :      6      0 :   0  6      12   0  5       1 :     8219    10055        0     1752     12 :  98.7  2.0e-03  1.47e-02
1 :         319 :      6      1 :   0  6      12   0  5       2 :     8219    10055     1753     2514     11 :  98.0  9.9e-04  1.19e-02
1 :         320 :      6      2 :   0  6      12   0  5       3 :     8219    10055     2515     4234     12 :  98.6  2.0e-03  1.49e-02
1 :         321 :      6      3 :   0  6      12   0  5       4 :     8219    10055     4235     4987     10 :  98.1  1.0e-03  1.16e-02
0 :         322 :      6      4 :   0  6      12   0  6       9 :     8219    10055     4988     6868      0 :   0.0  2.8e-05  5.12e-01
0 :         323 :      6      5 :   0  6      12   0  6      11 :     8219    10055     6869     8218      0 :   0.0  5.0e-05  3.72e-01
0 :         324 :      6      6 :   0  6      12   0  6      12 :     8219    10055     8219    10055      0 :   0.0  1.3e-03  5.01e-01
1 :         325 :      6      7 :   0  6      12   0  6      14 :     8219    10055    10056    11954     13 :  98.6  8.8e-04  1.80e-02
0 :         326 :      6      8 :   0  6      12   0  6      15 :     8219    10055    11955    13812      0 :   0.0  1.1e-05  5.06e-01
1 :         327 :      6      9 :   0  6      12   0  6      16 :     8219    10055    13813    15162     13 :  98.3  9.0e-04  1.56e-02
1 :         328 :      6     10 :   0  6      12   0  6      26 :     8219    10055    15163    17042     10 :  98.9  2.0e-03  1.43e-02
1 :         329 :      6     11 :   0  6      12   0  6      27 :     8219    10055    17043    18216      7 :  99.0  3.0e-03  1.05e-02
1 :         330 :      6     12 :   0  6      12   0  6      28 :     8219    10055    18217    20483      9 :  99.1  3.0e-03  1.57e-02
1 :         331 :      6     13 :   0  6      12   0  6      29 :     8219    10055    20484    22354     10 :  98.9  2.0e-03  1.28e-02
1 :         332 :      6     14 :   0  6      12   0  6      31 :     8219    10055    22355    24605      9 :  99.1  3.0e-03  1.58e-02
1 :         333 :      6     15 :   0  6      12   0  6      32 :     8219    10055    24606    25765      8 :  98.9  3.1e-03  1.02e-02
0 :         334 :      6     16 :   0  6      12   0  7      19 :     8219    10055    25766    27455      0 :   0.0  5.0e-04  4.61e-01
0 :         335 :      6     17 :   0  6      12   0  7      20 :     8219    10055    27456    28389      0 :   0.0  1.6e-06  2.58e-01
0 :         336 :      6     18 :   0  6      12   0  7      25 :     8219    10055    28390    30099      0 :   0.0  4.9e-04  4.67e-01
0 :         337 :      6     19 :   0  6      12   0  7      26 :     8219    10055    30100    31020      0 :   0.0  1.2e-05  2.54e-01
0 :         338 :      6     20 :   0  6      12   0  7      35 :     8219    10055    31021    32680      0 :   0.0  1.2e-06  4.53e-01
1 :         339 :      6     21 :   0  6      12   0  7      40 :     8219    10055    32681    34410     11 :  98.8  1.5e-03  1.53e-02
0 :         340 :      6     22 :   0  6      12   0  7      41 :     8219    10055    34411    36062      0 :   0.0  1.1e-05  4.51e-01
1 :         341 :      6     23 :   0  6      12   0  7      46 :     8219    10055    36063    37795     11 :  98.8  1.5e-03  1.54e-02
1 :         342 :      6     24 :   0  6      12   0  7      50 :     8219    10055    37796    38258      6 :  98.4  2.5e-03  8.00e-03
1 :         343 :      6     25 :   0  6      12   0  7      59 :     8219    10055    38259    39857      9 :  98.9  2.2e-03  1.07e-02
1 :         344 :      6     26 :   0  6      12   0  7      60 :     8219    10055    39858    40314      6 :  98.4  2.6e-03  7.52e-03
1 :         345 :      6     27 :   0  6      12   0  8      65 :     8219    10055    40315    42013     14 :  98.4  4.7e-04  1.50e-02
0 :         346 :      6     28 :   0  6      12   0  8      66 :     8219    10055    42014    42768      0 :   0.0  3.2e-05  2.09e-01
1 :         347 :      6     29 :   0  6      12   0  8      67 :     8219    10055    42769    43712     10 :  98.4  6.8e-04  9.29e-03
1 :         348 :      6     30 :   0  6      12   0  8      68 :     8219    10055    43713    45403     13 :  98.5  5.0e-04  1.54e-02
1 :         349 :      6     31 :   0  6      12   0  8      71 :     8219    10055    45404    47057     14 :  98.4  5.0e-04  1.62e-02
1 :         350 :      6     32 :   0  6      12   0  8      72 :     8219    10055    47058    49013     14 :  98.5  5.0e-04  1.88e-02
1 :         351 :      6     33 :   0  6      12   0  8      73 :     8219    10055    49014    49752      8 :  98.5  1.1e-03  8.55e-03
1 :         352 :      6     34 :   0  6      12   0  8      74 :     8219    10055    49753    51606     12 :  98.7  9.9e-04  1.48e-02
1 :         353 :      6     35 :   0  6      12   0  8      75 :     8219    10055    51607    53340     11 :  98.8  1.6e-03  1.50e-02
1 :         354 :      6     36 :   0  6      12   0  8      76 :     8219    10055    53341    54448      9 :  98.7  1.5e-03  9.86e-03
1 :         355 :      6     37 :   0  6      12   0  8      77 :     8219    10055    54449    56151     12 :  98.6  1.0e-03  1.48e-02
1 :         356 :      6     38 :   0  6      12   0  8      78 :     8219    10055    56152    58105     12 :  98.7  1.0e-03  1.74e-02
1 :         357 :      6     39 :   0  6      12   0  8      83 :     8219    10055    58106    60074     14 :  98.5  5.0e-04  1.64e-02
1 :         358 :      6     40 :   0  6      12   0  8      84 :     8219    10055    60075    61735     13 :  98.5  6.7e-04  1.63e-02
1 :         359 :      6     41 :   0  6      12   0  8      85 :     8219    10055    61736    62505      8 :  98.5  8.8e-04  9.51e-03
1 :         360 :      6     42 :   0  6      12   0  8      86 :     8219    10055    62506    64201     11 :  98.8  1.3e-03  1.26e-02
1 :         361 :      6     43 :   0  6      12   0  8      87 :     8219    10055    64202    65898     11 :  98.8  1.0e-03  1.53e-02
1 :         362 :      6     44 :   0  6      12   0  8      88 :     8219    10055    65899    66838      8 :  98.7  1.4e-03  9.99e-03
1 :         363 :      6     45 :   0  6      12   0  8      89 :     8219    10055    66839    68824     11 :  98.8  9.9e-04  1.48e-02
1 :         364 :      6     46 :   0  6      12   0  8      90 :     8219    10055    68825    70511     12 :  98.6  1.1e-03  1.61e-02
1 :         365 :      6     47 :   0  6      12   0  8      93 :     8219    10055    70512    72369     12 :  98.7  1.3e-03  1.58e-02
1 :         366 :      6     48 :   0  6      12   0  8      94 :     8219    10055    72370    73108      6 :  98.9  1.6e-03  9.23e-03
1 :         367 :      6     49 :   0  6      12   0  8      95 :     8219    10055    73109    74219      7 :  99.0  1.7e-03  9.36e-03
1 :         368 :      6     50 :   0  6      12   0  8      96 :     8219    10055    74220    76059      9 :  99.0  2.0e-03  1.36e-02
1 :         369 :      6     51 :   0  6      12   0  8      97 :     8219    10055    76060    77572      9 :  98.9  2.0e-03  1.32e-02
1 :         370 :      6     52 :   0  6      12   0  8      98 :     8219    10055    77573    77654      5 :  93.6  2.0e-03  6.35e-03
1 :         371 :      7      0 :   0  6      14   0  5       1 :    10056    11954        0     1752     11 :  98.8  1.3e-03  1.33e-02
1 :         372 :      7      1 :   0  6      14   0  5       2 :    10056    11954     1753     2514     10 :  98.2  8.9e-04  1.13e-02
1 :         373 :      7      2 :   0  6      14   0  5       3 :    10056    11954     2515     4234     14 :  98.4  1.0e-03  1.62e-02
0 :         374 :      7      3 :   0  6      14   0  5       4 :    10056    11954     4235     4987      0 :   0.0  3.3e-06  2.20e-01
1 :         375 :      7      4 :   0  6      14   0  6       9 :    10056    11954     4988     6868     12 :  98.7  1.7e-03  1.42e-02
1 :         376 :      7      5 :   0  6      14   0  6      11 :    10056    11954     6869     8218     11 :  98.6  1.8e-03  1.33e-02
1 :         377 :      7      6 :   0  6      14   0  6      12 :    10056    11954     8219    10055     12 :  98.7  8.8e-04  1.50e-02
0 :         378 :      7      7 :   0  6      14   0  6      14 :    10056    11954    10056    11954      0 :   0.0  1.3e-03  5.46e-01
0 :         379 :      7      8 :   0  6      14   0  6      15 :    10056    11954    11955    13812      0 :   0.0  4.6e-06  5.37e-01
0 :         380 :      7      9 :   0  6      14   0  6      16 :    10056    11954    13813    15162      0 :   0.0  2.9e-06  3.91e-01
1 :         381 :      7     10 :   0  6      14   0  6      26 :    10056    11954    15163    17042      9 :  99.0  3.1e-03  1.41e-02
1 :         382 :      7     11 :   0  6      14   0  6      27 :    10056    11954    17043    18216      7 :  99.0  4.3e-03  1.15e-02
1 :         383 :      7     12 :   0  6      14   0  6      28 :    10056    11954    18217    20483      9 :  99.1  4.1e-03  1.45e-02
1 :         384 :      7     13 :   0  6      14   0  6      29 :    10056    11954    20484    22354      9 :  99.0  3.0e-03  1.56e-02
1 :         385 :      7     14 :   0  6      14   0  6      31 :    10056    11954    22355    24605      9 :  99.1  4.0e-03  1.53e-02
1 :         386 :      7     15 :   0  6      14   0  6      32 :    10056    11954    24606    25765      7 :  99.0  4.0e-03  1.12e-02
1 :         387 :      7     16 :   0  6      14   0  7      19 :    10056    11954    25766    27455     13 :  98.5  8.7e-04  1.43e-02
1 :         388 :      7     17 :   0  6      14   0  7      20 :    10056    11954    27456    28389     10 :  98.4  8.8e-04  1.17e-02
0 :         389 :      7     18 :   0  6      14   0  7      25 :    10056    11954    28390    30099      0 :   0.0  2.4e-06  4.94e-01
0 :         390 :      7     19 :   0  6      14   0  7      26 :    10056    11954    30100    31020      0 :   0.0  1.1e-05  2.68e-01
1 :         391 :      7     20 :   0  6      14   0  7      35 :    10056    11954    31021    32680     11 :  98.8  1.3e-03  1.38e-02
1 :         392 :      7     21 :   0  6      14   0  7      40 :    10056    11954    32681    34410      9 :  99.0  2.6e-03  1.34e-02
1 :         393 :      7     22 :   0  6      14   0  7      41 :    10056    11954    34411    36062     12 :  98.6  9.9e-04  1.49e-02
1 :         394 :      7     23 :   0  6      14   0  7      46 :    10056    11954    36063    37795     10 :  98.9  2.5e-03  1.42e-02
1 :         395 :      7     24 :   0  6      14   0  7      50 :    10056    11954    37796    38258      6 :  98.4  3.9e-03  7.44e-03
1 :         396 :      7     25 :   0  6      14   0  7      59 :    10056    11954    38259    39857      9 :  99.0  3.0e-03  1.20e-02
1 :         397 :      7     26 :   0  6      14   0  7      60 :    10056    11954    39858    40314      6 :  98.4  3.5e-03  7.75e-03
1 :         398 :      7     27 :   0  6      14   0  8      65 :    10056    11954    40315    42013     10 :  98.9  2.4e-03  1.31e-02
1 :         399 :      7     28 :   0  6      14   0  8      66 :    10056    11954    42014    42768      6 :  98.9  2.0e-03  8.70e-03
1 :         400 :      7     29 :   0  6      14   0  8      67 :    10056    11954    42769    43712      7 :  98.9  2.6e-03  9.04e-03
1 :         401 :      7     30 :   0  6      14   0  8      68 :    10056    11954    43713    45403     10 :  98.9  2.3e-03  1.40e-02
1 :         402 :      7     31 :   0  6      14   0  8      71 :    10056    11954    45404    47057     11 :  98.8  2.0e-03  1.55e-02
1 :         403 :      7     32 :   0  6      14   0  8      72 :    10056    11954    47058    49013     11 :  98.9  1.7e-03  1.74e-02
1 :         404 :      7     33 :   0  6      14   0  8      73 :    10056    11954    49014    49752      6 :  98.9  3.0e-03  8.06e-03
1 :         405 :      7     34 :   0  6      14   0  8      74 :    10056    11954    49753    51606      9 :  99.0  2.6e-03  1.38e-02
1 :         406 :      7     35 :   0  6      14   0  8      75 :    10056    11954    51607    53340      9 :  99.0  3.3e-03  1.49e-02
1 :         407 :      7     36 :   0  6      14   0  8      76 :    10056    11954    53341    54448      7 :  99.0  3.0e-03  1.06e-02
1 :         408 :      7     37 :   0  6      14   0  8      77 :    10056    11954    54449    56151      9 :  99.0  2.4e-03  1.36e-02
1 :         409 :      7     38 :   0  6      14   0  8      78 :    10056    11954    56152    58105     10 :  99.0  2.2e-03  1.63e-02
1 :         410 :      7     39 :   0  6      14   0  8      83 :    10056    11954    58106    60074     10 :  99.0  1.6e-03  1.67e-02
1 :         411 :      7     40 :   0  6      14   0  8      84 :    10056    11954    60075    61735     11 :  98.8  1.5e-03  1.61e-02
1 :         412 :      7     41 :   0  6      14   0  8      85 :    10056    11954    61736    62505      9 :  98.4  1.0e-03  1.10e-02
1 :         413 :      7     42 :   0  6      14   0  8      86 :    10056    11954    62506    64201     12 :  98.7  9.9e-04  1.57e-02
1 :         414 :      7     43 :   0  6      14   0  8      87 :    10056    11954    64202    65898     11 :  98.8  1.5e-03  1.62e-02
1 :         415 :      7     44 :   0  6      14   0  8      88 :    10056    11954    65899    66838      8 :  98.7  1.5e-03  1.11e-02
1 :         416 :      7     45 :   0  6      14   0  8      89 :    10056    11954    66839    68824     10 :  99.0  2.0e-03  1.60e-02
1 :         417 :      7     46 :   0  6      14   0  8      90 :    10056    11954    68825    70511     10 :  98.9  2.0e-03  1.58e-02
1 :         418 :      7     47 :   0  6      14   0  8      93 :    10056    11954    70512    72369     10 :  98.9  2.0e-03  1.60e-02
1 :         419 :      7     48 :   0  6      14   0  8      94 :    10056    11954    72370    73108      7 :  98.7  2.0e-03  1.00e-02
1 :         420 :      7     49 :   0  6      14   0  8      95 :    10056    11954    73109    74219      7 :  99.0  2.5e-03  1.02e-02
1 :         421 :      7     50 :   0  6      14   0  8      96 :    10056    11954    74220    76059      9 :  99.0  2.5e-03  1.46e-02
1 :         422 :      7     51 :   0  6      14   0  8      97 :    10056    11954    76060    77572      8 :  99.0  3.7e-03  1.39e-02
1 :         423 :      7     52 :   0  6      14   0  8      98 :    10056    11954    77573    77654      5 :  93.6  3.5e-03  6.82e-03
1 :         424 :      8      0 :   0  6      15   0  5       1 :    11955    13812        0     1752     11 :  98.8  2.0e-03  1.56e-02
1 :         425 :      8      1 :   0  6      15   0  5       2 :    11955    13812     1753     2514      9 :  98.3  9.9e-04  1.20e-02
1 :         426 :      8      2 :   0  6      15   0  5       3 :    11955    13812     2515     4234     12 :  98.7  2.0e-03  1.68e-02
1 :         427 :      8      3 :   0  6      15   0  5       4 :    11955    13812     4235     4987     10 :  98.1  1.0e-03  1.26e-02
1 :         428 :      8      4 :   0  6      15   0  6       9 :    11955    13812     4988     6868     12 :  98.7  8.8e-04  1.75e-02
1 :         429 :      8      5 :   0  6      15   0  6      11 :    11955    13812     6869     8218     13 :  98.3  9.0e-04  1.65e-02
0 :         430 :      8      6 :   0  6      15   0  6      12 :    11955    13812     8219    10055      0 :   0.0  1.1e-05  5.15e-01
0 :         431 :      8      7 :   0  6      15   0  6      14 :    11955    13812    10056    11954      0 :   0.0  4.6e-06  5.32e-01
0 :         432 :      8      8 :   0  6      15   0  6      15 :    11955    13812    11955    13812      0 :   0.0  1.3e-03  5.21e-01
0 :         433 :      8      9 :   0  6      15   0  6      16 :    11955    13812    13813    15162      0 :   0.0  2.2e-05  3.81e-01
1 :         434 :      8     10 :   0  6      15   0  6      26 :    11955    13812    15163    17042     10 :  98.9  2.0e-03  1.71e-02
1 :         435 :      8     11 :   0  6      15   0  6      27 :    11955    13812    17043    18216      7 :  99.0  3.1e-03  1.24e-02
1 :         436 :      8     12 :   0  6      15   0  6      28 :    11955    13812    18217    20483     10 :  99.0  3.0e-03  1.97e-02
1 :         437 :      8     13 :   0  6      15   0  6      29 :    11955    13812    20484    22354     11 :  98.8  2.0e-03  1.81e-02
1 :         438 :      8     14 :   0  6      15   0  6      31 :    11955    13812    22355    24605     10 :  99.0  3.0e-03  2.18e-02
1 :         439 :      8     15 :   0  6      15   0  6      32 :    11955    13812    24606    25765      8 :  98.9  3.0e-03  1.37e-02
0 :         440 :      8     16 :   0  6      15   0  7      19 :    11955    13812    25766    27455      0 :   0.0  5.0e-04  4.78e-01
0 :         441 :      8     17 :   0  6      15   0  7      20 :    11955    13812    27456    28389      0 :   0.0  1.2e-05  2.67e-01
0 :         442 :      8     18 :   0  6      15   0  7      25 :    11955    13812    28390    30099      0 :   0.0  4.9e-04  4.81e-01
0 :         443 :      8     19 :   0  6      15   0  7      26 :    11955    13812    30100    31020      0 :   0.0  1.5e-06  2.62e-01
0 :         444 :      8     20 :   0  6      15   0  7      35 :    11955    13812    31021    32680      0 :   0.0  1.2e-05  4.66e-01
1 :         445 :      8     21 :   0  6      15   0  7      40 :    11955    13812    32681    34410     11 :  98.8  1.5e-03  1.76e-02
0 :         446 :      8     22 :   0  6      15   0  7      41 :    11955    13812    34411    36062      0 :   0.0  1.8e-06  4.64e-01
1 :         447 :      8     23 :   0  6      15   0  7      46 :    11955    13812    36063    37795     11 :  98.8  1.5e-03  1.72e-02
1 :         448 :      8     24 :   0  6      15   0  7      50 :    11955    13812    37796    38258      6 :  98.4  2.7e-03  9.47e-03
1 :         449 :      8     25 :   0  6      15   0  7      59 :    11955    13812    38259    39857      9 :  99.0  2.0e-03  1.34e-02
1 :         450 :      8     26 :   0  6      15   0  7      60 :    11955    13812    39858    40314      7 :  98.1  2.5e-03  8.98e-03
1 :         451 :      8     27 :   0  6      15   0  8      65 :    11955    13812    40315    42013     12 :  98.6  1.3e-03  1.59e-02
1 :         452 :      8     28 :   0  6      15   0  8      66 :    11955    13812    42014    42768      8 :  98.5  8.8e-04  1.08e-02
1 :         453 :      8     29 :   0  6      15   0  8      67 :    11955    13812    42769    43712      8 :  98.7  1.4e-03  1.03e-02
1 :         454 :      8     30 :   0  6      15   0  8      68 :    11955    13812    43713    45403     12 :  98.6  1.0e-03  1.63e-02
1 :         455 :      8     31 :   0  6      15   0  8      71 :    11955    13812    45404    47057     12 :  98.6  6.7e-04  1.65e-02
1 :         456 :      8     32 :   0  6      15   0  8      72 :    11955    13812    47058    49013     14 :  98.5  5.0e-04  1.99e-02
1 :         457 :      8     33 :   0  6      15   0  8      73 :    11955    13812    49014    49752      7 :  98.7  1.7e-03  1.04e-02
1 :         458 :      8     34 :   0  6      15   0  8      74 :    11955    13812    49753    51606     11 :  98.8  1.3e-03  1.60e-02
1 :         459 :      8     35 :   0  6      15   0  8      75 :    11955    13812    51607    53340     10 :  98.9  2.0e-03  1.53e-02
1 :         460 :      8     36 :   0  6      15   0  8      76 :    11955    13812    53341    54448      8 :  98.8  1.7e-03  1.16e-02
1 :         461 :      8     37 :   0  6      15   0  8      77 :    11955    13812    54449    56151     12 :  98.6  1.1e-03  1.63e-02
1 :         462 :      8     38 :   0  6      15   0  8      78 :    11955    13812    56152    58105     12 :  98.7  1.0e-03  1.77e-02
1 :         463 :      8     39 :   0  6      15   0  8      83 :    11955    13812    58106    60074     16 :  98.3  5.0e-04  2.12e-02
1 :         464 :      8     40 :   0  6      15   0  8      84 :    11955    13812    60075    61735     15 :  98.3  5.0e-04  1.89e-02
0 :         465 :      8     41 :   0  6      15   0  8      85 :    11955    13812    61736    62505      0 :   0.0  7.4e-06  2.19e-01
1 :         466 :      8     42 :   0  6      15   0  8      86 :    11955    13812    62506    64201     14 :  98.4  4.4e-04  1.81e-02
1 :         467 :      8     43 :   0  6      15   0  8      87 :    11955    13812    64202    65898     14 :  98.4  5.0e-04  1.98e-02
1 :         468 :      8     44 :   0  6      15   0  8      88 :    11955    13812    65899    66838     10 :  98.4  6.6e-04  1.31e-02
1 :         469 :      8     45 :   0  6      15   0  8      89 :    11955    13812    66839    68824     12 :  98.7  9.9e-04  1.84e-02
1 :         470 :      8     46 :   0  6      15   0  8      90 :    11955    13812    68825    70511     12 :  98.6  1.0e-03  1.79e-02
1 :         471 :      8     47 :   0  6      15   0  8      93 :    11955    13812    70512    72369     12 :  98.7  9.9e-04  1.81e-02
1 :         472 :      8     48 :   0  6      15   0  8      94 :    11955    13812    72370    73108      8 :  98.5  1.1e-03  1.16e-02
1 :         473 :      8     49 :   0  6      15   0  8      95 :    11955    13812    73109    74219      8 :  98.8  1.5e-03  1.15e-02
1 :         474 :      8     50 :   0  6      15   0  8      96 :    11955    13812    74220    76059     10 :  98.9  1.6e-03  1.60e-02
1 :         475 :      8     51 :   0  6      15   0  8      97 :    11955    13812    76060    77572      9 :  98.9  2.4e-03  1.50e-02
1 :         476 :      8     52 :   0  6      15   0  8      98 :    11955    13812    77573    77654      5 :  93.6  2.2e-03  7.26e-03
1 :         477 :      9      0 :   0  6      16   0  5       1 :    13813    15162        0     1752     10 :  98.7  2.2e-03  1.29e-02
1 :         478 :      9      1 :   0  6      16   0  5       2 :    13813    15162     1753     2514      9 :  98.2  1.3e-03  9.43e-03
1 :         479 :      9      2 :   0  6      16   0  5       3 :    13813    15162     2515     4234     11 :  98.5  2.0e-03  1.36e-02
1 :         480 :      9      3 :   0  6      16   0  5       4 :    13813    15162     4235     4987     10 :  97.9  1.0e-03  9.99e-03
1 :         481 :      9      4 :   0  6      16   0  6       9 :    13813    15162     4988     6868     11 :  98.6  1.8e-03  1.39e-02
1 :         482 :      9      5 :   0  6      16   0  6      11 :    13813    15162     6869     8218     11 :  98.4  1.8e-03  1.24e-02
1 :         483 :      9      6 :   0  6      16   0  6      12 :    13813    15162     8219    10055     12 :  98.5  9.0e-04  1.52e-02
0 :         484 :      9      7 :   0  6      16   0  6      14 :    13813    15162    10056    11954      0 :   0.0  2.9e-06  3.62e-01
0 :         485 :      9      8 :   0  6      16   0  6      15 :    13813    15162    11955    13812      0 :   0.0  2.2e-05  3.55e-01
0 :         486 :      9      9 :   0  6      16   0  6      16 :    13813    15162    13813    15162      0 :   0.0  1.3e-03  2.59e-01
1 :         487 :      9     10 :   0  6      16   0  6      26 :    13813    15162    15163    17042      9 :  98.9  2.2e-03  1.42e-02
1 :         488 :      9     11 :   0  6      16   0  6      27 :    13813    15162    17043    18216      7 :  98.9  3.5e-03  1.05e-02
1 :         489 :      9     12 :   0  6      16   0  6      28 :    13813    15162    18217    20483      8 :  99.1  3.1e-03  1.47e-02
1 :         490 :      9     13 :   0  6      16   0  6      29 :    13813    15162    20484    22354     10 :  98.7  2.0e-03  1.61e-02
1 :         491 :      9     14 :   0  6      16   0  6      31 :    13813    15162    22355    24605      8 :  99.1  3.0e-03  1.63e-02
1 :         492 :      9     15 :   0  6      16   0  6      32 :    13813    15162    24606    25765      7 :  98.9  3.0e-03  1.09e-02
1 :         493 :      9     16 :   0  6      16   0  7      19 :    13813    15162    25766    27455     11 :  98.5  1.0e-03  1.45e-02
1 :         494 :      9     17 :   0  6      16   0  7      20 :    13813    15162    27456    28389     10 :  98.2  9.0e-04  1.10e-02
0 :         495 :      9     18 :   0  6      16   0  7      25 :    13813    15162    28390    30099      0 :   0.0  4.9e-04  3.27e-01
0 :         496 :      9     19 :   0  6      16   0  7      26 :    13813    15162    30100    31020      0 :   0.0  2.9e-05  1.78e-01
1 :         497 :      9     20 :   0  6      16   0  7      35 :    13813    15162    31021    32680     11 :  98.5  9.0e-04  1.38e-02
1 :         498 :      9     21 :   0  6      16   0  7      40 :    13813    15162    32681    34410      9 :  98.8  1.7e-03  1.31e-02
0 :         499 :      9     22 :   0  6      16   0  7      41 :    13813    15162    34411    36062      0 :   0.0  1.7e-05  3.16e-01
1 :         500 :      9     23 :   0  6      16   0  7      46 :    13813    15162    36063    37795      9 :  98.8  1.5e-03  1.24e-02
1 :         501 :      9     24 :   0  6      16   0  7      50 :    13813    15162    37796    38258      6 :  98.3  3.1e-03  6.44e-03
1 :         502 :      9     25 :   0  6      16   0  7      59 :    13813    15162    38259    39857     10 :  98.6  2.0e-03  1.14e-02
1 :         503 :      9     26 :   0  6      16   0  7      60 :    13813    15162    39858    40314      7 :  97.9  2.5e-03  6.73e-03
1 :         504 :      9     27 :   0  6      16   0  8      65 :    13813    15162    40315    42013      9 :  98.8  2.2e-03  1.12e-02
1 :         505 :      9     28 :   0  6      16   0  8      66 :    13813    15162    42014    42768      8 :  98.3  1.8e-03  8.46e-03
1 :         506 :      9     29 :   0  6      16   0  8      67 :    13813    15162    42769    43712      7 :  98.7  2.3e-03  7.78e-03
1 :         507 :      9     30 :   0  6      16   0  8      68 :    13813    15162    43713    45403      9 :  98.8  1.8e-03  1.18e-02
1 :         508 :      9     31 :   0  6      16   0  8      71 :    13813    15162    45404    47057     11 :  98.5  1.4e-03  1.31e-02
1 :         509 :      9     32 :   0  6      16   0  8      72 :    13813    15162    47058    49013     10 :  98.7  1.0e-03  1.40e-02
1 :         510 :      9     33 :   0  6      16   0  8      73 :    13813    15162    49014    49752      6 :  98.7  2.4e-03  7.50e-03
1 :         511 :      9     34 :   0  6      16   0  8      74 :    13813    15162    49753    51606      9 :  98.8  2.0e-03  1.24e-02
1 :         512 :      9     35 :   0  6      16   0  8      75 :    13813    15162    51607    53340      8 :  98.9  2.7e-03  1.22e-02
1 :         513 :      9     36 :   0  6      16   0  8      76 :    13813    15162    53341    54448      7 :  98.8  2.3e-03  9.38e-03
1 :         514 :      9     37 :   0  6      16   0  8      77 :    13813    15162    54449    56151     10 :  98.7  1.7e-03  1.31e-02
1 :         515 :      9     38 :   0  6      16   0  8      78 :    13813    15162    56152    58105     10 :  98.7  1.3e-03  1.47e-02
1 :         516 :      9     39 :   0  6      16   0  8      83 :    13813    15162    58106    60074     12 :  98.5  6.7e-04  1.57e-02
1 :         517 :      9     40 :   0  6      16   0  8      84 :    13813    15162    60075    61735     12 :  98.4  5.0e-04  1.46e-02
0 :         518 :      9     41 :   0  6      16   0  8      85 :    13813    15162    61736    62505      0 :   0.0  2.5e-06  1.51e-01
0 :         519 :      9     42 :   0  6      16   0  8      86 :    13813    15162    62506    64201      0 :   0.0  2.5e-07  3.23e-01
1 :         520 :      9     43 :   0  6      16   0  8      87 :    13813    15162    64202    65898     14 :  98.1  5.0e-04  1.60e-02
1 :         521 :      9     44 :   0  6      16   0  8      88 :    13813    15162    65899    66838     11 :  98.0  5.0e-04  1.05e-02
1 :         522 :      9     45 :   0  6      16   0  8      89 :    13813    15162    66839    68824     11 :  98.6  1.1e-03  1.47e-02
1 :         523 :      9     46 :   0  6      16   0  8      90 :    13813    15162    68825    70511     11 :  98.5  1.0e-03  1.41e-02
1 :         524 :      9     47 :   0  6      16   0  8      93 :    13813    15162    70512    72369     11 :  98.6  9.9e-04  1.48e-02
1 :         525 :      9     48 :   0  6      16   0  8      94 :    13813    15162    72370    73108      9 :  98.1  9.9e-04  8.85e-03
1 :         526 :      9     49 :   0  6      16   0  8      95 :    13813    15162    73109    74219      8 :  98.7  1.5e-03  9.17e-03
1 :         527 :      9     50 :   0  6      16   0  8      96 :    13813    15162    74220    76059     10 :  98.7  1.5e-03  1.38e-02
1 :         528 :      9     51 :   0  6      16   0  8      97 :    13813    15162    76060    77572      8 :  98.9  3.0e-03  1.19e-02
1 :         529 :      9     52 :   0  6      16   0  8      98 :    13813    15162    77573    77654      5 :  93.5  2.7e-03  4.62e-03
1 :         530 :     10      0 :   0  6      26   0  5       1 :    15163    17042        0     1752      9 :  99.0  5.0e-03  1.42e-02
1 :         531 :     10      1 :   0  6      26   0  5       2 :    15163    17042     1753     2514      6 :  98.9  4.0e-03  1.07e-02
1 :         532 :     10      2 :   0  6      26   0  5       3 :    15163    17042     2515     4234      9 :  99.0  5.0e-03  1.54e-02
1 :         533 :     10      3 :   0  6      26   0  5       4 :    15163    17042     4235     4987      6 :  98.9  4.0e-03  1.09e-02
1 :         534 :     10      4 :   0  6      26   0  6       9 :    15163    17042     4988     6868     10 :  98.9  3.0e-03  1.70e-02
1 :         535 :     10      5 :   0  6      26   0  6      11 :    15163    17042     6869     8218     10 :  98.7  2.0e-03  1.56e-02
1 :         536 :     10      6 :   0  6      26   0  6      12 :    15163    17042     8219    10055     12 :  98.7  2.0e-03  1.87e-02
1 :         537 :     10      7 :   0  6      26   0  6      14 :    15163    17042    10056    11954     10 :  98.9  3.1e-03  1.75e-02
1 :         538 :     10      8 :   0  6      26   0  6      15 :    15163    17042    11955    13812     11 :  98.8  2.0e-03  1.87e-02
1 :         539 :     10      9 :   0  6      26   0  6      16 :    15163    17042    13813    15162      9 :  98.9  2.2e-03  1.47e-02
0 :         540 :     10     10 :   0  6      26   0  6      26 :    15163    17042    15163    17042      0 :   0.0  1.3e-03  5.29e-01
0 :         541 :     10     11 :   0  6      26   0  6      27 :    15163    17042    17043    18216      0 :   0.0  3.2e-06  3.33e-01
0 :         542 :     10     12 :   0  6      26   0  6      28 :    15163    17042    18217    20483      0 :   0.0  1.4e-06  6.36e-01
0 :         543 :     10     13 :   0  6      26   0  6      29 :    15163    17042    20484    22354      0 :   0.0  1.1e-05  5.27e-01
0 :         544 :     10     14 :   0  6      26   0  6      31 :    15163    17042    22355    24605      0 :   0.0  6.9e-06  6.34e-01
1 :         545 :     10     15 :   0  6      26   0  6      32 :    15163    17042    24606    25765     10 :  98.6  8.8e-04  1.46e-02
1 :         546 :     10     16 :   0  6      26   0  7      19 :    15163    17042    25766    27455      9 :  99.0  3.5e-03  1.54e-02
1 :         547 :     10     17 :   0  6      26   0  7      20 :    15163    17042    27456    28389      8 :  98.7  3.0e-03  1.20e-02
1 :         548 :     10     18 :   0  6      26   0  7      25 :    15163    17042    28390    30099     10 :  98.9  3.5e-03  1.61e-02
1 :         549 :     10     19 :   0  6      26   0  7      26 :    15163    17042    30100    31020      8 :  98.7  3.0e-03  1.24e-02
1 :         550 :     10     20 :   0  6      26   0  7      35 :    15163    17042    31021    32680     12 :  98.6  1.5e-03  1.72e-02
0 :         551 :     10     21 :   0  6      26   0  7      40 :    15163    17042    32681    34410      0 :   0.0  1.6e-06  4.89e-01
1 :         552 :     10     22 :   0  6      26   0  7      41 :    15163    17042    34411    36062     10 :  98.9  1.5e-03  1.61e-02
0 :         553 :     10     23 :   0  6      26   0  7      46 :    15163    17042    36063    37795      0 :   0.0  1.2e-05  4.89e-01
0 :         554 :     10     24 :   0  6      26   0  7      50 :    15163    17042    37796    38258      0 :   0.0  9.4e-05  1.35e-01
1 :         555 :     10     25 :   0  6      26   0  7      59 :    15163    17042    38259    39857     11 :  98.7  9.4e-04  1.53e-02
1 :         556 :     10     26 :   0  6      26   0  7      60 :    15163    17042    39858    40314      9 :  97.6  9.0e-04  1.04e-02
1 :         557 :     10     27 :   0  6      26   0  8      65 :    15163    17042    40315    42013     11 :  98.8  1.6e-03  1.59e-02
1 :         558 :     10     28 :   0  6      26   0  8      66 :    15163    17042    42014    42768      8 :  98.5  1.5e-03  1.17e-02
1 :         559 :     10     29 :   0  6      26   0  8      67 :    15163    17042    42769    43712     10 :  98.4  1.1e-03  1.19e-02
1 :         560 :     10     30 :   0  6      26   0  8      68 :    15163    17042    43713    45403     12 :  98.7  9.9e-04  1.69e-02
1 :         561 :     10     31 :   0  6      26   0  8      71 :    15163    17042    45404    47057     13 :  98.5  1.0e-03  1.85e-02
1 :         562 :     10     32 :   0  6      26   0  8      72 :    15163    17042    47058    49013     12 :  98.7  9.9e-04  2.01e-02
1 :         563 :     10     33 :   0  6      26   0  8      73 :    15163    17042    49014    49752     10 :  98.1  6.6e-04  1.28e-02
1 :         564 :     10     34 :   0  6      26   0  8      74 :    15163    17042    49753    51606     14 :  98.5  5.0e-04  1.86e-02
1 :         565 :     10     35 :   0  6      26   0  8      75 :    15163    17042    51607    53340     14 :  98.4  4.4e-04  2.00e-02
0 :         566 :     10     36 :   0  6      26   0  8      76 :    15163    17042    53341    54448      0 :   0.0  3.6e-06  3.16e-01
1 :         567 :     10     37 :   0  6      26   0  8      77 :    15163    17042    54449    56151     15 :  98.3  5.0e-04  1.93e-02
1 :         568 :     10     38 :   0  6      26   0  8      78 :    15163    17042    56152    58105     14 :  98.5  5.0e-04  2.11e-02
1 :         569 :     10     39 :   0  6      26   0  8      83 :    15163    17042    58106    60074     12 :  98.8  9.9e-04  2.03e-02
1 :         570 :     10     40 :   0  6      26   0  8      84 :    15163    17042    60075    61735     11 :  98.8  1.1e-03  1.79e-02
1 :         571 :     10     41 :   0  6      26   0  8      85 :    15163    17042    61736    62505      7 :  98.7  1.7e-03  1.13e-02
1 :         572 :     10     42 :   0  6      26   0  8      86 :    15163    17042    62506    64201     10 :  98.9  2.0e-03  1.58e-02
1 :         573 :     10     43 :   0  6      26   0  8      87 :    15163    17042    64202    65898     11 :  98.8  1.3e-03  1.76e-02
1 :         574 :     10     44 :   0  6      26   0  8      88 :    15163    17042    65899    66838      8 :  98.7  1.6e-03  1.22e-02
1 :         575 :     10     45 :   0  6      26   0  8      89 :    15163    17042    66839    68824     13 :  98.7  5.0e-04  1.97e-02
1 :         576 :     10     46 :   0  6      26   0  8      90 :    15163    17042    68825    70511     12 :  98.7  6.7e-04  1.85e-02
1 :         577 :     10     47 :   0  6      26   0  8      93 :    15163    17042    70512    72369     11 :  98.8  1.0e-03  1.74e-02
1 :         578 :     10     48 :   0  6      26   0  8      94 :    15163    17042    72370    73108      7 :  98.7  1.4e-03  1.05e-02
1 :         579 :     10     49 :   0  6      26   0  8      95 :    15163    17042    73109    74219      9 :  98.7  8.8e-04  1.18e-02
1 :         580 :     10     50 :   0  6      26   0  8      96 :    15163    17042    74220    76059     11 :  98.8  1.3e-03  1.67e-02
1 :         581 :     10     51 :   0  6      26   0  8      97 :    15163    17042    76060    77572     16 :  98.1  4.5e-04  1.95e-02
0 :         582 :     10     52 :   0  6      26   0  8      98 :    15163    17042    77573    77654      0 :   0.0  2.1e-05  2.88e-02
1 :         583 :     11      0 :   0  6      27   0  5       1 :    17043    18216        0     1752      7 :  99.0  6.0e-03  1.03e-02
1 :         584 :     11      1 :   0  6      27   0  5       2 :    17043    18216     1753     2514      6 :  98.7  5.0e-03  6.88e-03
1 :         585 :     11      2 :   0  6      27   0  5       3 :    17043    18216     2515     4234      7 :  99.0  6.0e-03  1.01e-02
1 :         586 :     11      3 :   0  6      27   0  5       4 :    17043    18216     4235     4987      6 :  98.7  5.0e-03  6.91e-03
1 :         587 :     11      4 :   0  6      27   0  6       9 :    17043    18216     4988     6868      7 :  99.0  4.0e-03  1.05e-02
1 :         588 :     11      5 :   0  6      27   0  6      11 :    17043    18216     6869     8218      8 :  98.7  3.0e-03  9.54e-03
1 :         589 :     11      6 :   0  6      27   0  6      12 :    17043    18216     8219    10055      7 :  99.0  3.0e-03  1.09e-02
1 :         590 :     11      7 :   0  6      27   0  6      14 :    17043    18216    10056    11954      7 :  99.0  4.3e-03  1.12e-02
1 :         591 :     11      8 :   0  6      27   0  6      15 :    17043    18216    11955    13812      7 :  99.0  3.1e-03  1.12e-02
1 :         592 :     11      9 :   0  6      27   0  6      16 :    17043    18216    13813    15162      7 :  98.9  3.5e-03  9.47e-03
0 :         593 :     11     10 :   0  6      27   0  6      26 :    17043    18216    15163    17042      0 :   0.0  3.2e-06  3.10e-01
0 :         594 :     11     11 :   0  6      27   0  6      27 :    17043    18216    17043    18216      0 :   0.0  1.3e-03  1.95e-01
0 :         595 :     11     12 :   0  6      27   0  6      28 :    17043    18216    18217    20483      0 :   0.0  3.6e-06  3.73e-01
1 :         596 :     11     13 :   0  6      27   0  6      29 :    17043    18216    20484    22354     11 :  98.5  8.8e-04  1.54e-02
1 :         597 :     11     14 :   0  6      27   0  6      31 :    17043    18216    22355    24605     11 :  98.6  8.7e-04  1.65e-02
1 :         598 :     11     15 :   0  6      27   0  6      32 :    17043    18216    24606    25765      9 :  98.5  1.7e-03  1.05e-02
1 :         599 :     11     16 :   0  6      27   0  7      19 :    17043    18216    25766    27455      7 :  99.0  4.5e-03  1.06e-02
1 :         600 :     11     17 :   0  6      27   0  7      20 :    17043    18216    27456    28389      7 :  98.7  4.0e-03  8.18e-03
1 :         601 :     11     18 :   0  6      27   0  7      25 :    17043    18216    28390    30099      7 :  99.0  4.5e-03  1.05e-02
1 :         602 :     11     19 :   0  6      27   0  7      26 :    17043    18216    30100    31020      7 :  98.6  4.1e-03  7.99e-03
1 :         603 :     11     20 :   0  6      27   0  7      35 :    17043    18216    31021    32680      7 :  99.0  2.5e-03  1.05e-02
1 :         604 :     11     21 :   0  6      27   0  7      40 :    17043    18216    32681    34410     10 :  98.6  1.0e-03  1.27e-02
1 :         605 :     11     22 :   0  6      27   0  7      41 :    17043    18216    34411    36062      7 :  99.0  2.6e-03  1.07e-02
1 :         606 :     11     23 :   0  6      27   0  7      46 :    17043    18216    36063    37795      9 :  98.7  1.3e-03  1.20e-02
0 :         607 :     11     24 :   0  6      27   0  7      50 :    17043    18216    37796    38258      0 :   0.0  1.5e-06  7.90e-02
1 :         608 :     11     25 :   0  6      27   0  7      59 :    17043    18216    38259    39857      8 :  98.8  1.9e-03  1.01e-02
1 :         609 :     11     26 :   0  6      27   0  7      60 :    17043    18216    39858    40314      8 :  97.6  1.8e-03  6.06e-03
1 :         610 :     11     27 :   0  6      27   0  8      65 :    17043    18216    40315    42013      8 :  98.8  2.5e-03  1.03e-02
1 :         611 :     11     28 :   0  6      27   0  8      66 :    17043    18216    42014    42768      6 :  98.7  2.5e-03  6.86e-03
1 :         612 :     11     29 :   0  6      27   0  8      67 :    17043    18216    42769    43712      8 :  98.5  2.0e-03  7.58e-03
1 :         613 :     11     30 :   0  6      27   0  8      68 :    17043    18216    43713    45403      9 :  98.7  2.0e-03  1.11e-02
1 :         614 :     11     31 :   0  6      27   0  8      71 :    17043    18216    45404    47057      8 :  98.8  2.0e-03  1.08e-02
1 :         615 :     11     32 :   0  6      27   0  8      72 :    17043    18216    47058    49013      9 :  98.8  2.0e-03  1.27e-02
1 :         616 :     11     33 :   0  6      27   0  8      73 :    17043    18216    49014    49752      7 :  98.5  1.5e-03  7.59e-03
1 :         617 :     11     34 :   0  6      27   0  8      74 :    17043    18216    49753    51606     10 :  98.6  1.5e-03  1.21e-02
1 :         618 :     11     35 :   0  6      27   0  8      75 :    17043    18216    51607    53340      9 :  98.7  9.9e-04  1.20e-02
1 :         619 :     11     36 :   0  6      27   0  8      76 :    17043    18216    53341    54448      9 :  98.4  1.0e-03  9.39e-03
1 :         620 :     11     37 :   0  6      27   0  8      77 :    17043    18216    54449    56151     10 :  98.6  1.5e-03  1.18e-02
1 :         621 :     11     38 :   0  6      27   0  8      78 :    17043    18216    56152    58105     10 :  98.6  1.6e-03  1.33e-02
1 :         622 :     11     39 :   0  6      27   0  8      83 :    17043    18216    58106    60074      7 :  99.0  2.2e-03  1.23e-02
1 :         623 :     11     40 :   0  6      27   0  8      84 :    17043    18216    60075    61735      8 :  98.8  2.4e-03  1.13e-02
1 :         624 :     11     41 :   0  6      27   0  8      85 :    17043    18216    61736    62505      6 :  98.7  3.0e-03  7.12e-03
1 :         625 :     11     42 :   0  6      27   0  8      86 :    17043    18216    62506    64201      7 :  99.0  3.3e-03  9.82e-03
1 :         626 :     11     43 :   0  6      27   0  8      87 :    17043    18216    64202    65898      7 :  99.0  2.6e-03  1.06e-02
1 :         627 :     11     44 :   0  6      27   0  8      88 :    17043    18216    65899    66838      7 :  98.7  3.0e-03  7.58e-03
1 :         628 :     11     45 :   0  6      27   0  8      89 :    17043    18216    66839    68824      9 :  98.8  1.7e-03  1.17e-02
1 :         629 :     11     46 :   0  6      27   0  8      90 :    17043    18216    68825    70511      8 :  98.8  2.0e-03  1.14e-02
1 :         630 :     11     47 :   0  6      27   0  8      93 :    17043    18216    70512    72369      8 :  98.9  2.3e-03  1.17e-02
1 :         631 :     11     48 :   0  6      27   0  8      94 :    17043    18216    72370    73108      6 :  98.7  2.6e-03  7.05e-03
1 :         632 :     11     49 :   0  6      27   0  8      95 :    17043    18216    73109    74219      7 :  98.8  2.0e-03  7.68e-03
1 :         633 :     11     50 :   0  6      27   0  8      96 :    17043    18216    74220    76059      7 :  99.0  2.4e-03  1.06e-02
1 :         634 :     11     51 :   0  6      27   0  8      97 :    17043    18216    76060    77572     12 :  98.2  5.0e-04  1.29e-02
1 :         635 :     11     52 :   0  6      27   0  8      98 :    17043    18216    77573    77654      9 :  88.3  5.0e-04  4.90e-03
1 :         636 :     12      0 :   0  6      28   0  5       1 :    18217    20483        0     1752      9 :  99.1  6.0e-03  1.50e-02
1 :         637 :     12      1 :   0  6      28   0  5       2 :    18217    20483     1753     2514      6 :  98.9  5.0e-03  1.19e-02
1 :         638 :     12      2 :   0  6      28   0  5       3 :    18217    20483     2515     4234      9 :  99.1  6.0e-03  1.59e-02
1 :         639 :     12      3 :   0  6      28   0  5       4 :    18217    20483     4235     4987      6 :  98.9  5.0e-03  1.17e-02
1 :         640 :     12      4 :   0  6      28   0  6       9 :    18217    20483     4988     6868      9 :  99.1  4.0e-03  1.80e-02
1 :         641 :     12      5 :   0  6      28   0  6      11 :    18217    20483     6869     8218      9 :  98.9  3.0e-03  1.39e-02
1 :         642 :     12      6 :   0  6      28   0  6      12 :    18217    20483     8219    10055      9 :  99.1  3.0e-03  1.75e-02
1 :         643 :     12      7 :   0  6      28   0  6      14 :    18217    20483    10056    11954      9 :  99.1  4.1e-03  1.94e-02
1 :         644 :     12      8 :   0  6      28   0  6      15 :    18217    20483    11955    13812      9 :  99.1  3.0e-03  1.42e-02
1 :         645 :     12      9 :   0  6      28   0  6      16 :    18217    20483    13813    15162      8 :  99.1  3.1e-03  1.38e-02
0 :         646 :     12     10 :   0  6      28   0  6      26 :    18217    20483    15163    17042      0 :   0.0  1.4e-06  6.78e-01
0 :         647 :     12     11 :   0  6      28   0  6      27 :    18217    20483    17043    18216      0 :   0.0  3.6e-06  4.25e-01
0 :         648 :     12     12 :   0  6      28   0  6      28 :    18217    20483    18217    20483      0 :   0.0  1.3e-03  8.17e-01
0 :         649 :     12     13 :   0  6      28   0  6      29 :    18217    20483    20484    22354      0 :   0.0  6.0e-06  6.73e-01
0 :         650 :     12     14 :   0  6      28   0  6      31 :    18217    20483    22355    24605      0 :   0.0  1.1e-06  8.13e-01
1 :         651 :     12     15 :   0  6      28   0  6      32 :    18217    20483    24606    25765     11 :  98.6  8.7e-04  1.56e-02
1 :         652 :     12     16 :   0  6      28   0  7      19 :    18217    20483    25766    27455      9 :  99.1  4.5e-03  1.52e-02
1 :         653 :     12     17 :   0  6      28   0  7      20 :    18217    20483    27456    28389      7 :  98.9  4.0e-03  1.20e-02
1 :         654 :     12     18 :   0  6      28   0  7      25 :    18217    20483    28390    30099      9 :  99.1  4.5e-03  1.57e-02
1 :         655 :     12     19 :   0  6      28   0  7      26 :    18217    20483    30100    31020      7 :  98.9  4.0e-03  1.26e-02
1 :         656 :     12     20 :   0  6      28   0  7      35 :    18217    20483    31021    32680     10 :  99.0  2.5e-03  1.35e-02
1 :         657 :     12     21 :   0  6      28   0  7      40 :    18217    20483    32681    34410     12 :  98.8  9.9e-04  1.80e-02
1 :         658 :     12     22 :   0  6      28   0  7      41 :    18217    20483    34411    36062     10 :  99.0  2.5e-03  1.55e-02
1 :         659 :     12     23 :   0  6      28   0  7      46 :    18217    20483    36063    37795     11 :  98.9  1.0e-03  1.73e-02
0 :         660 :     12     24 :   0  6      28   0  7      50 :    18217    20483    37796    38258      0 :   0.0  9.6e-05  1.73e-01
1 :         661 :     12     25 :   0  6      28   0  7      59 :    18217    20483    38259    39857     10 :  98.9  1.1e-03  1.36e-02
1 :         662 :     12     26 :   0  6      28   0  7      60 :    18217    20483    39858    40314      9 :  97.6  8.9e-04  1.16e-02
1 :         663 :     12     27 :   0  6      28   0  8      65 :    18217    20483    40315    42013     10 :  99.0  2.5e-03  1.55e-02
1 :         664 :     12     28 :   0  6      28   0  8      66 :    18217    20483    42014    42768      6 :  98.9  2.5e-03  1.11e-02
1 :         665 :     12     29 :   0  6      28   0  8      67 :    18217    20483    42769    43712      7 :  98.9  2.0e-03  9.16e-03
1 :         666 :     12     30 :   0  6      28   0  8      68 :    18217    20483    43713    45403     10 :  99.0  2.0e-03  1.67e-02
1 :         667 :     12     31 :   0  6      28   0  8      71 :    18217    20483    45404    47057     10 :  99.0  2.0e-03  1.72e-02
1 :         668 :     12     32 :   0  6      28   0  8      72 :    18217    20483    47058    49013     10 :  99.0  2.0e-03  1.93e-02
1 :         669 :     12     33 :   0  6      28   0  8      73 :    18217    20483    49014    49752      7 :  98.7  1.6e-03  9.45e-03
1 :         670 :     12     34 :   0  6      28   0  8      74 :    18217    20483    49753    51606     11 :  98.9  1.5e-03  1.77e-02
1 :         671 :     12     35 :   0  6      28   0  8      75 :    18217    20483    51607    53340     11 :  98.9  1.1e-03  1.85e-02
1 :         672 :     12     36 :   0  6      28   0  8      76 :    18217    20483    53341    54448      9 :  98.8  1.0e-03  1.36e-02
1 :         673 :     12     37 :   0  6      28   0  8      77 :    18217    20483    54449    56151     11 :  98.9  1.5e-03  1.71e-02
1 :         674 :     12     38 :   0  6      28   0  8      78 :    18217    20483    56152    58105     11 :  99.0  1.5e-03  1.94e-02
1 :         675 :     12     39 :   0  6      28   0  8      83 :    18217    20483    58106    60074     10 :  99.1  2.0e-03  1.82e-02
1 :         676 :     12     40 :   0  6      28   0  8      84 :    18217    20483    60075    61735     10 :  99.0  2.0e-03  1.75e-02
1 :         677 :     12     41 :   0  6      28   0  8      85 :    18217    20483    61736    62505      6 :  99.0  2.6e-03  8.48e-03
1 :         678 :     12     42 :   0  6      28   0  8      86 :    18217    20483    62506    64201      9 :  99.1  2.8e-03  1.50e-02
1 :         679 :     12     43 :   0  6      28   0  8      87 :    18217    20483    64202    65898     10 :  99.0  2.2e-03  1.68e-02
1 :         680 :     12     44 :   0  6      28   0  8      88 :    18217    20483    65899    66838      7 :  98.9  2.4e-03  1.14e-02
1 :         681 :     12     45 :   0  6      28   0  8      89 :    18217    20483    66839    68824     11 :  99.0  1.5e-03  1.69e-02
1 :         682 :     12     46 :   0  6      28   0  8      90 :    18217    20483    68825    70511     10 :  99.0  1.6e-03  1.69e-02
1 :         683 :     12     47 :   0  6      28   0  8      93 :    18217    20483    70512    72369     10 :  99.0  1.7e-03  1.68e-02
1 :         684 :     12     48 :   0  6      28   0  8      94 :    18217    20483    72370    73108      6 :  98.9  2.0e-03  1.01e-02
1 :         685 :     12     49 :   0  6      28   0  8      95 :    18217    20483    73109    74219      9 :  98.8  1.3e-03  1.24e-02
1 :         686 :     12     50 :   0  6      28   0  8      96 :    18217    20483    74220    76059     10 :  99.0  1.6e-03  1.57e-02
1 :         687 :     12     51 :   0  6      28   0  8      97 :    18217    20483    76060    77572     11 :  98.8  6.7e-04  1.66e-02
1 :         688 :     12     52 :   0  6      28   0  8      98 :    18217    20483    77573    77654      9 :  88.6  5.0e-04  9.25e-03
1 :         689 :     13      0 :   0  6      29   0  5       1 :    20484    22354        0     1752      9 :  99.0  5.0e-03  1.36e-02
1 :         690 :     13      1 :   0  6      29   0  5       2 :    20484    22354     1753     2514      6 :  98.9  4.0e-03  9.88e-03
1 :         691 :     13      2 :   0  6      29   0  5       3 :    20484    22354     2515     4234      9 :  99.0  5.0e-03  1.36e-02
1 :         692 :     13      3 :   0  6      29   0  5       4 :    20484    22354     4235     4987      6 :  98.9  4.0e-03  9.76e-03
1 :         693 :     13      4 :   0  6      29   0  6       9 :    20484    22354     4988     6868      9 :  99.0  3.1e-03  1.42e-02
1 :         694 :     13      5 :   0  6      29   0  6      11 :    20484    22354     6869     8218     11 :  98.6  2.2e-03  1.54e-02
1 :         695 :     13      6 :   0  6      29   0  6      12 :    20484    22354     8219    10055     12 :  98.7  2.0e-03  1.73e-02
1 :         696 :     13      7 :   0  6      29   0  6      14 :    20484    22354    10056    11954      9 :  99.0  3.0e-03  1.58e-02
1 :         697 :     13      8 :   0  6      29   0  6      15 :    20484    22354    11955    13812     11 :  98.8  2.0e-03  1.70e-02
1 :         698 :     13      9 :   0  6      29   0  6      16 :    20484    22354    13813    15162     10 :  98.7  2.0e-03  1.38e-02
0 :         699 :     13     10 :   0  6      29   0  6      26 :    20484    22354    15163    17042      0 :   0.0  1.1e-05  5.31e-01
1 :         700 :     13     11 :   0  6      29   0  6      27 :    20484    22354    17043    18216     10 :  98.6  8.8e-04  1.33e-02
0 :         701 :     13     12 :   0  6      29   0  6      28 :    20484    22354    18217    20483      0 :   0.0  6.0e-06  6.40e-01
0 :         702 :     13     13 :   0  6      29   0  6      29 :    20484    22354    20484    22354      0 :   0.0  1.3e-03  5.32e-01
0 :         703 :     13     14 :   0  6      29   0  6      31 :    20484    22354    22355    24605      0 :   0.0  1.7e-06  6.35e-01
0 :         704 :     13     15 :   0  6      29   0  6      32 :    20484    22354    24606    25765      0 :   0.0  1.4e-05  3.30e-01
1 :         705 :     13     16 :   0  6      29   0  7      19 :    20484    22354    25766    27455      9 :  99.0  3.5e-03  1.44e-02
1 :         706 :     13     17 :   0  6      29   0  7      20 :    20484    22354    27456    28389      7 :  98.9  3.0e-03  1.04e-02
1 :         707 :     13     18 :   0  6      29   0  7      25 :    20484    22354    28390    30099      9 :  99.0  3.5e-03  1.44e-02
1 :         708 :     13     19 :   0  6      29   0  7      26 :    20484    22354    30100    31020      7 :  98.9  3.0e-03  1.08e-02
1 :         709 :     13     20 :   0  6      29   0  7      35 :    20484    22354    31021    32680     12 :  98.6  1.5e-03  1.61e-02
0 :         710 :     13     21 :   0  6      29   0  7      40 :    20484    22354    32681    34410      0 :   0.0  1.1e-05  4.89e-01
1 :         711 :     13     22 :   0  6      29   0  7      41 :    20484    22354    34411    36062     11 :  98.7  1.5e-03  1.69e-02
0 :         712 :     13     23 :   0  6      29   0  7      46 :    20484    22354    36063    37795      0 :   0.0  2.0e-06  4.92e-01
1 :         713 :     13     24 :   0  6      29   0  7      50 :    20484    22354    37796    38258      9 :  97.6  9.7e-04  1.11e-02
0 :         714 :     13     25 :   0  6      29   0  7      59 :    20484    22354    38259    39857      0 :   0.0  7.0e-05  4.54e-01
0 :         715 :     13     26 :   0  6      29   0  7      60 :    20484    22354    39858    40314      0 :   0.0  2.9e-05  1.35e-01
1 :         716 :     13     27 :   0  6      29   0  8      65 :    20484    22354    40315    42013     10 :  98.9  2.0e-03  1.47e-02
1 :         717 :     13     28 :   0  6      29   0  8      66 :    20484    22354    42014    42768      6 :  98.9  1.7e-03  1.04e-02
1 :         718 :     13     29 :   0  6      29   0  8      67 :    20484    22354    42769    43712      8 :  98.7  1.6e-03  1.14e-02
1 :         719 :     13     30 :   0  6      29   0  8      68 :    20484    22354    43713    45403     11 :  98.8  1.3e-03  1.72e-02
1 :         720 :     13     31 :   0  6      29   0  8      71 :    20484    22354    45404    47057     11 :  98.7  1.1e-03  1.71e-02
1 :         721 :     13     32 :   0  6      29   0  8      72 :    20484    22354    47058    49013     13 :  98.6  9.9e-04  2.00e-02
1 :         722 :     13     33 :   0  6      29   0  8      73 :    20484    22354    49014    49752      8 :  98.5  1.4e-03  1.14e-02
1 :         723 :     13     34 :   0  6      29   0  8      74 :    20484    22354    49753    51606     12 :  98.7  1.0e-03  1.75e-02
1 :         724 :     13     35 :   0  6      29   0  8      75 :    20484    22354    51607    53340     11 :  98.8  1.3e-03  1.78e-02
1 :         725 :     13     36 :   0  6      29   0  8      76 :    20484    22354    53341    54448      9 :  98.7  8.8e-04  1.36e-02
1 :         726 :     13     37 :   0  6      29   0  8      77 :    20484    22354    54449    56151     12 :  98.7  6.7e-04  1.68e-02
1 :         727 :     13     38 :   0  6      29   0  8      78 :    20484    22354    56152    58105     13 :  98.6  5.0e-04  2.02e-02
1 :         728 :     13     39 :   0  6      29   0  8      83 :    20484    22354    58106    60074     12 :  98.7  9.9e-04  1.97e-02
1 :         729 :     13     40 :   0  6      29   0  8      84 :    20484    22354    60075    61735     13 :  98.5  1.0e-03  1.86e-02
1 :         730 :     13     41 :   0  6      29   0  8      85 :    20484    22354    61736    62505      7 :  98.7  1.5e-03  1.10e-02
1 :         731 :     13     42 :   0  6      29   0  8      86 :    20484    22354    62506    64201     10 :  98.9  1.6e-03  1.56e-02
1 :         732 :     13     43 :   0  6      29   0  8      87 :    20484    22354    64202    65898     12 :  98.7  9.9e-04  1.85e-02
1 :         733 :     13     44 :   0  6      29   0  8      88 :    20484    22354    65899    66838      9 :  98.6  1.1e-03  1.25e-02
1 :         734 :     13     45 :   0  6      29   0  8      89 :    20484    22354    66839    68824     15 :  98.4  5.0e-04  2.07e-02
1 :         735 :     13     46 :   0  6      29   0  8      90 :    20484    22354    68825    70511     16 :  98.2  5.0e-04  2.10e-02
1 :         736 :     13     47 :   0  6      29   0  8      93 :    20484    22354    70512    72369     13 :  98.6  5.0e-04  1.91e-02
1 :         737 :     13     48 :   0  6      29   0  8      94 :    20484    22354    72370    73108     10 :  98.1  6.7e-04  1.25e-02
0 :         738 :     13     49 :   0  6      29   0  8      95 :    20484    22354    73109    74219      0 :   0.0  1.5e-05  3.21e-01
1 :         739 :     13     50 :   0  6      29   0  8      96 :    20484    22354    74220    76059     14 :  98.5  4.5e-04  2.01e-02
1 :         740 :     13     51 :   0  6      29   0  8      97 :    20484    22354    76060    77572     10 :  98.8  1.3e-03  1.67e-02
1 :         741 :     13     52 :   0  6      29   0  8      98 :    20484    22354    77573    77654      8 :  89.8  9.0e-04  8.87e-03
1 :         742 :     14      0 :   0  6      31   0  5       1 :    22355    24605        0     1752      9 :  99.1  6.0e-03  1.71e-02
1 :         743 :     14      1 :   0  6      31   0  5       2 :    22355    24605     1753     2514      6 :  98.9  5.0e-03  1.26e-02
1 :         744 :     14      2 :   0  6      31   0  5       3 :    22355    24605     2515     4234      9 :  99.1  6.0e-03  1.69e-02
1 :         745 :     14      3 :   0  6      31   0  5       4 :    22355    24605     4235     4987      6 :  98.9  5.0e-03  1.20e-02
1 :         746 :     14      4 :   0  6      31   0  6       9 :    22355    24605     4988     6868      9 :  99.1  4.1e-03  1.76e-02
1 :         747 :     14      5 :   0  6      31   0  6      11 :    22355    24605     6869     8218      8 :  99.1  3.1e-03  1.53e-02
1 :         748 :     14      6 :   0  6      31   0  6      12 :    22355    24605     8219    10055      9 :  99.1  3.0e-03  1.76e-02
1 :         749 :     14      7 :   0  6      31   0  6      14 :    22355    24605    10056    11954      9 :  99.1  4.0e-03  1.80e-02
1 :         750 :     14      8 :   0  6      31   0  6      15 :    22355    24605    11955    13812      9 :  99.1  3.0e-03  1.74e-02
1 :         751 :     14      9 :   0  6      31   0  6      16 :    22355    24605    13813    15162      9 :  98.9  3.0e-03  1.60e-02
0 :         752 :     14     10 :   0  6      31   0  6      26 :    22355    24605    15163    17042      0 :   0.0  6.9e-06  6.84e-01
1 :         753 :     14     11 :   0  6      31   0  6      27 :    22355    24605    17043    18216     12 :  98.4  8.7e-04  1.67e-02
0 :         754 :     14     12 :   0  6      31   0  6      28 :    22355    24605    18217    20483      0 :   0.0  1.1e-06  8.28e-01
0 :         755 :     14     13 :   0  6      31   0  6      29 :    22355    24605    20484    22354      0 :   0.0  1.7e-06  6.83e-01
0 :         756 :     14     14 :   0  6      31   0  6      31 :    22355    24605    22355    24605      0 :   0.0  1.3e-03  8.20e-01
0 :         757 :     14     15 :   0  6      31   0  6      32 :    22355    24605    24606    25765      0 :   0.0  4.6e-06  4.26e-01
1 :         758 :     14     16 :   0  6      31   0  7      19 :    22355    24605    25766    27455      9 :  99.1  4.5e-03  1.67e-02
1 :         759 :     14     17 :   0  6      31   0  7      20 :    22355    24605    27456    28389      7 :  98.9  4.0e-03  1.25e-02
1 :         760 :     14     18 :   0  6      31   0  7      25 :    22355    24605    28390    30099      9 :  99.1  4.5e-03  1.67e-02
1 :         761 :     14     19 :   0  6      31   0  7      26 :    22355    24605    30100    31020      7 :  98.9  4.0e-03  1.26e-02
1 :         762 :     14     20 :   0  6      31   0  7      35 :    22355    24605    31021    32680      9 :  99.1  2.5e-03  1.59e-02
1 :         763 :     14     21 :   0  6      31   0  7      40 :    22355    24605    32681    34410     11 :  98.9  9.9e-04  1.87e-02
1 :         764 :     14     22 :   0  6      31   0  7      41 :    22355    24605    34411    36062      9 :  99.1  2.5e-03  1.86e-02
1 :         765 :     14     23 :   0  6      31   0  7      46 :    22355    24605    36063    37795     12 :  98.8  9.9e-04  1.97e-02
1 :         766 :     14     24 :   0  6      31   0  7      50 :    22355    24605    37796    38258      8 :  97.9  9.7e-04  1.21e-02
1 :         767 :     14     25 :   0  6      31   0  7      59 :    22355    24605    38259    39857     13 :  98.6  5.0e-04  1.86e-02
0 :         768 :     14     26 :   0  6      31   0  7      60 :    22355    24605    39858    40314      0 :   0.0  2.0e-05  1.72e-01
1 :         769 :     14     27 :   0  6      31   0  8      65 :    22355    24605    40315    42013      9 :  99.1  2.8e-03  1.63e-02
1 :         770 :     14     28 :   0  6      31   0  8      66 :    22355    24605    42014    42768      6 :  98.9  2.6e-03  1.23e-02
1 :         771 :     14     29 :   0  6      31   0  8      67 :    22355    24605    42769    43712      7 :  98.9  2.4e-03  1.21e-02
1 :         772 :     14     30 :   0  6      31   0  8      68 :    22355    24605    43713    45403      9 :  99.1  2.2e-03  1.66e-02
1 :         773 :     14     31 :   0  6      31   0  8      71 :    22355    24605    45404    47057     10 :  99.0  2.0e-03  1.78e-02
1 :         774 :     14     32 :   0  6      31   0  8      72 :    22355    24605    47058    49013     10 :  99.0  2.0e-03  1.96e-02
1 :         775 :     14     33 :   0  6      31   0  8      73 :    22355    24605    49014    49752      6 :  98.9  2.0e-03  1.24e-02
1 :         776 :     14     34 :   0  6      31   0  8      74 :    22355    24605    49753    51606     10 :  99.0  1.7e-03  1.87e-02
1 :         777 :     14     35 :   0  6      31   0  8      75 :    22355    24605    51607    53340     10 :  99.0  1.6e-03  1.92e-02
1 :         778 :     14     36 :   0  6      31   0  8      76 :    22355    24605    53341    54448      8 :  98.9  1.3e-03  1.48e-02
1 :         779 :     14     37 :   0  6      31   0  8      77 :    22355    24605    54449    56151     11 :  98.9  1.6e-03  1.81e-02
1 :         780 :     14     38 :   0  6      31   0  8      78 :    22355    24605    56152    58105     11 :  98.9  1.5e-03  2.07e-02
1 :         781 :     14     39 :   0  6      31   0  8      83 :    22355    24605    58106    60074      9 :  99.1  2.0e-03  1.96e-02
1 :         782 :     14     40 :   0  6      31   0  8      84 :    22355    24605    60075    61735     10 :  99.0  2.0e-03  1.87e-02
1 :         783 :     14     41 :   0  6      31   0  8      85 :    22355    24605    61736    62505      6 :  99.0  2.5e-03  1.25e-02
1 :         784 :     14     42 :   0  6      31   0  8      86 :    22355    24605    62506    64201      9 :  99.1  2.5e-03  1.70e-02
1 :         785 :     14     43 :   0  6      31   0  8      87 :    22355    24605    64202    65898     10 :  99.0  2.0e-03  2.04e-02
1 :         786 :     14     44 :   0  6      31   0  8      88 :    22355    24605    65899    66838      7 :  98.9  2.0e-03  1.46e-02
1 :         787 :     14     45 :   0  6      31   0  8      89 :    22355    24605    66839    68824     11 :  99.0  1.5e-03  2.21e-02
1 :         788 :     14     46 :   0  6      31   0  8      90 :    22355    24605    68825    70511     11 :  98.9  1.5e-03  2.08e-02
1 :         789 :     14     47 :   0  6      31   0  8      93 :    22355    24605    70512    72369     12 :  98.8  1.5e-03  2.15e-02
1 :         790 :     14     48 :   0  6      31   0  8      94 :    22355    24605    72370    73108      7 :  98.7  1.6e-03  1.31e-02
1 :         791 :     14     49 :   0  6      31   0  8      95 :    22355    24605    73109    74219     10 :  98.7  9.9e-04  1.48e-02
1 :         792 :     14     50 :   0  6      31   0  8      96 :    22355    24605    74220    76059     12 :  98.8  1.1e-03  2.06e-02
1 :         793 :     14     51 :   0  6      31   0  8      97 :    22355    24605    76060    77572      9 :  99.0  1.4e-03  1.73e-02
1 :         794 :     14     52 :   0  6      31   0  8      98 :    22355    24605    77573    77654      7 :  91.2  1.0e-03  1.04e-02
1 :         795 :     15      0 :   0  6      32   0  5       1 :    24606    25765        0     1752      7 :  99.0  6.0e-03  1.12e-02
1 :         796 :     15      1 :   0  6      32   0  5       2 :    24606    25765     1753     2514      6 :  98.7  5.0e-03  7.30e-03
1 :         797 :     15      2 :   0  6      32   0  5       3 :    24606    25765     2515     4234      7 :  99.0  6.0e-03  1.07e-02
1 :         798 :     15      3 :   0  6      32   0  5       4 :    24606    25765     4235     4987      7 :  98.5  5.0e-03  8.21e-03
1 :         799 :     15      4 :   0  6      32   0  6       9 :    24606    25765     4988     6868      7 :  99.0  4.3e-03  1.15e-02
1 :         800 :     15      5 :   0  6      32   0  6      11 :    24606    25765     6869     8218      8 :  98.7  3.5e-03  1.09e-02
1 :         801 :     15      6 :   0  6      32   0  6      12 :    24606    25765     8219    10055      8 :  98.9  3.1e-03  1.20e-02
1 :         802 :     15      7 :   0  6      32   0  6      14 :    24606    25765    10056    11954      7 :  99.0  4.0e-03  1.16e-02
1 :         803 :     15      8 :   0  6      32   0  6      15 :    24606    25765    11955    13812      8 :  98.9  3.0e-03  1.22e-02
1 :         804 :     15      9 :   0  6      32   0  6      16 :    24606    25765    13813    15162      8 :  98.7  3.0e-03  1.05e-02
1 :         805 :     15     10 :   0  6      32   0  6      26 :    24606    25765    15163    17042     10 :  98.6  8.8e-04  1.31e-02
1 :         806 :     15     11 :   0  6      32   0  6      27 :    24606    25765    17043    18216     10 :  98.3  1.7e-03  1.02e-02
1 :         807 :     15     12 :   0  6      32   0  6      28 :    24606    25765    18217    20483     11 :  98.6  8.7e-04  1.48e-02
0 :         808 :     15     13 :   0  6      32   0  6      29 :    24606    25765    20484    22354      0 :   0.0  1.4e-05  3.94e-01
0 :         809 :     15     14 :   0  6      32   0  6      31 :    24606    25765    22355    24605      0 :   0.0  4.6e-06  3.80e-01
0 :         810 :     15     15 :   0  6      32   0  6      32 :    24606    25765    24606    25765      0 :   0.0  1.3e-03  1.96e-01
1 :         811 :     15     16 :   0  6      32   0  7      19 :    24606    25765    25766    27455      7 :  99.0  4.6e-03  1.03e-02
1 :         812 :     15     17 :   0  6      32   0  7      20 :    24606    25765    27456    28389      7 :  98.6  4.1e-03  7.37e-03
1 :         813 :     15     18 :   0  6      32   0  7      25 :    24606    25765    28390    30099      8 :  98.8  4.5e-03  1.03e-02
1 :         814 :     15     19 :   0  6      32   0  7      26 :    24606    25765    30100    31020      7 :  98.6  4.0e-03  7.54e-03
1 :         815 :     15     20 :   0  6      32   0  7      35 :    24606    25765    31021    32680      8 :  98.8  2.6e-03  1.11e-02
1 :         816 :     15     21 :   0  6      32   0  7      40 :    24606    25765    32681    34410      9 :  98.7  1.3e-03  1.51e-02
1 :         817 :     15     22 :   0  6      32   0  7      41 :    24606    25765    34411    36062      8 :  98.8  2.5e-03  1.69e-02
1 :         818 :     15     23 :   0  6      32   0  7      46 :    24606    25765    36063    37795     10 :  98.6  9.9e-04  1.57e-02
1 :         819 :     15     24 :   0  6      32   0  7      50 :    24606    25765    37796    38258      8 :  97.6  1.8e-03  9.06e-03
1 :         820 :     15     25 :   0  6      32   0  7      59 :    24606    25765    38259    39857     13 :  98.1  5.0e-04  1.25e-02
0 :         821 :     15     26 :   0  6      32   0  7      60 :    24606    25765    39858    40314      0 :   0.0  9.7e-07  7.73e-02
1 :         822 :     15     27 :   0  6      32   0  8      65 :    24606    25765    40315    42013      8 :  98.8  3.3e-03  1.03e-02
1 :         823 :     15     28 :   0  6      32   0  8      66 :    24606    25765    42014    42768      7 :  98.5  3.0e-03  7.19e-03
1 :         824 :     15     29 :   0  6      32   0  8      67 :    24606    25765    42769    43712      8 :  98.5  3.0e-03  7.24e-03
1 :         825 :     15     30 :   0  6      32   0  8      68 :    24606    25765    43713    45403      8 :  98.8  2.6e-03  1.04e-02
1 :         826 :     15     31 :   0  6      32   0  8      71 :    24606    25765    45404    47057      8 :  98.8  2.4e-03  1.14e-02
1 :         827 :     15     32 :   0  6      32   0  8      72 :    24606    25765    47058    49013      8 :  98.9  2.2e-03  2.21e-02
1 :         828 :     15     33 :   0  6      32   0  8      73 :    24606    25765    49014    49752      7 :  98.4  2.6e-03  1.05e-02
1 :         829 :     15     34 :   0  6      32   0  8      74 :    24606    25765    49753    51606      8 :  98.9  2.3e-03  2.30e-02
1 :         830 :     15     35 :   0  6      32   0  8      75 :    24606    25765    51607    53340      8 :  98.8  2.4e-03  1.63e-02
1 :         831 :     15     36 :   0  6      32   0  8      76 :    24606    25765    53341    54448      8 :  98.6  2.0e-03  1.34e-02
1 :         832 :     15     37 :   0  6      32   0  8      77 :    24606    25765    54449    56151      8 :  98.8  2.0e-03  1.35e-02
1 :         833 :     15     38 :   0  6      32   0  8      78 :    24606    25765    56152    58105      8 :  98.9  1.7e-03  1.51e-02
1 :         834 :     15     39 :   0  6      32   0  8      83 :    24606    25765    58106    60074      8 :  98.9  2.0e-03  1.34e-02
1 :         835 :     15     40 :   0  6      32   0  8      84 :    24606    25765    60075    61735      8 :  98.8  2.0e-03  1.14e-02
1 :         836 :     15     41 :   0  6      32   0  8      85 :    24606    25765    61736    62505      7 :  98.5  2.5e-03  7.43e-03
1 :         837 :     15     42 :   0  6      32   0  8      86 :    24606    25765    62506    64201      8 :  98.8  2.5e-03  1.05e-02
1 :         838 :     15     43 :   0  6      32   0  8      87 :    24606    25765    64202    65898      8 :  98.8  2.0e-03  1.14e-02
1 :         839 :     15     44 :   0  6      32   0  8      88 :    24606    25765    65899    66838      8 :  98.5  2.0e-03  8.56e-03
1 :         840 :     15     45 :   0  6      32   0  8      89 :    24606    25765    66839    68824      9 :  98.8  1.6e-03  1.22e-02
1 :         841 :     15     46 :   0  6      32   0  8      90 :    24606    25765    68825    70511      9 :  98.7  1.5e-03  1.26e-02
1 :         842 :     15     47 :   0  6      32   0  8      93 :    24606    25765    70512    72369     10 :  98.6  1.5e-03  1.34e-02
1 :         843 :     15     48 :   0  6      32   0  8      94 :    24606    25765    72370    73108      8 :  98.2  1.5e-03  8.17e-03
1 :         844 :     15     49 :   0  6      32   0  8      95 :    24606    25765    73109    74219     10 :  98.2  9.9e-04  9.28e-03
1 :         845 :     15     50 :   0  6      32   0  8      96 :    24606    25765    74220    76059      9 :  98.7  9.9e-04  1.21e-02
1 :         846 :     15     51 :   0  6      32   0  8      97 :    24606    25765    76060    77572      8 :  98.8  2.2e-03  1.37e-02
1 :         847 :     15     52 :   0  6      32   0  8      98 :    24606    25765    77573    77654      6 :  92.2  1.8e-03  4.53e-03
1 :         848 :     16      0 :   0  7      19   0  5       1 :    25766    27455        0     1752     15 :  98.3  1.0e-03  1.71e-02
0 :         849 :     16      1 :   0  7      19   0  5       2 :    25766    27455     1753     2514      0 :   0.0  2.5e-06  1.97e-01
1 :         850 :     16      2 :   0  7      19   0  5       3 :    25766    27455     2515     4234     14 :  98.4  1.0e-03  1.71e-02
0 :         851 :     16      3 :   0  7      19   0  5       4 :    25766    27455     4235     4987      0 :   0.0  7.7e-06  1.87e-01
0 :         852 :     16      4 :   0  7      19   0  6       9 :    25766    27455     4988     6868      0 :   0.0  1.4e-06  4.62e-01
0 :         853 :     16      5 :   0  7      19   0  6      11 :    25766    27455     6869     8218      0 :   0.0  5.0e-04  3.31e-01
0 :         854 :     16      6 :   0  7      19   0  6      12 :    25766    27455     8219    10055      0 :   0.0  5.0e-04  4.49e-01
1 :         855 :     16      7 :   0  7      19   0  6      14 :    25766    27455    10056    11954     13 :  98.5  8.7e-04  1.80e-02
0 :         856 :     16      8 :   0  7      19   0  6      15 :    25766    27455    11955    13812      0 :   0.0  5.0e-04  4.54e-01
1 :         857 :     16      9 :   0  7      19   0  6      16 :    25766    27455    13813    15162     10 :  98.7  1.0e-03  1.39e-02
1 :         858 :     16     10 :   0  7      19   0  6      26 :    25766    27455    15163    17042     10 :  98.9  3.5e-03  1.67e-02
1 :         859 :     16     11 :   0  7      19   0  6      27 :    25766    27455    17043    18216      7 :  99.0  4.5e-03  1.16e-02
1 :         860 :     16     12 :   0  7      19   0  6      28 :    25766    27455    18217    20483      9 :  99.1  4.5e-03  1.69e-02
1 :         861 :     16     13 :   0  7      19   0  6      29 :    25766    27455    20484    22354     10 :  98.9  3.5e-03  1.67e-02
1 :         862 :     16     14 :   0  7      19   0  6      31 :    25766    27455    22355    24605      9 :  99.1  4.5e-03  1.82e-02
1 :         863 :     16     15 :   0  7      19   0  6      32 :    25766    27455    24606    25765      7 :  99.0  4.6e-03  1.18e-02
0 :         864 :     16     16 :   0  7      19   0  7      19 :    25766    27455    25766    27455      0 :   0.0  1.0e-03  4.13e-01
0 :         865 :     16     17 :   0  7      19   0  7      20 :    25766    27455    27456    28389      0 :   0.0  4.2e-07  2.33e-01
0 :         866 :     16     18 :   0  7      19   0  7      25 :    25766    27455    28390    30099      0 :   0.0  6.9e-07  4.18e-01
0 :         867 :     16     19 :   0  7      19   0  7      26 :    25766    27455    30100    31020      0 :   0.0  9.0e-06  2.27e-01
1 :         868 :     16     20 :   0  7      19   0  7      35 :    25766    27455    31021    32680     12 :  98.6  1.5e-03  1.55e-02
1 :         869 :     16     21 :   0  7      19   0  7      40 :    25766    27455    32681    34410     10 :  98.8  3.0e-03  1.49e-02
1 :         870 :     16     22 :   0  7      19   0  7      41 :    25766    27455    34411    36062     11 :  98.7  1.5e-03  1.53e-02
1 :         871 :     16     23 :   0  7      19   0  7      46 :    25766    27455    36063    37795     10 :  98.8  3.0e-03  1.46e-02
1 :         872 :     16     24 :   0  7      19   0  7      50 :    25766    27455    37796    38258      6 :  98.3  4.0e-03  7.90e-03
1 :         873 :     16     25 :   0  7      19   0  7      59 :    25766    27455    38259    39857      8 :  99.0  3.6e-03  1.20e-02
1 :         874 :     16     26 :   0  7      19   0  7      60 :    25766    27455    39858    40314      6 :  98.3  4.1e-03  8.26e-03
1 :         875 :     16     27 :   0  7      19   0  8      65 :    25766    27455    40315    42013     11 :  98.7  1.6e-03  1.49e-02
1 :         876 :     16     28 :   0  7      19   0  8      66 :    25766    27455    42014    42768      8 :  98.5  1.5e-03  1.10e-02
1 :         877 :     16     29 :   0  7      19   0  8      67 :    25766    27455    42769    43712      8 :  98.7  2.0e-03  1.00e-02
1 :         878 :     16     30 :   0  7      19   0  8      68 :    25766    27455    43713    45403     10 :  98.8  2.0e-03  1.46e-02
1 :         879 :     16     31 :   0  7      19   0  8      71 :    25766    27455    45404    47057     11 :  98.7  2.0e-03  1.58e-02
1 :         880 :     16     32 :   0  7      19   0  8      72 :    25766    27455    47058    49013     10 :  98.9  2.0e-03  1.65e-02
1 :         881 :     16     33 :   0  7      19   0  8      73 :    25766    27455    49014    49752      7 :  98.6  2.5e-03  1.03e-02
1 :         882 :     16     34 :   0  7      19   0  8      74 :    25766    27455    49753    51606     10 :  98.9  2.5e-03  1.56e-02
1 :         883 :     16     35 :   0  7      19   0  8      75 :    25766    27455    51607    53340     10 :  98.8  3.0e-03  1.62e-02
1 :         884 :     16     36 :   0  7      19   0  8      76 :    25766    27455    53341    54448      7 :  99.0  3.0e-03  1.11e-02
1 :         885 :     16     37 :   0  7      19   0  8      77 :    25766    27455    54449    56151     10 :  98.8  2.5e-03  1.48e-02
1 :         886 :     16     38 :   0  7      19   0  8      78 :    25766    27455    56152    58105     10 :  98.9  2.5e-03  1.67e-02
1 :         887 :     16     39 :   0  7      19   0  8      83 :    25766    27455    58106    60074     10 :  98.9  2.0e-03  1.74e-02
1 :         888 :     16     40 :   0  7      19   0  8      84 :    25766    27455    60075    61735     10 :  98.8  2.0e-03  1.59e-02
1 :         889 :     16     41 :   0  7      19   0  8      85 :    25766    27455    61736    62505      7 :  98.7  1.7e-03  1.07e-02
1 :         890 :     16     42 :   0  7      19   0  8      86 :    25766    27455    62506    64201     10 :  98.8  2.0e-03  1.50e-02
1 :         891 :     16     43 :   0  7      19   0  8      87 :    25766    27455    64202    65898     10 :  98.8  2.2e-03  1.71e-02
1 :         892 :     16     44 :   0  7      19   0  8      88 :    25766    27455    65899    66838      8 :  98.7  2.4e-03  1.20e-02
1 :         893 :     16     45 :   0  7      19   0  8      89 :    25766    27455    66839    68824     10 :  98.9  2.5e-03  1.74e-02
1 :         894 :     16     46 :   0  7      19   0  8      90 :    25766    27455    68825    70511     10 :  98.8  2.5e-03  1.68e-02
1 :         895 :     16     47 :   0  7      19   0  8      93 :    25766    27455    70512    72369     10 :  98.9  2.6e-03  1.78e-02
1 :         896 :     16     48 :   0  7      19   0  8      94 :    25766    27455    72370    73108      6 :  98.8  2.8e-03  1.04e-02
1 :         897 :     16     49 :   0  7      19   0  8      95 :    25766    27455    73109    74219      7 :  99.0  3.1e-03  1.11e-02
1 :         898 :     16     50 :   0  7      19   0  8      96 :    25766    27455    74220    76059      9 :  99.0  3.3e-03  1.53e-02
1 :         899 :     16     51 :   0  7      19   0  8      97 :    25766    27455    76060    77572      8 :  99.0  3.5e-03  1.46e-02
1 :         900 :     16     52 :   0  7      19   0  8      98 :    25766    27455    77573    77654      5 :  93.6  3.5e-03  7.01e-03
1 :         901 :     17      0 :   0  7      20   0  5       1 :    27456    28389        0     1752      9 :  98.5  1.5e-03  1.10e-02
1 :         902 :     17      1 :   0  7      20   0  5       2 :    27456    28389     1753     2514     14 :  96.7  5.0e-04  9.17e-03
1 :         903 :     17      2 :   0  7      20   0  5       3 :    27456    28389     2515     4234     10 :  98.3  1.5e-03  1.09e-02
1 :         904 :     17      3 :   0  7      20   0  5       4 :    27456    28389     4235     4987     11 :  97.4  5.0e-04  8.13e-03
0 :         905 :     17      4 :   0  7      20   0  6       9 :    27456    28389     4988     6868      0 :   0.0  2.6e-05  2.49e-01
0 :         906 :     17      5 :   0  7      20   0  6      11 :    27456    28389     6869     8218      0 :   0.0  4.7e-05  1.80e-01
0 :         907 :     17      6 :   0  7      20   0  6      12 :    27456    28389     8219    10055      0 :   0.0  1.6e-06  2.44e-01
1 :         908 :     17      7 :   0  7      20   0  6      14 :    27456    28389    10056    11954     10 :  98.4  8.8e-04  1.24e-02
0 :         909 :     17      8 :   0  7      20   0  6      15 :    27456    28389    11955    13812      0 :   0.0  1.2e-05  2.46e-01
1 :         910 :     17      9 :   0  7      20   0  6      16 :    27456    28389    13813    15162     10 :  98.2  9.0e-04  9.91e-03
1 :         911 :     17     10 :   0  7      20   0  6      26 :    27456    28389    15163    17042      7 :  98.9  3.0e-03  1.04e-02
1 :         912 :     17     11 :   0  7      20   0  6      27 :    27456    28389    17043    18216      7 :  98.7  4.0e-03  7.86e-03
1 :         913 :     17     12 :   0  7      20   0  6      28 :    27456    28389    18217    20483      7 :  98.9  4.0e-03  1.13e-02
1 :         914 :     17     13 :   0  7      20   0  6      29 :    27456    28389    20484    22354      8 :  98.7  3.0e-03  1.15e-02
1 :         915 :     17     14 :   0  7      20   0  6      31 :    27456    28389    22355    24605      7 :  98.9  4.0e-03  1.21e-02
1 :         916 :     17     15 :   0  7      20   0  6      32 :    27456    28389    24606    25765      7 :  98.6  4.1e-03  8.23e-03
0 :         917 :     17     16 :   0  7      20   0  7      19 :    27456    28389    25766    27455      0 :   0.0  4.2e-07  2.24e-01
0 :         918 :     17     17 :   0  7      20   0  7      20 :    27456    28389    27456    28389      0 :   0.0  9.7e-04  1.25e-01
0 :         919 :     17     18 :   0  7      20   0  7      25 :    27456    28389    28390    30099      0 :   0.0  6.0e-06  2.27e-01
0 :         920 :     17     19 :   0  7      20   0  7      26 :    27456    28389    30100    31020      0 :   0.0  1.2e-05  1.24e-01
1 :         921 :     17     20 :   0  7      20   0  7      35 :    27456    28389    31021    32680     10 :  98.3  9.9e-04  1.15e-02
1 :         922 :     17     21 :   0  7      20   0  7      40 :    27456    28389    32681    34410      8 :  98.7  2.5e-03  1.08e-02
1 :         923 :     17     22 :   0  7      20   0  7      41 :    27456    28389    34411    36062     10 :  98.3  9.9e-04  1.13e-02
1 :         924 :     17     23 :   0  7      20   0  7      46 :    27456    28389    36063    37795      7 :  98.8  2.5e-03  1.03e-02
1 :         925 :     17     24 :   0  7      20   0  7      50 :    27456    28389    37796    38258      6 :  98.1  3.5e-03  5.12e-03
1 :         926 :     17     25 :   0  7      20   0  7      59 :    27456    28389    38259    39857      7 :  98.8  3.1e-03  8.83e-03
1 :         927 :     17     26 :   0  7      20   0  7      60 :    27456    28389    39858    40314      6 :  98.0  3.6e-03  5.14e-03
1 :         928 :     17     27 :   0  7      20   0  8      65 :    27456    28389    40315    42013     10 :  98.3  1.1e-03  1.07e-02
1 :         929 :     17     28 :   0  7      20   0  8      66 :    27456    28389    42014    42768      9 :  97.8  1.0e-03  7.44e-03
1 :         930 :     17     29 :   0  7      20   0  8      67 :    27456    28389    42769    43712      8 :  98.3  1.6e-03  7.00e-03
1 :         931 :     17     30 :   0  7      20   0  8      68 :    27456    28389    43713    45403      8 :  98.7  1.5e-03  1.02e-02
1 :         932 :     17     31 :   0  7      20   0  8      71 :    27456    28389    45404    47057      9 :  98.5  1.5e-03  1.08e-02
1 :         933 :     17     32 :   0  7      20   0  8      72 :    27456    28389    47058    49013      9 :  98.6  1.5e-03  1.17e-02
1 :         934 :     17     33 :   0  7      20   0  8      73 :    27456    28389    49014    49752      6 :  98.5  2.0e-03  6.28e-03
1 :         935 :     17     34 :   0  7      20   0  8      74 :    27456    28389    49753    51606      8 :  98.7  2.0e-03  1.01e-02
1 :         936 :     17     35 :   0  7      20   0  8      75 :    27456    28389    51607    53340      7 :  98.8  2.5e-03  1.05e-02
1 :         937 :     17     36 :   0  7      20   0  8      76 :    27456    28389    53341    54448      7 :  98.6  2.5e-03  8.11e-03
1 :         938 :     17     37 :   0  7      20   0  8      77 :    27456    28389    54449    56151      9 :  98.5  2.0e-03  1.08e-02
1 :         939 :     17     38 :   0  7      20   0  8      78 :    27456    28389    56152    58105      8 :  98.7  2.0e-03  1.17e-02
1 :         940 :     17     39 :   0  7      20   0  8      83 :    27456    28389    58106    60074      9 :  98.6  1.5e-03  1.24e-02
1 :         941 :     17     40 :   0  7      20   0  8      84 :    27456    28389    60075    61735      8 :  98.7  1.6e-03  1.03e-02
1 :         942 :     17     41 :   0  7      20   0  8      85 :    27456    28389    61736    62505      8 :  98.1  1.3e-03  6.90e-03
1 :         943 :     17     42 :   0  7      20   0  8      86 :    27456    28389    62506    64201      8 :  98.7  1.6e-03  9.86e-03
1 :         944 :     17     43 :   0  7      20   0  8      87 :    27456    28389    64202    65898      8 :  98.7  1.7e-03  1.05e-02
1 :         945 :     17     44 :   0  7      20   0  8      88 :    27456    28389    65899    66838      7 :  98.5  2.0e-03  6.98e-03
1 :         946 :     17     45 :   0  7      20   0  8      89 :    27456    28389    66839    68824      8 :  98.7  2.0e-03  1.10e-02
1 :         947 :     17     46 :   0  7      20   0  8      90 :    27456    28389    68825    70511      8 :  98.7  2.0e-03  1.00e-02
1 :         948 :     17     47 :   0  7      20   0  8      93 :    27456    28389    70512    72369      7 :  98.9  2.2e-03  1.00e-02
1 :         949 :     17     48 :   0  7      20   0  8      94 :    27456    28389    72370    73108      6 :  98.5  2.4e-03  5.48e-03
1 :         950 :     17     49 :   0  7      20   0  8      95 :    27456    28389    73109    74219      7 :  98.6  2.6e-03  6.72e-03
1 :         951 :     17     50 :   0  7      20   0  8      96 :    27456    28389    74220    76059      7 :  98.9  2.8e-03  9.29e-03
1 :         952 :     17     51 :   0  7      20   0  8      97 :    27456    28389    76060    77572      7 :  98.8  3.0e-03  9.23e-03
1 :         953 :     17     52 :   0  7      20   0  8      98 :    27456    28389    77573    77654      5 :  93.4  3.0e-03  3.25e-03
1 :         954 :     18      0 :   0  7      25   0  5       1 :    28390    30099        0     1752     12 :  98.6  1.0e-03  1.54e-02
0 :         955 :     18      1 :   0  7      25   0  5       2 :    28390    30099     1753     2514      0 :   0.0  2.0e-05  1.92e-01
1 :         956 :     18      2 :   0  7      25   0  5       3 :    28390    30099     2515     4234     14 :  98.4  1.0e-03  1.72e-02
0 :         957 :     18      3 :   0  7      25   0  5       4 :    28390    30099     4235     4987      0 :   0.0  1.4e-05  1.89e-01
1 :         958 :     18      4 :   0  7      25   0  6       9 :    28390    30099     4988     6868     13 :  98.5  8.7e-04  1.75e-02
1 :         959 :     18      5 :   0  7      25   0  6      11 :    28390    30099     6869     8218     10 :  98.7  1.0e-03  1.36e-02
0 :         960 :     18      6 :   0  7      25   0  6      12 :    28390    30099     8219    10055      0 :   0.0  4.9e-04  4.53e-01
0 :         961 :     18      7 :   0  7      25   0  6      14 :    28390    30099    10056    11954      0 :   0.0  2.4e-06  4.69e-01
0 :         962 :     18      8 :   0  7      25   0  6      15 :    28390    30099    11955    13812      0 :   0.0  4.9e-04  4.60e-01
0 :         963 :     18      9 :   0  7      25   0  6      16 :    28390    30099    13813    15162      0 :   0.0  4.9e-04  3.35e-01
1 :         964 :     18     10 :   0  7      25   0  6      26 :    28390    30099    15163    17042     10 :  98.9  3.5e-03  1.75e-02
1 :         965 :     18     11 :   0  7      25   0  6      27 :    28390    30099    17043    18216      7 :  99.0  4.5e-03  1.29e-02
1 :         966 :     18     12 :   0  7      25   0  6      28 :    28390    30099    18217    20483      9 :  99.1  4.5e-03  1.90e-02
1 :         967 :     18     13 :   0  7      25   0  6      29 :    28390    30099    20484    22354     10 :  98.9  3.5e-03  1.67e-02
1 :         968 :     18     14 :   0  7      25   0  6      31 :    28390    30099    22355    24605      9 :  99.1  4.5e-03  2.04e-02
1 :         969 :     18     15 :   0  7      25   0  6      32 :    28390    30099    24606    25765      7 :  99.0  4.5e-03  1.25e-02
0 :         970 :     18     16 :   0  7      25   0  7      19 :    28390    30099    25766    27455      0 :   0.0  6.9e-07  4.17e-01
0 :         971 :     18     17 :   0  7      25   0  7      20 :    28390    30099    27456    28389      0 :   0.0  6.0e-06  2.33e-01
0 :         972 :     18     18 :   0  7      25   0  7      25 :    28390    30099    28390    30099      0 :   0.0  1.0e-03  4.22e-01
0 :         973 :     18     19 :   0  7      25   0  7      26 :    28390    30099    30100    31020      0 :   0.0  2.8e-06  2.31e-01
1 :         974 :     18     20 :   0  7      25   0  7      35 :    28390    30099    31021    32680     11 :  98.7  1.5e-03  1.61e-02
1 :         975 :     18     21 :   0  7      25   0  7      40 :    28390    30099    32681    34410     10 :  98.8  3.0e-03  1.59e-02
1 :         976 :     18     22 :   0  7      25   0  7      41 :    28390    30099    34411    36062     11 :  98.7  1.5e-03  1.61e-02
1 :         977 :     18     23 :   0  7      25   0  7      46 :    28390    30099    36063    37795     10 :  98.8  3.0e-03  1.50e-02
1 :         978 :     18     24 :   0  7      25   0  7      50 :    28390    30099    37796    38258      7 :  98.1  4.1e-03  8.91e-03
1 :         979 :     18     25 :   0  7      25   0  7      59 :    28390    30099    38259    39857      9 :  98.9  3.5e-03  1.32e-02
1 :         980 :     18     26 :   0  7      25   0  7      60 :    28390    30099    39858    40314      7 :  98.1  4.0e-03  8.91e-03
1 :         981 :     18     27 :   0  7      25   0  8      65 :    28390    30099    40315    42013     10 :  98.8  2.0e-03  1.40e-02
1 :         982 :     18     28 :   0  7      25   0  8      66 :    28390    30099    42014    42768      8 :  98.5  1.7e-03  1.05e-02
1 :         983 :     18     29 :   0  7      25   0  8      67 :    28390    30099    42769    43712      8 :  98.7  2.4e-03  1.01e-02
1 :         984 :     18     30 :   0  7      25   0  8      68 :    28390    30099    43713    45403     10 :  98.8  2.2e-03  1.45e-02
1 :         985 :     18     31 :   0  7      25   0  8      71 :    28390    30099    45404    47057     11 :  98.7  2.0e-03  1.59e-02
1 :         986 :     18     32 :   0  7      25   0  8      72 :    28390    30099    47058    49013     11 :  98.8  2.0e-03  1.74e-02
1 :         987 :     18     33 :   0  7      25   0  8      73 :    28390    30099    49014    49752      7 :  98.6  2.8e-03  1.02e-02
1 :         988 :     18     34 :   0  7      25   0  8      74 :    28390    30099    49753    51606     10 :  98.9  2.6e-03  1.52e-02
1 :         989 :     18     35 :   0  7      25   0  8      75 :    28390    30099    51607    53340      9 :  99.0  3.2e-03  1.49e-02
1 :         990 :     18     36 :   0  7      25   0  8      76 :    28390    30099    53341    54448      7 :  99.0  3.1e-03  1.09e-02
1 :         991 :     18     37 :   0  7      25   0  8      77 :    28390    30099    54449    56151     10 :  98.8  2.5e-03  1.43e-02
1 :         992 :     18     38 :   0  7      25   0  8      78 :    28390    30099    56152    58105     10 :  98.9  2.5e-03  1.65e-02
1 :         993 :     18     39 :   0  7      25   0  8      83 :    28390    30099    58106    60074     11 :  98.8  2.0e-03  1.77e-02
1 :         994 :     18     40 :   0  7      25   0  8      84 :    28390    30099    60075    61735     11 :  98.7  2.0e-03  1.58e-02
1 :         995 :     18     41 :   0  7      25   0  8      85 :    28390    30099    61736    62505      8 :  98.5  1.5e-03  1.10e-02
1 :         996 :     18     42 :   0  7      25   0  8      86 :    28390    30099    62506    64201     11 :  98.7  1.5e-03  1.55e-02
1 :         997 :     18     43 :   0  7      25   0  8      87 :    28390    30099    64202    65898     10 :  98.8  2.0e-03  1.62e-02
1 :         998 :     18     44 :   0  7      25   0  8      88 :    28390    30099    65899    66838      8 :  98.7  2.0e-03  1.18e-02
1 :         999 :     18     45 :   0  7      25   0  8      89 :    28390    30099    66839    68824     10 :  98.9  2.5e-03  1.74e-02
1 :        1000 :     18     46 :   0  7      25   0  8      90 :    28390    30099    68825    70511     11 :  98.7  2.5e-03  1.75e-02
1 :        1001 :     18     47 :   0  7      25   0  8      93 :    28390    30099    70512    72369     10 :  98.9  2.5e-03  1.78e-02
1 :        1002 :     18     48 :   0  7      25   0  8      94 :    28390    30099    72370    73108      7 :  98.6  2.5e-03  1.08e-02
1 :        1003 :     18     49 :   0  7      25   0  8      95 :    28390    30099    73109    74219      7 :  99.0  3.0e-03  1.14e-02
1 :        1004 :     18     50 :   0  7      25   0  8      96 :    28390    30099    74220    76059     10 :  98.9  3.0e-03  1.63e-02
1 :        1005 :     18     51 :   0  7      25   0  8      97 :    28390    30099    76060    77572      9 :  98.9  3.7e-03  1.50e-02
1 :        1006 :     18     52 :   0  7      25   0  8      98 :    28390    30099    77573    77654      5 :  93.6  3.6e-03  7.36e-03
1 :        1007 :     19      0 :   0  7      26   0  5       1 :    30100    31020        0     1752      9 :  98.5  1.5e-03  1.11e-02
1 :        1008 :     19      1 :   0  7      26   0  5       2 :    30100    31020     1753     2514      9 :  97.8  5.0e-04  7.92e-03
1 :        1009 :     19      2 :   0  7      26   0  5       3 :    30100    31020     2515     4234     10 :  98.3  1.5e-03  1.14e-02
1 :        1010 :     19      3 :   0  7      26   0  5       4 :    30100    31020     4235     4987     15 :  96.4  5.1e-04  9.46e-03
1 :        1011 :     19      4 :   0  7      26   0  6       9 :    30100    31020     4988     6868     10 :  98.4  8.8e-04  1.18e-02
1 :        1012 :     19      5 :   0  7      26   0  6      11 :    30100    31020     6869     8218     10 :  98.2  9.0e-04  1.05e-02
0 :        1013 :     19      6 :   0  7      26   0  6      12 :    30100    31020     8219    10055      0 :   0.0  1.2e-05  2.40e-01
0 :        1014 :     19      7 :   0  7      26   0  6      14 :    30100    31020    10056    11954      0 :   0.0  1.1e-05  2.48e-01
0 :        1015 :     19      8 :   0  7      26   0  6      15 :    30100    31020    11955    13812      0 :   0.0  1.5e-06  2.44e-01
0 :        1016 :     19      9 :   0  7      26   0  6      16 :    30100    31020    13813    15162      0 :   0.0  2.9e-05  1.78e-01
1 :        1017 :     19     10 :   0  7      26   0  6      26 :    30100    31020    15163    17042      8 :  98.7  3.0e-03  1.12e-02
1 :        1018 :     19     11 :   0  7      26   0  6      27 :    30100    31020    17043    18216      7 :  98.6  4.1e-03  7.77e-03
1 :        1019 :     19     12 :   0  7      26   0  6      28 :    30100    31020    18217    20483      7 :  98.9  4.0e-03  1.15e-02
1 :        1020 :     19     13 :   0  7      26   0  6      29 :    30100    31020    20484    22354      7 :  98.9  3.0e-03  1.10e-02
1 :        1021 :     19     14 :   0  7      26   0  6      31 :    30100    31020    22355    24605      7 :  98.9  4.0e-03  1.20e-02
1 :        1022 :     19     15 :   0  7      26   0  6      32 :    30100    31020    24606    25765      7 :  98.6  4.0e-03  7.92e-03
0 :        1023 :     19     16 :   0  7      26   0  7      19 :    30100    31020    25766    27455      0 :   0.0  9.0e-06  2.21e-01
0 :        1024 :     19     17 :   0  7      26   0  7      20 :    30100    31020    27456    28389      0 :   0.0  1.2e-05  1.24e-01
0 :        1025 :     19     18 :   0  7      26   0  7      25 :    30100    31020    28390    30099      0 :   0.0  2.8e-06  2.24e-01
0 :        1026 :     19     19 :   0  7      26   0  7      26 :    30100    31020    30100    31020      0 :   0.0  9.9e-04  1.22e-01
1 :        1027 :     19     20 :   0  7      26   0  7      35 :    30100    31020    31021    32680      9 :  98.5  9.9e-04  1.07e-02
1 :        1028 :     19     21 :   0  7      26   0  7      40 :    30100    31020    32681    34410      7 :  98.8  2.5e-03  1.01e-02
1 :        1029 :     19     22 :   0  7      26   0  7      41 :    30100    31020    34411    36062     11 :  98.1  9.9e-04  1.16e-02
1 :        1030 :     19     23 :   0  7      26   0  7      46 :    30100    31020    36063    37795      8 :  98.7  2.5e-03  1.08e-02
1 :        1031 :     19     24 :   0  7      26   0  7      50 :    30100    31020    37796    38258      6 :  98.1  3.6e-03  4.96e-03
1 :        1032 :     19     25 :   0  7      26   0  7      59 :    30100    31020    38259    39857      8 :  98.6  3.0e-03  9.24e-03
1 :        1033 :     19     26 :   0  7      26   0  7      60 :    30100    31020    39858    40314      6 :  98.0  3.5e-03  4.73e-03
1 :        1034 :     19     27 :   0  7      26   0  8      65 :    30100    31020    40315    42013      8 :  98.7  1.6e-03  9.50e-03
1 :        1035 :     19     28 :   0  7      26   0  8      66 :    30100    31020    42014    42768      7 :  98.3  1.3e-03  6.25e-03
1 :        1036 :     19     29 :   0  7      26   0  8      67 :    30100    31020    42769    43712      7 :  98.5  2.0e-03  6.24e-03
1 :        1037 :     19     30 :   0  7      26   0  8      68 :    30100    31020    43713    45403      8 :  98.7  1.7e-03  9.60e-03
1 :        1038 :     19     31 :   0  7      26   0  8      71 :    30100    31020    45404    47057      8 :  98.6  1.6e-03  1.03e-02
1 :        1039 :     19     32 :   0  7      26   0  8      72 :    30100    31020    47058    49013      8 :  98.7  1.5e-03  1.14e-02
1 :        1040 :     19     33 :   0  7      26   0  8      73 :    30100    31020    49014    49752      7 :  98.3  2.4e-03  6.54e-03
1 :        1041 :     19     34 :   0  7      26   0  8      74 :    30100    31020    49753    51606      8 :  98.7  2.2e-03  1.01e-02
1 :        1042 :     19     35 :   0  7      26   0  8      75 :    30100    31020    51607    53340      7 :  98.8  2.8e-03  9.89e-03
1 :        1043 :     19     36 :   0  7      26   0  8      76 :    30100    31020    53341    54448      7 :  98.6  2.6e-03  7.81e-03
1 :        1044 :     19     37 :   0  7      26   0  8      77 :    30100    31020    54449    56151      8 :  98.7  2.0e-03  1.02e-02
1 :        1045 :     19     38 :   0  7      26   0  8      78 :    30100    31020    56152    58105      8 :  98.7  2.0e-03  1.14e-02
1 :        1046 :     19     39 :   0  7      26   0  8      83 :    30100    31020    58106    60074      9 :  98.6  1.5e-03  1.20e-02
1 :        1047 :     19     40 :   0  7      26   0  8      84 :    30100    31020    60075    61735      9 :  98.5  1.5e-03  1.07e-02
1 :        1048 :     19     41 :   0  7      26   0  8      85 :    30100    31020    61736    62505      8 :  98.1  1.0e-03  6.84e-03
1 :        1049 :     19     42 :   0  7      26   0  8      86 :    30100    31020    62506    64201      9 :  98.5  1.1e-03  1.03e-02
1 :        1050 :     19     43 :   0  7      26   0  8      87 :    30100    31020    64202    65898      9 :  98.5  1.5e-03  1.12e-02
1 :        1051 :     19     44 :   0  7      26   0  8      88 :    30100    31020    65899    66838      8 :  98.3  1.6e-03  7.54e-03
1 :        1052 :     19     45 :   0  7      26   0  8      89 :    30100    31020    66839    68824      8 :  98.7  2.0e-03  1.08e-02
1 :        1053 :     19     46 :   0  7      26   0  8      90 :    30100    31020    68825    70511      8 :  98.7  2.0e-03  1.05e-02
1 :        1054 :     19     47 :   0  7      26   0  8      93 :    30100    31020    70512    72369      8 :  98.7  2.0e-03  1.09e-02
1 :        1055 :     19     48 :   0  7      26   0  8      94 :    30100    31020    72370    73108      6 :  98.5  2.0e-03  6.05e-03
1 :        1056 :     19     49 :   0  7      26   0  8      95 :    30100    31020    73109    74219      7 :  98.6  2.5e-03  7.07e-03
1 :        1057 :     19     50 :   0  7      26   0  8      96 :    30100    31020    74220    76059      7 :  98.9  2.5e-03  1.01e-02
1 :        1058 :     19     51 :   0  7      26   0  8      97 :    30100    31020    76060    77572      7 :  98.8  3.3e-03  1.00e-02
1 :        1059 :     19     52 :   0  7      26   0  8      98 :    30100    31020    77573    77654      5 :  93.4  3.1e-03  3.20e-03
1 :        1060 :     20      0 :   0  7      35   0  5       1 :    31021    32680        0     1752      9 :  98.9  3.0e-03  1.28e-02
1 :        1061 :     20      1 :   0  7      35   0  5       2 :    31021    32680     1753     2514      9 :  98.3  2.0e-03  1.10e-02
1 :        1062 :     20      2 :   0  7      35   0  5       3 :    31021    32680     2515     4234     10 :  98.8  3.0e-03  1.44e-02
1 :        1063 :     20      3 :   0  7      35   0  5       4 :    31021    32680     4235     4987      8 :  98.5  2.0e-03  1.08e-02
1 :        1064 :     20      4 :   0  7      35   0  6       9 :    31021    32680     4988     6868     12 :  98.6  1.0e-03  1.71e-02
0 :        1065 :     20      5 :   0  7      35   0  6      11 :    31021    32680     6869     8218      0 :   0.0  2.0e-05  3.28e-01
0 :        1066 :     20      6 :   0  7      35   0  6      12 :    31021    32680     8219    10055      0 :   0.0  1.2e-06  4.45e-01
1 :        1067 :     20      7 :   0  7      35   0  6      14 :    31021    32680    10056    11954     11 :  98.8  1.3e-03  1.73e-02
0 :        1068 :     20      8 :   0  7      35   0  6      15 :    31021    32680    11955    13812      0 :   0.0  1.2e-05  4.50e-01
1 :        1069 :     20      9 :   0  7      35   0  6      16 :    31021    32680    13813    15162     11 :  98.5  9.0e-04  1.41e-02
1 :        1070 :     20     10 :   0  7      35   0  6      26 :    31021    32680    15163    17042     11 :  98.8  1.5e-03  1.68e-02
1 :        1071 :     20     11 :   0  7      35   0  6      27 :    31021    32680    17043    18216      8 :  98.8  2.5e-03  1.23e-02
1 :        1072 :     20     12 :   0  7      35   0  6      28 :    31021    32680    18217    20483     11 :  98.9  2.5e-03  2.09e-02
1 :        1073 :     20     13 :   0  7      35   0  6      29 :    31021    32680    20484    22354     11 :  98.7  1.5e-03  1.70e-02
1 :        1074 :     20     14 :   0  7      35   0  6      31 :    31021    32680    22355    24605      9 :  99.1  2.5e-03  1.79e-02
1 :        1075 :     20     15 :   0  7      35   0  6      32 :    31021    32680    24606    25765      7 :  99.0  2.6e-03  1.17e-02
1 :        1076 :     20     16 :   0  7      35   0  7      19 :    31021    32680    25766    27455     11 :  98.7  1.5e-03  1.56e-02
1 :        1077 :     20     17 :   0  7      35   0  7      20 :    31021    32680    27456    28389     10 :  98.3  9.9e-04  1.22e-02
1 :        1078 :     20     18 :   0  7      35   0  7      25 :    31021    32680    28390    30099     11 :  98.7  1.5e-03  1.64e-02
1 :        1079 :     20     19 :   0  7      35   0  7      26 :    31021    32680    30100    31020      9 :  98.5  9.9e-04  1.19e-02
0 :        1080 :     20     20 :   0  7      35   0  7      35 :    31021    32680    31021    32680      0 :   0.0  1.0e-03  4.01e-01
1 :        1081 :     20     21 :   0  7      35   0  7      40 :    31021    32680    32681    34410     12 :  98.6  9.9e-04  1.67e-02
0 :        1082 :     20     22 :   0  7      35   0  7      41 :    31021    32680    34411    36062      0 :   0.0  1.2e-05  7.67e-01
1 :        1083 :     20     23 :   0  7      35   0  7      46 :    31021    32680    36063    37795     11 :  98.7  9.9e-04  3.64e-02
1 :        1084 :     20     24 :   0  7      35   0  7      50 :    31021    32680    37796    38258      8 :  97.8  2.0e-03  2.53e-02
1 :        1085 :     20     25 :   0  7      35   0  7      59 :    31021    32680    38259    39857      9 :  98.9  1.8e-03  2.91e-02
1 :        1086 :     20     26 :   0  7      35   0  7      60 :    31021    32680    39858    40314      6 :  98.3  2.2e-03  1.97e-02
1 :        1087 :     20     27 :   0  7      35   0  8      65 :    31021    32680    40315    42013     13 :  98.5  4.4e-04  3.65e-02
0 :        1088 :     20     28 :   0  7      35   0  8      66 :    31021    32680    42014    42768      0 :   0.0  1.2e-06  3.92e-01
1 :        1089 :     20     29 :   0  7      35   0  8      67 :    31021    32680    42769    43712     11 :  98.2  4.3e-04  2.61e-02
0 :        1090 :     20     30 :   0  7      35   0  8      68 :    31021    32680    43713    45403      0 :   0.0  1.4e-06  8.72e-01
0 :        1091 :     20     31 :   0  7      35   0  8      71 :    31021    32680    45404    47057      0 :   0.0  2.9e-06  8.49e-01
0 :        1092 :     20     32 :   0  7      35   0  8      72 :    31021    32680    47058    49013      0 :   0.0  6.9e-07  1.00e+00
1 :        1093 :     20     33 :   0  7      35   0  8      73 :    31021    32680    49014    49752      8 :  98.4  6.6e-04  2.69e-02
1 :        1094 :     20     34 :   0  7      35   0  8      74 :    31021    32680    49753    51606     14 :  98.4  5.0e-04  4.64e-02
1 :        1095 :     20     35 :   0  7      35   0  8      75 :    31021    32680    51607    53340     12 :  98.6  1.1e-03  4.29e-02
1 :        1096 :     20     36 :   0  7      35   0  8      76 :    31021    32680    53341    54448     10 :  98.5  9.9e-04  2.93e-02
1 :        1097 :     20     37 :   0  7      35   0  8      77 :    31021    32680    54449    56151     15 :  98.2  5.0e-04  4.92e-02
1 :        1098 :     20     38 :   0  7      35   0  8      78 :    31021    32680    56152    58105     14 :  98.4  5.0e-04  4.72e-02
0 :        1099 :     20     39 :   0  7      35   0  8      83 :    31021    32680    58106    60074      0 :   0.0  1.2e-05  1.01e+00
1 :        1100 :     20     40 :   0  7      35   0  8      84 :    31021    32680    60075    61735     13 :  98.4  4.5e-04  3.89e-02
1 :        1101 :     20     41 :   0  7      35   0  8      85 :    31021    32680    61736    62505      9 :  98.3  8.8e-04  2.76e-02
1 :        1102 :     20     42 :   0  7      35   0  8      86 :    31021    32680    62506    64201     10 :  98.8  1.3e-03  3.46e-02
1 :        1103 :     20     43 :   0  7      35   0  8      87 :    31021    32680    64202    65898     11 :  98.7  8.8e-04  4.05e-02
1 :        1104 :     20     44 :   0  7      35   0  8      88 :    31021    32680    65899    66838      8 :  98.7  1.3e-03  2.74e-02
1 :        1105 :     20     45 :   0  7      35   0  8      89 :    31021    32680    66839    68824     12 :  98.7  5.0e-04  4.39e-02
1 :        1106 :     20     46 :   0  7      35   0  8      90 :    31021    32680    68825    70511     11 :  98.7  6.7e-04  3.97e-02
1 :        1107 :     20     47 :   0  7      35   0  8      93 :    31021    32680    70512    72369     11 :  98.7  1.0e-03  4.30e-02
1 :        1108 :     20     48 :   0  7      35   0  8      94 :    31021    32680    72370    73108      7 :  98.6  1.4e-03  2.15e-02
1 :        1109 :     20     49 :   0  7      35   0  8      95 :    31021    32680    73109    74219      8 :  98.8  1.3e-03  2.58e-02
1 :        1110 :     20     50 :   0  7      35   0  8      96 :    31021    32680    74220    76059     10 :  98.9  1.6e-03  3.75e-02
1 :        1111 :     20     51 :   0  7      35   0  8      97 :    31021    32680    76060    77572      8 :  99.0  1.6e-03  3.35e-02
1 :        1112 :     20     52 :   0  7      35   0  8      98 :    31021    32680    77573    77654      7 :  91.0  1.5e-03  1.43e-02
1 :        1113 :     21      0 :   0  7      40   0  5       1 :    32681    34410        0     1752      9 :  99.0  4.5e-03  3.09e-02
1 :        1114 :     21      1 :   0  7      40   0  5       2 :    32681    34410     1753     2514      7 :  98.7  3.5e-03  2.59e-02
1 :        1115 :     21      2 :   0  7      40   0  5       3 :    32681    34410     2515     4234      9 :  99.0  4.5e-03  3.17e-02
1 :        1116 :     21      3 :   0  7      40   0  5       4 :    32681    34410     4235     4987      6 :  98.9  3.5e-03  2.27e-02
1 :        1117 :     21      4 :   0  7      40   0  6       9 :    32681    34410     4988     6868      9 :  99.0  2.5e-03  3.10e-02
1 :        1118 :     21      5 :   0  7      40   0  6      11 :    32681    34410     6869     8218     10 :  98.7  1.5e-03  3.01e-02
1 :        1119 :     21      6 :   0  7      40   0  6      12 :    32681    34410     8219    10055     12 :  98.7  1.5e-03  4.09e-02
1 :        1120 :     21      7 :   0  7      40   0  6      14 :    32681    34410    10056    11954      9 :  99.0  2.6e-03  3.23e-02
1 :        1121 :     21      8 :   0  7      40   0  6      15 :    32681    34410    11955    13812     11 :  98.8  1.5e-03  4.14e-02
1 :        1122 :     21      9 :   0  7      40   0  6      16 :    32681    34410    13813    15162      9 :  98.8  1.7e-03  3.14e-02
0 :        1123 :     21     10 :   0  7      40   0  6      26 :    32681    34410    15163    17042      0 :   0.0  1.6e-06  9.03e-01
1 :        1124 :     21     11 :   0  7      40   0  6      27 :    32681    34410    17043    18216     10 :  98.6  1.0e-03  3.01e-02
1 :        1125 :     21     12 :   0  7      40   0  6      28 :    32681    34410    18217    20483     12 :  98.8  9.9e-04  4.70e-02
0 :        1126 :     21     13 :   0  7      40   0  6      29 :    32681    34410    20484    22354      0 :   0.0  1.1e-05  9.90e-01
1 :        1127 :     21     14 :   0  7      40   0  6      31 :    32681    34410    22355    24605     12 :  98.8  9.9e-04  5.77e-02
1 :        1128 :     21     15 :   0  7      40   0  6      32 :    32681    34410    24606    25765     10 :  98.6  1.3e-03  2.88e-02
1 :        1129 :     21     16 :   0  7      40   0  7      19 :    32681    34410    25766    27455     10 :  98.8  3.0e-03  3.77e-02
1 :        1130 :     21     17 :   0  7      40   0  7      20 :    32681    34410    27456    28389      7 :  98.8  2.5e-03  2.33e-02
1 :        1131 :     21     18 :   0  7      40   0  7      25 :    32681    34410    28390    30099      9 :  99.0  3.0e-03  3.60e-02
1 :        1132 :     21     19 :   0  7      40   0  7      26 :    32681    34410    30100    31020      7 :  98.8  2.5e-03  2.44e-02
1 :        1133 :     21     20 :   0  7      40   0  7      35 :    32681    34410    31021    32680     11 :  98.7  9.9e-04  3.62e-02
0 :        1134 :     21     21 :   0  7      40   0  7      40 :    32681    34410    32681    34410      0 :   0.0  1.0e-03  9.29e-01
1 :        1135 :     21     22 :   0  7      40   0  7      41 :    32681    34410    34411    36062     11 :  98.7  1.0e-03  4.03e-02
0 :        1136 :     21     23 :   0  7      40   0  7      46 :    32681    34410    36063    37795      0 :   0.0  1.1e-05  9.24e-01
1 :        1137 :     21     24 :   0  7      40   0  7      50 :    32681    34410    37796    38258     11 :  97.0  5.1e-04  2.20e-02
1 :        1138 :     21     25 :   0  7      40   0  7      59 :    32681    34410    38259    39857     11 :  98.7  9.4e-04  3.49e-02
1 :        1139 :     21     26 :   0  7      40   0  7      60 :    32681    34410    39858    40314      9 :  97.5  1.0e-03  2.54e-02
1 :        1140 :     21     27 :   0  7      40   0  8      65 :    32681    34410    40315    42013     11 :  98.7  1.1e-03  3.65e-02
1 :        1141 :     21     28 :   0  7      40   0  8      66 :    32681    34410    42014    42768      8 :  98.5  9.9e-04  2.20e-02
1 :        1142 :     21     29 :   0  7      40   0  8      67 :    32681    34410    42769    43712     10 :  98.4  6.6e-04  2.49e-02
1 :        1143 :     21     30 :   0  7      40   0  8      68 :    32681    34410    43713    45403     14 :  98.4  5.0e-04  4.75e-02
1 :        1144 :     21     31 :   0  7      40   0  8      71 :    32681    34410    45404    47057     15 :  98.2  5.0e-04  4.16e-02
1 :        1145 :     21     32 :   0  7      40   0  8      72 :    32681    34410    47058    49013     14 :  98.5  5.0e-04  5.28e-02
1 :        1146 :     21     33 :   0  7      40   0  8      73 :    32681    34410    49014    49752     10 :  98.1  4.4e-04  2.91e-02
0 :        1147 :     21     34 :   0  7      40   0  8      74 :    32681    34410    49753    51606      0 :   0.0  1.2e-06  9.82e-01
1 :        1148 :     21     35 :   0  7      40   0  8      75 :    32681    34410    51607    53340     14 :  98.4  4.3e-04  4.02e-02
0 :        1149 :     21     36 :   0  7      40   0  8      76 :    32681    34410    53341    54448      0 :   0.0  6.3e-07  5.96e-01
0 :        1150 :     21     37 :   0  7      40   0  8      77 :    32681    34410    54449    56151      0 :   0.0  4.7e-06  5.14e-01
0 :        1151 :     21     38 :   0  7      40   0  8      78 :    32681    34410    56152    58105      0 :   0.0  1.7e-06  4.87e-01
1 :        1152 :     21     39 :   0  7      40   0  8      83 :    32681    34410    58106    60074     13 :  98.6  5.0e-04  1.94e-02
1 :        1153 :     21     40 :   0  7      40   0  8      84 :    32681    34410    60075    61735     13 :  98.5  6.7e-04  1.76e-02
1 :        1154 :     21     41 :   0  7      40   0  8      85 :    32681    34410    61736    62505      7 :  98.7  1.3e-03  1.05e-02
1 :        1155 :     21     42 :   0  7      40   0  8      86 :    32681    34410    62506    64201     10 :  98.8  1.6e-03  1.49e-02
1 :        1156 :     21     43 :   0  7      40   0  8      87 :    32681    34410    64202    65898     11 :  98.7  1.0e-03  1.68e-02
1 :        1157 :     21     44 :   0  7      40   0  8      88 :    32681    34410    65899    66838      8 :  98.7  1.4e-03  1.17e-02
0 :        1158 :     21     45 :   0  7      40   0  8      89 :    32681    34410    66839    68824      0 :   0.0  1.2e-05  4.95e-01
1 :        1159 :     21     46 :   0  7      40   0  8      90 :    32681    34410    68825    70511     13 :  98.5  4.5e-04  1.79e-02
1 :        1160 :     21     47 :   0  7      40   0  8      93 :    32681    34410    70512    72369     12 :  98.7  8.8e-04  1.79e-02
1 :        1161 :     21     48 :   0  7      40   0  8      94 :    32681    34410    72370    73108      7 :  98.6  1.3e-03  9.90e-03
1 :        1162 :     21     49 :   0  7      40   0  8      95 :    32681    34410    73109    74219     10 :  98.5  8.8e-04  1.25e-02
1 :        1163 :     21     50 :   0  7      40   0  8      96 :    32681    34410    74220    76059     12 :  98.7  1.3e-03  1.70e-02
1 :        1164 :     21     51 :   0  7      40   0  8      97 :    32681    34410    76060    77572     13 :  98.4  4.4e-04  1.71e-02
0 :        1165 :     21     52 :   0  7      40   0  8      98 :    32681    34410    77573    77654      0 :   0.0  1.9e-05  2.59e-02
1 :        1166 :     22      0 :   0  7      41   0  5       1 :    34411    36062        0     1752     11 :  98.7  3.0e-03  1.47e-02
1 :        1167 :     22      1 :   0  7      41   0  5       2 :    34411    36062     1753     2514      8 :  98.5  2.0e-03  1.08e-02
1 :        1168 :     22      2 :   0  7      41   0  5       3 :    34411    36062     2515     4234     10 :  98.8  3.0e-03  1.50e-02
1 :        1169 :     22      3 :   0  7      41   0  5       4 :    34411    36062     4235     4987      8 :  98.5  2.0e-03  1.10e-02
1 :        1170 :     22      4 :   0  7      41   0  6       9 :    34411    36062     4988     6868     11 :  98.7  1.3e-03  1.56e-02
1 :        1171 :     22      5 :   0  7      41   0  6      11 :    34411    36062     6869     8218     11 :  98.5  9.0e-04  1.40e-02
0 :        1172 :     22      6 :   0  7      41   0  6      12 :    34411    36062     8219    10055      0 :   0.0  1.1e-05  4.38e-01
1 :        1173 :     22      7 :   0  7      41   0  6      14 :    34411    36062    10056    11954     12 :  98.6  9.9e-04  1.73e-02
0 :        1174 :     22      8 :   0  7      41   0  6      15 :    34411    36062    11955    13812      0 :   0.0  1.8e-06  4.44e-01
0 :        1175 :     22      9 :   0  7      41   0  6      16 :    34411    36062    13813    15162      0 :   0.0  1.7e-05  3.24e-01
1 :        1176 :     22     10 :   0  7      41   0  6      26 :    34411    36062    15163    17042     11 :  98.7  1.5e-03  1.71e-02
1 :        1177 :     22     11 :   0  7      41   0  6      27 :    34411    36062    17043    18216      8 :  98.8  2.6e-03  1.24e-02
1 :        1178 :     22     12 :   0  7      41   0  6      28 :    34411    36062    18217    20483     10 :  99.0  2.5e-03  1.76e-02
1 :        1179 :     22     13 :   0  7      41   0  6      29 :    34411    36062    20484    22354     11 :  98.7  1.5e-03  1.78e-02
1 :        1180 :     22     14 :   0  7      41   0  6      31 :    34411    36062    22355    24605     10 :  99.0  2.5e-03  1.87e-02
1 :        1181 :     22     15 :   0  7      41   0  6      32 :    34411    36062    24606    25765      7 :  99.0  2.5e-03  1.13e-02
1 :        1182 :     22     16 :   0  7      41   0  7      19 :    34411    36062    25766    27455     11 :  98.7  1.5e-03  1.47e-02
1 :        1183 :     22     17 :   0  7      41   0  7      20 :    34411    36062    27456    28389      9 :  98.5  9.9e-04  1.11e-02
1 :        1184 :     22     18 :   0  7      41   0  7      25 :    34411    36062    28390    30099     11 :  98.7  1.5e-03  1.52e-02
1 :        1185 :     22     19 :   0  7      41   0  7      26 :    34411    36062    30100    31020     10 :  98.3  9.9e-04  1.16e-02
0 :        1186 :     22     20 :   0  7      41   0  7      35 :    34411    36062    31021    32680      0 :   0.0  1.2e-05  3.97e-01
1 :        1187 :     22     21 :   0  7      41   0  7      40 :    34411    36062    32681    34410     12 :  98.6  1.0e-03  1.71e-02
0 :        1188 :     22     22 :   0  7      41   0  7      41 :    34411    36062    34411    36062      0 :   0.0  1.0e-03  3.95e-01
1 :        1189 :     22     23 :   0  7      41   0  7      46 :    34411    36062    36063    37795     11 :  98.7  9.9e-04  1.53e-02
1 :        1190 :     22     24 :   0  7      41   0  7      50 :    34411    36062    37796    38258      7 :  98.1  2.2e-03  9.00e-03
1 :        1191 :     22     25 :   0  7      41   0  7      59 :    34411    36062    38259    39857      9 :  98.9  1.5e-03  1.34e-02
1 :        1192 :     22     26 :   0  7      41   0  7      60 :    34411    36062    39858    40314      7 :  98.0  2.0e-03  9.17e-03
1 :        1193 :     22     27 :   0  7      41   0  8      65 :    34411    36062    40315    42013     10 :  98.8  1.3e-03  1.40e-02
1 :        1194 :     22     28 :   0  7      41   0  8      66 :    34411    36062    42014    42768      8 :  98.5  8.8e-04  1.07e-02
1 :        1195 :     22     29 :   0  7      41   0  8      67 :    34411    36062    42769    43712      8 :  98.7  1.3e-03  1.00e-02
1 :        1196 :     22     30 :   0  7      41   0  8      68 :    34411    36062    43713    45403     11 :  98.7  8.8e-04  1.53e-02
1 :        1197 :     22     31 :   0  7      41   0  8      71 :    34411    36062    45404    47057     15 :  98.2  4.5e-04  1.83e-02
0 :        1198 :     22     32 :   0  7      41   0  8      72 :    34411    36062    47058    49013      0 :   0.0  1.2e-05  4.68e-01
1 :        1199 :     22     33 :   0  7      41   0  8      73 :    34411    36062    49014    49752      7 :  98.6  1.4e-03  9.70e-03
1 :        1200 :     22     34 :   0  7      41   0  8      74 :    34411    36062    49753    51606     10 :  98.9  1.0e-03  1.45e-02
1 :        1201 :     22     35 :   0  7      41   0  8      75 :    34411    36062    51607    53340     10 :  98.8  1.6e-03  1.53e-02
1 :        1202 :     22     36 :   0  7      41   0  8      76 :    34411    36062    53341    54448      8 :  98.8  1.3e-03  1.14e-02
1 :        1203 :     22     37 :   0  7      41   0  8      77 :    34411    36062    54449    56151     12 :  98.6  6.7e-04  1.60e-02
1 :        1204 :     22     38 :   0  7      41   0  8      78 :    34411    36062    56152    58105     13 :  98.5  5.0e-04  1.86e-02
0 :        1205 :     22     39 :   0  7      41   0  8      83 :    34411    36062    58106    60074      0 :   0.0  2.0e-06  4.71e-01
0 :        1206 :     22     40 :   0  7      41   0  8      84 :    34411    36062    60075    61735      0 :   0.0  4.5e-06  3.98e-01
0 :        1207 :     22     41 :   0  7      41   0  8      85 :    34411    36062    61736    62505      0 :   0.0  1.5e-06  1.87e-01
1 :        1208 :     22     42 :   0  7      41   0  8      86 :    34411    36062    62506    64201     14 :  98.3  4.4e-04  1.67e-02
0 :        1209 :     22     43 :   0  7      41   0  8      87 :    34411    36062    64202    65898      0 :   0.0  1.9e-06  4.07e-01
1 :        1210 :     22     44 :   0  7      41   0  8      88 :    34411    36062    65899    66838     11 :  98.2  4.4e-04  1.30e-02
1 :        1211 :     22     45 :   0  7      41   0  8      89 :    34411    36062    66839    68824     14 :  98.4  5.0e-04  1.88e-02
1 :        1212 :     22     46 :   0  7      41   0  8      90 :    34411    36062    68825    70511     14 :  98.3  5.0e-04  1.80e-02
1 :        1213 :     22     47 :   0  7      41   0  8      93 :    34411    36062    70512    72369     13 :  98.5  5.0e-04  1.85e-02
1 :        1214 :     22     48 :   0  7      41   0  8      94 :    34411    36062    72370    73108      9 :  98.2  6.6e-04  1.10e-02
1 :        1215 :     22     49 :   0  7      41   0  8      95 :    34411    36062    73109    74219      9 :  98.6  1.0e-03  1.14e-02
1 :        1216 :     22     50 :   0  7      41   0  8      96 :    34411    36062    74220    76059     11 :  98.7  1.1e-03  1.55e-02
1 :        1217 :     22     51 :   0  7      41   0  8      97 :    34411    36062    76060    77572      9 :  98.9  2.0e-03  1.38e-02
1 :        1218 :     22     52 :   0  7      41   0  8      98 :    34411    36062    77573    77654      6 :  92.3  1.7e-03  6.55e-03
1 :        1219 :     23      0 :   0  7      46   0  5       1 :    36063    37795        0     1752     10 :  98.9  4.5e-03  1.45e-02
1 :        1220 :     23      1 :   0  7      46   0  5       2 :    36063    37795     1753     2514      7 :  98.7  3.5e-03  1.01e-02
1 :        1221 :     23      2 :   0  7      46   0  5       3 :    36063    37795     2515     4234     10 :  98.8  4.5e-03  1.45e-02
1 :        1222 :     23      3 :   0  7      46   0  5       4 :    36063    37795     4235     4987      7 :  98.7  3.5e-03  1.03e-02
1 :        1223 :     23      4 :   0  7      46   0  6       9 :    36063    37795     4988     6868     10 :  98.9  2.6e-03  1.53e-02
1 :        1224 :     23      5 :   0  7      46   0  6      11 :    36063    37795     6869     8218      9 :  98.8  1.7e-03  1.41e-02
1 :        1225 :     23      6 :   0  7      46   0  6      12 :    36063    37795     8219    10055     11 :  98.8  1.5e-03  1.76e-02
1 :        1226 :     23      7 :   0  7      46   0  6      14 :    36063    37795    10056    11954     10 :  98.9  2.5e-03  1.66e-02
1 :        1227 :     23      8 :   0  7      46   0  6      15 :    36063    37795    11955    13812     12 :  98.7  1.5e-03  1.82e-02
1 :        1228 :     23      9 :   0  7      46   0  6      16 :    36063    37795    13813    15162     10 :  98.7  1.5e-03  1.43e-02
0 :        1229 :     23     10 :   0  7      46   0  6      26 :    36063    37795    15163    17042      0 :   0.0  1.2e-05  4.81e-01
1 :        1230 :     23     11 :   0  7      46   0  6      27 :    36063    37795    17043    18216      9 :  98.7  1.3e-03  1.33e-02
1 :        1231 :     23     12 :   0  7      46   0  6      28 :    36063    37795    18217    20483     12 :  98.8  1.0e-03  1.99e-02
0 :        1232 :     23     13 :   0  7      46   0  6      29 :    36063    37795    20484    22354      0 :   0.0  2.0e-06  4.78e-01
1 :        1233 :     23     14 :   0  7      46   0  6      31 :    36063    37795    22355    24605     13 :  98.7  9.9e-04  2.12e-02
1 :        1234 :     23     15 :   0  7      46   0  6      32 :    36063    37795    24606    25765     10 :  98.6  9.9e-04  1.40e-02
1 :        1235 :     23     16 :   0  7      46   0  7      19 :    36063    37795    25766    27455     10 :  98.8  3.0e-03  1.58e-02
1 :        1236 :     23     17 :   0  7      46   0  7      20 :    36063    37795    27456    28389      8 :  98.7  2.5e-03  1.15e-02
1 :        1237 :     23     18 :   0  7      46   0  7      25 :    36063    37795    28390    30099     10 :  98.8  3.0e-03  1.54e-02
1 :        1238 :     23     19 :   0  7      46   0  7      26 :    36063    37795    30100    31020      8 :  98.7  2.5e-03  1.14e-02
1 :        1239 :     23     20 :   0  7      46   0  7      35 :    36063    37795    31021    32680     11 :  98.7  9.9e-04  1.58e-02
0 :        1240 :     23     21 :   0  7      46   0  7      40 :    36063    37795    32681    34410      0 :   0.0  1.1e-05  4.41e-01
1 :        1241 :     23     22 :   0  7      46   0  7      41 :    36063    37795    34411    36062     11 :  98.7  9.9e-04  1.66e-02
0 :        1242 :     23     23 :   0  7      46   0  7      46 :    36063    37795    36063    37795      0 :   0.0  1.0e-03  4.42e-01
1 :        1243 :     23     24 :   0  7      46   0  7      50 :    36063    37795    37796    38258      8 :  97.8  1.1e-03  9.46e-03
0 :        1244 :     23     25 :   0  7      46   0  7      59 :    36063    37795    38259    39857      0 :   0.0  5.7e-05  4.07e-01
1 :        1245 :     23     26 :   0  7      46   0  7      60 :    36063    37795    39858    40314     10 :  97.2  5.0e-04  1.03e-02
1 :        1246 :     23     27 :   0  7      46   0  8      65 :    36063    37795    40315    42013     10 :  98.8  1.6e-03  1.45e-02
1 :        1247 :     23     28 :   0  7      46   0  8      66 :    36063    37795    42014    42768      8 :  98.5  1.3e-03  1.04e-02
1 :        1248 :     23     29 :   0  7      46   0  8      67 :    36063    37795    42769    43712      8 :  98.7  1.4e-03  1.04e-02
1 :        1249 :     23     30 :   0  7      46   0  8      68 :    36063    37795    43713    45403     11 :  98.7  1.0e-03  1.58e-02
1 :        1250 :     23     31 :   0  7      46   0  8      71 :    36063    37795    45404    47057     11 :  98.7  6.7e-04  1.64e-02
1 :        1251 :     23     32 :   0  7      46   0  8      72 :    36063    37795    47058    49013     14 :  98.5  5.0e-04  2.05e-02
1 :        1252 :     23     33 :   0  7      46   0  8      73 :    36063    37795    49014    49752      8 :  98.5  1.3e-03  1.12e-02
1 :        1253 :     23     34 :   0  7      46   0  8      74 :    36063    37795    49753    51606     11 :  98.8  8.8e-04  1.65e-02
1 :        1254 :     23     35 :   0  7      46   0  8      75 :    36063    37795    51607    53340     11 :  98.7  1.3e-03  1.70e-02
1 :        1255 :     23     36 :   0  7      46   0  8      76 :    36063    37795    53341    54448      9 :  98.7  8.8e-04  1.27e-02
1 :        1256 :     23     37 :   0  7      46   0  8      77 :    36063    37795    54449    56151     15 :  98.3  4.5e-04  1.83e-02
0 :        1257 :     23     38 :   0  7      46   0  8      78 :    36063    37795    56152    58105      0 :   0.0  1.1e-05  4.98e-01
1 :        1258 :     23     39 :   0  7      46   0  8      83 :    36063    37795    58106    60074     13 :  98.6  5.0e-04  1.98e-02
1 :        1259 :     23     40 :   0  7      46   0  8      84 :    36063    37795    60075    61735     15 :  98.2  5.0e-04  1.86e-02
1 :        1260 :     23     41 :   0  7      46   0  8      85 :    36063    37795    61736    62505      7 :  98.7  9.9e-04  1.03e-02
1 :        1261 :     23     42 :   0  7      46   0  8      86 :    36063    37795    62506    64201     11 :  98.7  1.1e-03  1.50e-02
1 :        1262 :     23     43 :   0  7      46   0  8      87 :    36063    37795    64202    65898     14 :  98.4  5.0e-04  1.83e-02
1 :        1263 :     23     44 :   0  7      46   0  8      88 :    36063    37795    65899    66838     10 :  98.4  6.6e-04  1.21e-02
0 :        1264 :     23     45 :   0  7      46   0  8      89 :    36063    37795    66839    68824      0 :   0.0  1.9e-06  5.05e-01
0 :        1265 :     23     46 :   0  7      46   0  8      90 :    36063    37795    68825    70511      0 :   0.0  3.6e-06  4.31e-01
0 :        1266 :     23     47 :   0  7      46   0  8      93 :    36063    37795    70512    72369      0 :   0.0  1.5e-06  4.73e-01
1 :        1267 :     23     48 :   0  7      46   0  8      94 :    36063    37795    72370    73108     10 :  98.1  4.4e-04  1.15e-02
0 :        1268 :     23     49 :   0  7      46   0  8      95 :    36063    37795    73109    74219      0 :   0.0  2.8e-06  2.85e-01
1 :        1269 :     23     50 :   0  7      46   0  8      96 :    36063    37795    74220    76059     16 :  98.2  4.4e-04  2.04e-02
1 :        1270 :     23     51 :   0  7      46   0  8      97 :    36063    37795    76060    77572     10 :  98.8  1.3e-03  1.53e-02
1 :        1271 :     23     52 :   0  7      46   0  8      98 :    36063    37795    77573    77654      7 :  91.1  9.0e-04  7.57e-03
1 :        1272 :     24      0 :   0  7      50   0  5       1 :    37796    38258        0     1752      6 :  98.4  5.5e-03  7.64e-03
1 :        1273 :     24      1 :   0  7      50   0  5       2 :    37796    38258     1753     2514      6 :  97.9  4.5e-03  4.27e-03
1 :        1274 :     24      2 :   0  7      50   0  5       3 :    37796    38258     2515     4234      6 :  98.4  5.5e-03  6.72e-03
1 :        1275 :     24      3 :   0  7      50   0  5       4 :    37796    38258     4235     4987      6 :  97.9  4.6e-03  4.22e-03
1 :        1276 :     24      4 :   0  7      50   0  6       9 :    37796    38258     4988     6868      6 :  98.4  3.5e-03  7.14e-03
1 :        1277 :     24      5 :   0  7      50   0  6      11 :    37796    38258     6869     8218      6 :  98.3  2.5e-03  6.28e-03
1 :        1278 :     24      6 :   0  7      50   0  6      12 :    37796    38258     8219    10055      7 :  98.1  2.5e-03  8.30e-03
1 :        1279 :     24      7 :   0  7      50   0  6      14 :    37796    38258    10056    11954      7 :  98.1  3.9e-03  8.93e-03
1 :        1280 :     24      8 :   0  7      50   0  6      15 :    37796    38258    11955    13812      6 :  98.4  2.7e-03  8.50e-03
1 :        1281 :     24      9 :   0  7      50   0  6      16 :    37796    38258    13813    15162      6 :  98.3  3.1e-03  6.31e-03
0 :        1282 :     24     10 :   0  7      50   0  6      26 :    37796    38258    15163    17042      0 :   0.0  9.4e-05  1.26e-01
0 :        1283 :     24     11 :   0  7      50   0  6      27 :    37796    38258    17043    18216      0 :   0.0  1.5e-06  7.98e-02
0 :        1284 :     24     12 :   0  7      50   0  6      28 :    37796    38258    18217    20483      0 :   0.0  9.6e-05  1.52e-01
1 :        1285 :     24     13 :   0  7      50   0  6      29 :    37796    38258    20484    22354      9 :  97.6  9.7e-04  1.06e-02
1 :        1286 :     24     14 :   0  7      50   0  6      31 :    37796    38258    22355    24605      9 :  97.7  9.7e-04  1.16e-02
1 :        1287 :     24     15 :   0  7      50   0  6      32 :    37796    38258    24606    25765      8 :  97.6  1.8e-03  6.56e-03
1 :        1288 :     24     16 :   0  7      50   0  7      19 :    37796    38258    25766    27455      7 :  98.1  4.0e-03  7.57e-03
1 :        1289 :     24     17 :   0  7      50   0  7      20 :    37796    38258    27456    28389      6 :  98.1  3.5e-03  4.68e-03
1 :        1290 :     24     18 :   0  7      50   0  7      25 :    37796    38258    28390    30099      7 :  98.1  4.1e-03  7.31e-03
1 :        1291 :     24     19 :   0  7      50   0  7      26 :    37796    38258    30100    31020      6 :  98.1  3.6e-03  4.33e-03
1 :        1292 :     24     20 :   0  7      50   0  7      35 :    37796    38258    31021    32680      7 :  98.1  2.0e-03  7.03e-03
1 :        1293 :     24     21 :   0  7      50   0  7      40 :    37796    38258    32681    34410     10 :  97.3  5.1e-04  9.21e-03
1 :        1294 :     24     22 :   0  7      50   0  7      41 :    37796    38258    34411    36062      7 :  98.1  2.2e-03  7.82e-03
1 :        1295 :     24     23 :   0  7      50   0  7      46 :    37796    38258    36063    37795      9 :  97.5  1.1e-03  8.81e-03
0 :        1296 :     24     24 :   0  7      50   0  7      50 :    37796    38258    37796    38258      0 :   0.0  9.2e-04  3.22e-02
1 :        1297 :     24     25 :   0  7      50   0  7      59 :    37796    38258    38259    39857      7 :  98.1  1.9e-03  6.79e-03
1 :        1298 :     24     26 :   0  7      50   0  7      60 :    37796    38258    39858    40314      7 :  97.0  1.9e-03  3.22e-03
1 :        1299 :     24     27 :   0  7      50   0  8      65 :    37796    38258    40315    42013      7 :  98.1  2.0e-03  6.68e-03
1 :        1300 :     24     28 :   0  7      50   0  8      66 :    37796    38258    42014    42768      6 :  97.9  2.0e-03  3.95e-03
1 :        1301 :     24     29 :   0  7      50   0  8      67 :    37796    38258    42769    43712      8 :  97.4  1.5e-03  4.21e-03
1 :        1302 :     24     30 :   0  7      50   0  8      68 :    37796    38258    43713    45403      8 :  97.8  1.5e-03  7.22e-03
1 :        1303 :     24     31 :   0  7      50   0  8      71 :    37796    38258    45404    47057      9 :  97.5  1.5e-03  7.67e-03
1 :        1304 :     24     32 :   0  7      50   0  8      72 :    37796    38258    47058    49013      7 :  98.1  1.6e-03  8.37e-03
1 :        1305 :     24     33 :   0  7      50   0  8      73 :    37796    38258    49014    49752      9 :  96.8  9.9e-04  4.33e-03
1 :        1306 :     24     34 :   0  7      50   0  8      74 :    37796    38258    49753    51606      9 :  97.6  9.9e-04  7.28e-03
1 :        1307 :     24     35 :   0  7      50   0  8      75 :    37796    38258    51607    53340     10 :  97.3  5.0e-04  8.42e-03
1 :        1308 :     24     36 :   0  7      50   0  8      76 :    37796    38258    53341    54448     11 :  96.6  5.0e-04  6.10e-03
1 :        1309 :     24     37 :   0  7      50   0  8      77 :    37796    38258    54449    56151      9 :  97.5  1.0e-03  7.27e-03
1 :        1310 :     24     38 :   0  7      50   0  8      78 :    37796    38258    56152    58105      8 :  97.9  1.1e-03  8.13e-03
1 :        1311 :     24     39 :   0  7      50   0  8      83 :    37796    38258    58106    60074      7 :  98.1  1.8e-03  7.98e-03
1 :        1312 :     24     40 :   0  7      50   0  8      84 :    37796    38258    60075    61735      6 :  98.3  2.1e-03  6.27e-03
1 :        1313 :     24     41 :   0  7      50   0  8      85 :    37796    38258    61736    62505      6 :  97.9  2.7e-03  3.49e-03
1 :        1314 :     24     42 :   0  7      50   0  8      86 :    37796    38258    62506    64201      6 :  98.4  3.0e-03  5.95e-03
1 :        1315 :     24     43 :   0  7      50   0  8      87 :    37796    38258    64202    65898      6 :  98.4  2.4e-03  6.66e-03
1 :        1316 :     24     44 :   0  7      50   0  8      88 :    37796    38258    65899    66838      6 :  98.1  2.7e-03  4.02e-03
1 :        1317 :     24     45 :   0  7      50   0  8      89 :    37796    38258    66839    68824      9 :  97.6  1.4e-03  8.56e-03
1 :        1318 :     24     46 :   0  7      50   0  8      90 :    37796    38258    68825    70511      7 :  98.1  1.7e-03  6.83e-03
1 :        1319 :     24     47 :   0  7      50   0  8      93 :    37796    38258    70512    72369      6 :  98.4  2.1e-03  7.04e-03
1 :        1320 :     24     48 :   0  7      50   0  8      94 :    37796    38258    72370    73108      6 :  97.9  2.5e-03  3.51e-03
1 :        1321 :     24     49 :   0  7      50   0  8      95 :    37796    38258    73109    74219      6 :  98.2  1.9e-03  4.16e-03
1 :        1322 :     24     50 :   0  7      50   0  8      96 :    37796    38258    74220    76059      7 :  98.1  2.3e-03  7.41e-03
0 :        1323 :     24     51 :   0  7      50   0  8      97 :    37796    38258    76060    77572      0 :   0.0  8.1e-07  1.02e-01
0 :        1324 :     24     52 :   0  7      50   0  8      98 :    37796    38258    77573    77654      0 :   0.0  1.3e-06  7.06e-03
1 :        1325 :     25      0 :   0  7      59   0  5       1 :    38259    39857        0     1752      8 :  99.0  5.1e-03  1.13e-02
1 :        1326 :     25      1 :   0  7      59   0  5       2 :    38259    39857     1753     2514      6 :  98.8  4.1e-03  8.65e-03
1 :        1327 :     25      2 :   0  7      59   0  5       3 :    38259    39857     2515     4234      8 :  99.0  5.0e-03  1.16e-02
1 :        1328 :     25      3 :   0  7      59   0  5       4 :    38259    39857     4235     4987      6 :  98.8  4.0e-03  8.16e-03
1 :        1329 :     25      4 :   0  7      59   0  6       9 :    38259    39857     4988     6868      8 :  99.1  3.5e-03  1.28e-02
1 :        1330 :     25      5 :   0  7      59   0  6      11 :    38259    39857     6869     8218      8 :  98.9  2.7e-03  1.02e-02
1 :        1331 :     25      6 :   0  7      59   0  6      12 :    38259    39857     8219    10055      9 :  98.9  2.2e-03  1.40e-02
1 :        1332 :     25      7 :   0  7      59   0  6      14 :    38259    39857    10056    11954      8 :  99.1  3.0e-03  1.37e-02
1 :        1333 :     25      8 :   0  7      59   0  6      15 :    38259    39857    11955    13812      9 :  99.0  2.0e-03  1.30e-02
1 :        1334 :     25      9 :   0  7      59   0  6      16 :    38259    39857    13813    15162     10 :  98.6  2.0e-03  1.32e-02
1 :        1335 :     25     10 :   0  7      59   0  6      26 :    38259    39857    15163    17042     11 :  98.7  9.4e-04  1.58e-02
1 :        1336 :     25     11 :   0  7      59   0  6      27 :    38259    39857    17043    18216      8 :  98.8  1.9e-03  1.09e-02
1 :        1337 :     25     12 :   0  7      59   0  6      28 :    38259    39857    18217    20483     10 :  98.9  1.1e-03  1.69e-02
0 :        1338 :     25     13 :   0  7      59   0  6      29 :    38259    39857    20484    22354      0 :   0.0  7.0e-05  4.25e-01
1 :        1339 :     25     14 :   0  7      59   0  6      31 :    38259    39857    22355    24605     13 :  98.6  5.0e-04  1.94e-02
1 :        1340 :     25     15 :   0  7      59   0  6      32 :    38259    39857    24606    25765     12 :  98.2  5.0e-04  1.25e-02
1 :        1341 :     25     16 :   0  7      59   0  7      19 :    38259    39857    25766    27455      8 :  99.0  3.6e-03  1.19e-02
1 :        1342 :     25     17 :   0  7      59   0  7      20 :    38259    39857    27456    28389      7 :  98.8  3.1e-03  9.09e-03
1 :        1343 :     25     18 :   0  7      59   0  7      25 :    38259    39857    28390    30099      8 :  99.0  3.5e-03  1.19e-02
1 :        1344 :     25     19 :   0  7      59   0  7      26 :    38259    39857    30100    31020      7 :  98.8  3.0e-03  9.36e-03
1 :        1345 :     25     20 :   0  7      59   0  7      35 :    38259    39857    31021    32680      9 :  98.9  1.8e-03  1.26e-02
1 :        1346 :     25     21 :   0  7      59   0  7      40 :    38259    39857    32681    34410     11 :  98.7  9.4e-04  1.45e-02
1 :        1347 :     25     22 :   0  7      59   0  7      41 :    38259    39857    34411    36062      9 :  98.9  1.5e-03  1.30e-02
0 :        1348 :     25     23 :   0  7      59   0  7      46 :    38259    39857    36063    37795      0 :   0.0  5.7e-05  3.97e-01
1 :        1349 :     25     24 :   0  7      59   0  7      50 :    38259    39857    37796    38258      6 :  98.3  1.9e-03  7.50e-03
0 :        1350 :     25     25 :   0  7      59   0  7      59 :    38259    39857    38259    39857      0 :   0.0  9.5e-04  3.64e-01
0 :        1351 :     25     26 :   0  7      59   0  7      60 :    38259    39857    39858    40314      0 :   0.0  1.2e-06  1.09e-01
1 :        1352 :     25     27 :   0  7      59   0  8      65 :    38259    39857    40315    42013      8 :  99.0  2.7e-03  1.06e-02
1 :        1353 :     25     28 :   0  7      59   0  8      66 :    38259    39857    42014    42768      6 :  98.8  2.3e-03  8.66e-03
1 :        1354 :     25     29 :   0  7      59   0  8      67 :    38259    39857    42769    43712      7 :  98.8  2.4e-03  8.03e-03
1 :        1355 :     25     30 :   0  7      59   0  8      68 :    38259    39857    43713    45403      8 :  99.0  2.1e-03  1.18e-02
1 :        1356 :     25     31 :   0  7      59   0  8      71 :    38259    39857    45404    47057      9 :  98.9  1.7e-03  1.26e-02
1 :        1357 :     25     32 :   0  7      59   0  8      72 :    38259    39857    47058    49013      9 :  99.0  1.4e-03  1.41e-02
1 :        1358 :     25     33 :   0  7      59   0  8      73 :    38259    39857    49014    49752      6 :  98.8  2.3e-03  8.11e-03
1 :        1359 :     25     34 :   0  7      59   0  8      74 :    38259    39857    49753    51606      9 :  99.0  1.9e-03  1.26e-02
1 :        1360 :     25     35 :   0  7      59   0  8      75 :    38259    39857    51607    53340      8 :  99.0  2.2e-03  1.29e-02
1 :        1361 :     25     36 :   0  7      59   0  8      76 :    38259    39857    53341    54448      9 :  98.6  1.8e-03  1.06e-02
1 :        1362 :     25     37 :   0  7      59   0  8      77 :    38259    39857    54449    56151      9 :  98.9  1.5e-03  1.23e-02
1 :        1363 :     25     38 :   0  7      59   0  8      78 :    38259    39857    56152    58105     10 :  98.9  1.1e-03  1.48e-02
1 :        1364 :     25     39 :   0  7      59   0  8      83 :    38259    39857    58106    60074     11 :  98.8  1.1e-03  1.55e-02
1 :        1365 :     25     40 :   0  7      59   0  8      84 :    38259    39857    60075    61735     11 :  98.6  1.0e-03  1.44e-02
1 :        1366 :     25     41 :   0  7      59   0  8      85 :    38259    39857    61736    62505      7 :  98.7  1.5e-03  8.64e-03
1 :        1367 :     25     42 :   0  7      59   0  8      86 :    38259    39857    62506    64201      9 :  98.9  1.5e-03  1.27e-02
1 :        1368 :     25     43 :   0  7      59   0  8      87 :    38259    39857    64202    65898     12 :  98.5  9.9e-04  1.59e-02
1 :        1369 :     25     44 :   0  7      59   0  8      88 :    38259    39857    65899    66838     10 :  98.3  9.9e-04  1.13e-02
1 :        1370 :     25     45 :   0  7      59   0  8      89 :    38259    39857    66839    68824     11 :  98.8  7.0e-04  1.55e-02
1 :        1371 :     25     46 :   0  7      59   0  8      90 :    38259    39857    68825    70511     13 :  98.4  5.0e-04  1.64e-02
1 :        1372 :     25     47 :   0  7      59   0  8      93 :    38259    39857    70512    72369     13 :  98.5  5.0e-04  1.70e-02
1 :        1373 :     25     48 :   0  7      59   0  8      94 :    38259    39857    72370    73108     10 :  98.0  5.0e-04  1.08e-02
0 :        1374 :     25     49 :   0  7      59   0  8      95 :    38259    39857    73109    74219      0 :   0.0  1.7e-06  2.55e-01
0 :        1375 :     25     50 :   0  7      59   0  8      96 :    38259    39857    74220    76059      0 :   0.0  1.4e-07  4.20e-01
1 :        1376 :     25     51 :   0  7      59   0  8      97 :    38259    39857    76060    77572      9 :  98.8  2.2e-03  1.37e-02
1 :        1377 :     25     52 :   0  7      59   0  8      98 :    38259    39857    77573    77654      6 :  92.3  1.8e-03  6.38e-03
1 :        1378 :     26      0 :   0  7      60   0  5       1 :    39858    40314        0     1752      6 :  98.3  5.5e-03  7.58e-03
1 :        1379 :     26      1 :   0  7      60   0  5       2 :    39858    40314     1753     2514      6 :  97.9  4.6e-03  4.29e-03
1 :        1380 :     26      2 :   0  7      60   0  5       3 :    39858    40314     2515     4234      6 :  98.3  5.5e-03  7.09e-03
1 :        1381 :     26      3 :   0  7      60   0  5       4 :    39858    40314     4235     4987      6 :  97.9  4.5e-03  4.24e-03
1 :        1382 :     26      4 :   0  7      60   0  6       9 :    39858    40314     4988     6868      6 :  98.4  3.9e-03  7.56e-03
1 :        1383 :     26      5 :   0  7      60   0  6      11 :    39858    40314     6869     8218      6 :  98.2  3.1e-03  6.18e-03
1 :        1384 :     26      6 :   0  7      60   0  6      12 :    39858    40314     8219    10055      6 :  98.4  2.6e-03  7.80e-03
1 :        1385 :     26      7 :   0  7      60   0  6      14 :    39858    40314    10056    11954      6 :  98.4  3.5e-03  7.99e-03
1 :        1386 :     26      8 :   0  7      60   0  6      15 :    39858    40314    11955    13812      7 :  98.1  2.5e-03  8.84e-03
1 :        1387 :     26      9 :   0  7      60   0  6      16 :    39858    40314    13813    15162      7 :  97.9  2.5e-03  6.82e-03
1 :        1388 :     26     10 :   0  7      60   0  6      26 :    39858    40314    15163    17042      9 :  97.6  9.0e-04  9.65e-03
1 :        1389 :     26     11 :   0  7      60   0  6      27 :    39858    40314    17043    18216      8 :  97.6  1.8e-03  6.38e-03
1 :        1390 :     26     12 :   0  7      60   0  6      28 :    39858    40314    18217    20483      9 :  97.6  8.9e-04  1.06e-02
0 :        1391 :     26     13 :   0  7      60   0  6      29 :    39858    40314    20484    22354      0 :   0.0  2.9e-05  1.24e-01
0 :        1392 :     26     14 :   0  7      60   0  6      31 :    39858    40314    22355    24605      0 :   0.0  2.0e-05  1.49e-01
0 :        1393 :     26     15 :   0  7      60   0  6      32 :    39858    40314    24606    25765      0 :   0.0  9.7e-07  7.80e-02
1 :        1394 :     26     16 :   0  7      60   0  7      19 :    39858    40314    25766    27455      6 :  98.3  4.1e-03  7.49e-03
1 :        1395 :     26     17 :   0  7      60   0  7      20 :    39858    40314    27456    28389      6 :  98.0  3.6e-03  4.54e-03
1 :        1396 :     26     18 :   0  7      60   0  7      25 :    39858    40314    28390    30099      6 :  98.3  4.0e-03  6.91e-03
1 :        1397 :     26     19 :   0  7      60   0  7      26 :    39858    40314    30100    31020      6 :  98.0  3.5e-03  4.46e-03
1 :        1398 :     26     20 :   0  7      60   0  7      35 :    39858    40314    31021    32680      6 :  98.3  2.2e-03  6.63e-03
1 :        1399 :     26     21 :   0  7      60   0  7      40 :    39858    40314    32681    34410      8 :  97.8  1.0e-03  8.07e-03
1 :        1400 :     26     22 :   0  7      60   0  7      41 :    39858    40314    34411    36062      7 :  98.0  2.0e-03  7.34e-03
1 :        1401 :     26     23 :   0  7      60   0  7      46 :    39858    40314    36063    37795     12 :  96.7  5.0e-04  1.01e-02
1 :        1402 :     26     24 :   0  7      60   0  7      50 :    39858    40314    37796    38258      8 :  96.5  1.9e-03  3.41e-03
0 :        1403 :     26     25 :   0  7      60   0  7      59 :    39858    40314    38259    39857      0 :   0.0  1.2e-06  1.05e-01
0 :        1404 :     26     26 :   0  7      60   0  7      60 :    39858    40314    39858    40314      0 :   0.0  9.9e-04  3.17e-02
1 :        1405 :     26     27 :   0  7      60   0  8      65 :    39858    40314    40315    42013      6 :  98.3  3.0e-03  6.87e-03
1 :        1406 :     26     28 :   0  7      60   0  8      66 :    39858    40314    42014    42768      6 :  97.9  2.7e-03  4.21e-03
1 :        1407 :     26     29 :   0  7      60   0  8      67 :    39858    40314    42769    43712      6 :  98.1  2.7e-03  4.01e-03
1 :        1408 :     26     30 :   0  7      60   0  8      68 :    39858    40314    43713    45403      7 :  98.1  2.3e-03  7.50e-03
1 :        1409 :     26     31 :   0  7      60   0  8      71 :    39858    40314    45404    47057      6 :  98.3  2.0e-03  7.00e-03
1 :        1410 :     26     32 :   0  7      60   0  8      72 :    39858    40314    47058    49013      7 :  98.1  1.7e-03  8.41e-03
1 :        1411 :     26     33 :   0  7      60   0  8      73 :    39858    40314    49014    49752      6 :  97.9  2.4e-03  3.72e-03
1 :        1412 :     26     34 :   0  7      60   0  8      74 :    39858    40314    49753    51606      7 :  98.1  2.0e-03  7.34e-03
1 :        1413 :     26     35 :   0  7      60   0  8      75 :    39858    40314    51607    53340      6 :  98.3  2.3e-03  7.09e-03
1 :        1414 :     26     36 :   0  7      60   0  8      76 :    39858    40314    53341    54448      6 :  98.1  1.8e-03  5.10e-03
1 :        1415 :     26     37 :   0  7      60   0  8      77 :    39858    40314    54449    56151      9 :  97.5  1.7e-03  7.85e-03
1 :        1416 :     26     38 :   0  7      60   0  8      78 :    39858    40314    56152    58105      8 :  97.8  1.3e-03  8.91e-03
1 :        1417 :     26     39 :   0  7      60   0  8      83 :    39858    40314    58106    60074      9 :  97.6  1.6e-03  9.97e-03
1 :        1418 :     26     40 :   0  7      60   0  8      84 :    39858    40314    60075    61735      8 :  97.8  1.5e-03  7.95e-03
1 :        1419 :     26     41 :   0  7      60   0  8      85 :    39858    40314    61736    62505      6 :  97.9  2.0e-03  3.99e-03
1 :        1420 :     26     42 :   0  7      60   0  8      86 :    39858    40314    62506    64201      7 :  98.1  2.0e-03  6.89e-03
1 :        1421 :     26     43 :   0  7      60   0  8      87 :    39858    40314    64202    65898      9 :  97.5  1.5e-03  8.39e-03
1 :        1422 :     26     44 :   0  7      60   0  8      88 :    39858    40314    65899    66838      7 :  97.7  1.5e-03  4.50e-03
1 :        1423 :     26     45 :   0  7      60   0  8      89 :    39858    40314    66839    68824      9 :  97.6  1.1e-03  8.76e-03
1 :        1424 :     26     46 :   0  7      60   0  8      90 :    39858    40314    68825    70511      9 :  97.5  1.0e-03  8.17e-03
1 :        1425 :     26     47 :   0  7      60   0  8      93 :    39858    40314    70512    72369      9 :  97.5  9.9e-04  8.83e-03
1 :        1426 :     26     48 :   0  7      60   0  8      94 :    39858    40314    72370    73108      9 :  96.8  9.9e-04  4.49e-03
1 :        1427 :     26     49 :   0  7      60   0  8      95 :    39858    40314    73109    74219     11 :  96.6  5.0e-04  5.85e-03
1 :        1428 :     26     50 :   0  7      60   0  8      96 :    39858    40314    74220    76059     11 :  97.0  5.0e-04  9.28e-03
1 :        1429 :     26     51 :   0  7      60   0  8      97 :    39858    40314    76060    77572      8 :  97.7  2.2e-03  7.39e-03
1 :        1430 :     26     52 :   0  7      60   0  8      98 :    39858    40314    77573    77654      7 :  89.9  1.8e-03  2.02e-03
1 :        1431 :     27      0 :   0  8      65   0  5       1 :    40315    42013        0     1752     10 :  98.8  3.0e-03  1.26e-02
1 :        1432 :     27      1 :   0  8      65   0  5       2 :    40315    42013     1753     2514      8 :  98.5  2.0e-03  9.97e-03
1 :        1433 :     27      2 :   0  8      65   0  5       3 :    40315    42013     2515     4234      9 :  98.9  3.3e-03  1.23e-02
1 :        1434 :     27      3 :   0  8      65   0  5       4 :    40315    42013     4235     4987      7 :  98.7  2.4e-03  9.13e-03
1 :        1435 :     27      4 :   0  8      65   0  6       9 :    40315    42013     4988     6868     12 :  98.7  1.0e-03  1.58e-02
0 :        1436 :     27      5 :   0  8      65   0  6      11 :    40315    42013     6869     8218      0 :   0.0  1.2e-06  3.31e-01
1 :        1437 :     27      6 :   0  8      65   0  6      12 :    40315    42013     8219    10055     15 :  98.3  4.7e-04  1.96e-02
1 :        1438 :     27      7 :   0  8      65   0  6      14 :    40315    42013    10056    11954      9 :  99.0  2.4e-03  1.55e-02
1 :        1439 :     27      8 :   0  8      65   0  6      15 :    40315    42013    11955    13812     11 :  98.8  1.3e-03  1.65e-02
1 :        1440 :     27      9 :   0  8      65   0  6      16 :    40315    42013    13813    15162      9 :  98.8  2.2e-03  1.31e-02
1 :        1441 :     27     10 :   0  8      65   0  6      26 :    40315    42013    15163    17042     11 :  98.8  1.6e-03  1.72e-02
1 :        1442 :     27     11 :   0  8      65   0  6      27 :    40315    42013    17043    18216      7 :  99.0  2.5e-03  1.27e-02
1 :        1443 :     27     12 :   0  8      65   0  6      28 :    40315    42013    18217    20483      9 :  99.1  2.5e-03  1.46e-02
1 :        1444 :     27     13 :   0  8      65   0  6      29 :    40315    42013    20484    22354     10 :  98.9  2.0e-03  1.68e-02
1 :        1445 :     27     14 :   0  8      65   0  6      31 :    40315    42013    22355    24605      9 :  99.1  2.8e-03  1.61e-02
1 :        1446 :     27     15 :   0  8      65   0  6      32 :    40315    42013    24606    25765      7 :  99.0  3.3e-03  1.08e-02
1 :        1447 :     27     16 :   0  8      65   0  7      19 :    40315    42013    25766    27455     10 :  98.8  1.6e-03  1.42e-02
1 :        1448 :     27     17 :   0  8      65   0  7      20 :    40315    42013    27456    28389      9 :  98.5  1.1e-03  1.13e-02
1 :        1449 :     27     18 :   0  8      65   0  7      25 :    40315    42013    28390    30099     10 :  98.8  2.0e-03  1.31e-02
1 :        1450 :     27     19 :   0  8      65   0  7      26 :    40315    42013    30100    31020      8 :  98.7  1.6e-03  1.12e-02
1 :        1451 :     27     20 :   0  8      65   0  7      35 :    40315    42013    31021    32680     15 :  98.2  4.4e-04  1.70e-02
1 :        1452 :     27     21 :   0  8      65   0  7      40 :    40315    42013    32681    34410     11 :  98.7  1.1e-03  1.55e-02
1 :        1453 :     27     22 :   0  8      65   0  7      41 :    40315    42013    34411    36062     11 :  98.7  1.3e-03  1.48e-02
1 :        1454 :     27     23 :   0  8      65   0  7      46 :    40315    42013    36063    37795     11 :  98.7  1.6e-03  1.57e-02
1 :        1455 :     27     24 :   0  8      65   0  7      50 :    40315    42013    37796    38258      7 :  98.1  2.0e-03  8.46e-03
1 :        1456 :     27     25 :   0  8      65   0  7      59 :    40315    42013    38259    39857      8 :  99.0  2.7e-03  1.15e-02
1 :        1457 :     27     26 :   0  8      65   0  7      60 :    40315    42013    39858    40314      6 :  98.3  3.0e-03  7.87e-03
0 :        1458 :     27     27 :   0  8      65   0  8      65 :    40315    42013    40315    42013      0 :   0.0  6.6e-04  4.15e-01
0 :        1459 :     27     28 :   0  8      65   0  8      66 :    40315    42013    42014    42768      0 :   0.0  4.3e-07  1.88e-01
0 :        1460 :     27     29 :   0  8      65   0  8      67 :    40315    42013    42769    43712      0 :   0.0  9.1e-07  2.33e-01
0 :        1461 :     27     30 :   0  8      65   0  8      68 :    40315    42013    43713    45403      0 :   0.0  1.1e-06  4.15e-01
1 :        1462 :     27     31 :   0  8      65   0  8      71 :    40315    42013    45404    47057     13 :  98.4  4.4e-04  1.57e-02
1 :        1463 :     27     32 :   0  8      65   0  8      72 :    40315    42013    47058    49013     11 :  98.8  8.7e-04  1.55e-02
1 :        1464 :     27     33 :   0  8      65   0  8      73 :    40315    42013    49014    49752     11 :  97.9  5.0e-04  1.09e-02
1 :        1465 :     27     34 :   0  8      65   0  8      74 :    40315    42013    49753    51606     14 :  98.4  5.0e-04  1.66e-02
1 :        1466 :     27     35 :   0  8      65   0  8      75 :    40315    42013    51607    53340     11 :  98.7  9.9e-04  1.55e-02
1 :        1467 :     27     36 :   0  8      65   0  8      76 :    40315    42013    53341    54448      9 :  98.7  9.9e-04  1.15e-02
1 :        1468 :     27     37 :   0  8      65   0  8      77 :    40315    42013    54449    56151     12 :  98.6  6.6e-04  1.51e-02
1 :        1469 :     27     38 :   0  8      65   0  8      78 :    40315    42013    56152    58105     11 :  98.8  1.0e-03  1.62e-02
1 :        1470 :     27     39 :   0  8      65   0  8      83 :    40315    42013    58106    60074     11 :  98.8  1.3e-03  1.68e-02
1 :        1471 :     27     40 :   0  8      65   0  8      84 :    40315    42013    60075    61735     11 :  98.7  1.7e-03  1.49e-02
1 :        1472 :     27     41 :   0  8      65   0  8      85 :    40315    42013    61736    62505      7 :  98.7  2.2e-03  9.43e-03
1 :        1473 :     27     42 :   0  8      65   0  8      86 :    40315    42013    62506    64201      9 :  98.9  2.6e-03  1.26e-02
1 :        1474 :     27     43 :   0  8      65   0  8      87 :    40315    42013    64202    65898      9 :  98.9  2.2e-03  1.37e-02
1 :        1475 :     27     44 :   0  8      65   0  8      88 :    40315    42013    65899    66838      7 :  98.8  2.6e-03  9.42e-03
1 :        1476 :     27     45 :   0  8      65   0  8      89 :    40315    42013    66839    68824     11 :  98.8  1.4e-03  1.51e-02
1 :        1477 :     27     46 :   0  8      65   0  8      90 :    40315    42013    68825    70511     11 :  98.7  1.8e-03  1.48e-02
1 :        1478 :     27     47 :   0  8      65   0  8      93 :    40315    42013    70512    72369      9 :  99.0  2.2e-03  1.41e-02
1 :        1479 :     27     48 :   0  8      65   0  8      94 :    40315    42013    72370    73108      6 :  98.8  2.7e-03  8.40e-03
1 :        1480 :     27     49 :   0  8      65   0  8      95 :    40315    42013    73109    74219      7 :  99.0  2.4e-03  9.29e-03
1 :        1481 :     27     50 :   0  8      65   0  8      96 :    40315    42013    74220    76059      9 :  99.0  2.8e-03  1.35e-02
1 :        1482 :     27     51 :   0  8      65   0  8      97 :    40315    42013    76060    77572      9 :  98.9  1.5e-03  1.39e-02
1 :        1483 :     27     52 :   0  8      65   0  8      98 :    40315    42013    77573    77654      6 :  92.3  1.5e-03  6.99e-03
1 :        1484 :     28      0 :   0  8      66   0  5       1 :    42014    42768        0     1752      6 :  98.9  3.0e-03  8.84e-03
1 :        1485 :     28      1 :   0  8      66   0  5       2 :    42014    42768     1753     2514      7 :  98.2  2.0e-03  5.72e-03
1 :        1486 :     28      2 :   0  8      66   0  5       3 :    42014    42768     2515     4234      6 :  98.9  3.1e-03  8.24e-03
1 :        1487 :     28      3 :   0  8      66   0  5       4 :    42014    42768     4235     4987      7 :  98.1  2.2e-03  5.77e-03
1 :        1488 :     28      4 :   0  8      66   0  6       9 :    42014    42768     4988     6868      9 :  98.3  1.0e-03  1.01e-02
0 :        1489 :     28      5 :   0  8      66   0  6      11 :    42014    42768     6869     8218      0 :   0.0  3.2e-06  1.47e-01
0 :        1490 :     28      6 :   0  8      66   0  6      12 :    42014    42768     8219    10055      0 :   0.0  3.2e-05  1.99e-01
1 :        1491 :     28      7 :   0  8      66   0  6      14 :    42014    42768    10056    11954      6 :  98.9  2.0e-03  9.26e-03
1 :        1492 :     28      8 :   0  8      66   0  6      15 :    42014    42768    11955    13812      9 :  98.3  8.8e-04  1.07e-02
1 :        1493 :     28      9 :   0  8      66   0  6      16 :    42014    42768    13813    15162      7 :  98.6  1.8e-03  8.27e-03
1 :        1494 :     28     10 :   0  8      66   0  6      26 :    42014    42768    15163    17042      8 :  98.5  1.5e-03  1.03e-02
1 :        1495 :     28     11 :   0  8      66   0  6      27 :    42014    42768    17043    18216      6 :  98.7  2.5e-03  6.77e-03
1 :        1496 :     28     12 :   0  8      66   0  6      28 :    42014    42768    18217    20483      6 :  98.9  2.5e-03  9.87e-03
1 :        1497 :     28     13 :   0  8      66   0  6      29 :    42014    42768    20484    22354      6 :  98.9  1.7e-03  9.67e-03
1 :        1498 :     28     14 :   0  8      66   0  6      31 :    42014    42768    22355    24605      6 :  98.9  2.6e-03  1.06e-02
1 :        1499 :     28     15 :   0  8      66   0  6      32 :    42014    42768    24606    25765      6 :  98.7  3.0e-03  7.73e-03
1 :        1500 :     28     16 :   0  8      66   0  7      19 :    42014    42768    25766    27455      8 :  98.5  1.5e-03  9.03e-03
1 :        1501 :     28     17 :   0  8      66   0  7      20 :    42014    42768    27456    28389      8 :  98.1  1.0e-03  6.83e-03
1 :        1502 :     28     18 :   0  8      66   0  7      25 :    42014    42768    28390    30099      7 :  98.7  1.7e-03  9.02e-03
1 :        1503 :     28     19 :   0  8      66   0  7      26 :    42014    42768    30100    31020      6 :  98.6  1.3e-03  6.09e-03
0 :        1504 :     28     20 :   0  8      66   0  7      35 :    42014    42768    31021    32680      0 :   0.0  1.2e-06  1.79e-01
1 :        1505 :     28     21 :   0  8      66   0  7      40 :    42014    42768    32681    34410      8 :  98.5  9.9e-04  1.04e-02
1 :        1506 :     28     22 :   0  8      66   0  7      41 :    42014    42768    34411    36062      9 :  98.3  8.8e-04  9.75e-03
1 :        1507 :     28     23 :   0  8      66   0  7      46 :    42014    42768    36063    37795      7 :  98.7  1.3e-03  9.31e-03
1 :        1508 :     28     24 :   0  8      66   0  7      50 :    42014    42768    37796    38258      6 :  97.9  2.0e-03  4.11e-03
1 :        1509 :     28     25 :   0  8      66   0  7      59 :    42014    42768    38259    39857      6 :  98.8  2.3e-03  7.45e-03
1 :        1510 :     28     26 :   0  8      66   0  7      60 :    42014    42768    39858    40314      6 :  97.9  2.7e-03  4.00e-03
0 :        1511 :     28     27 :   0  8      66   0  8      65 :    42014    42768    40315    42013      0 :   0.0  4.3e-07  1.83e-01
0 :        1512 :     28     28 :   0  8      66   0  8      66 :    42014    42768    42014    42768      0 :   0.0  6.6e-04  8.37e-02
0 :        1513 :     28     29 :   0  8      66   0  8      67 :    42014    42768    42769    43712      0 :   0.0  1.0e-06  1.03e-01
0 :        1514 :     28     30 :   0  8      66   0  8      68 :    42014    42768    43713    45403      0 :   0.0  4.0e-07  1.83e-01
0 :        1515 :     28     31 :   0  8      66   0  8      71 :    42014    42768    45404    47057      0 :   0.0  2.8e-06  1.79e-01
1 :        1516 :     28     32 :   0  8      66   0  8      72 :    42014    42768    47058    49013     11 :  98.0  4.4e-04  1.24e-02
1 :        1517 :     28     33 :   0  8      66   0  8      73 :    42014    42768    49014    49752      9 :  97.6  5.0e-04  6.07e-03
1 :        1518 :     28     34 :   0  8      66   0  8      74 :    42014    42768    49753    51606     10 :  98.1  5.0e-04  1.04e-02
1 :        1519 :     28     35 :   0  8      66   0  8      75 :    42014    42768    51607    53340      8 :  98.5  9.9e-04  1.02e-02
1 :        1520 :     28     36 :   0  8      66   0  8      76 :    42014    42768    53341    54448      8 :  98.2  9.9e-04  7.56e-03
1 :        1521 :     28     37 :   0  8      66   0  8      77 :    42014    42768    54449    56151     10 :  98.1  5.0e-04  1.04e-02
1 :        1522 :     28     38 :   0  8      66   0  8      78 :    42014    42768    56152    58105      8 :  98.5  6.6e-04  1.04e-02
1 :        1523 :     28     39 :   0  8      66   0  8      83 :    42014    42768    58106    60074      9 :  98.4  8.8e-04  1.14e-02
1 :        1524 :     28     40 :   0  8      66   0  8      84 :    42014    42768    60075    61735      8 :  98.5  1.3e-03  9.62e-03
1 :        1525 :     28     41 :   0  8      66   0  8      85 :    42014    42768    61736    62505      6 :  98.4  1.7e-03  5.25e-03
1 :        1526 :     28     42 :   0  8      66   0  8      86 :    42014    42768    62506    64201      6 :  98.9  2.2e-03  7.77e-03
1 :        1527 :     28     43 :   0  8      66   0  8      87 :    42014    42768    64202    65898      6 :  98.9  1.7e-03  8.91e-03
1 :        1528 :     28     44 :   0  8      66   0  8      88 :    42014    42768    65899    66838      6 :  98.6  2.2e-03  5.85e-03
1 :        1529 :     28     45 :   0  8      66   0  8      89 :    42014    42768    66839    68824      9 :  98.4  1.0e-03  1.08e-02
1 :        1530 :     28     46 :   0  8      66   0  8      90 :    42014    42768    68825    70511      7 :  98.7  1.4e-03  9.82e-03
1 :        1531 :     28     47 :   0  8      66   0  8      93 :    42014    42768    70512    72369      6 :  98.9  1.8e-03  9.62e-03
1 :        1532 :     28     48 :   0  8      66   0  8      94 :    42014    42768    72370    73108      6 :  98.4  2.2e-03  5.62e-03
1 :        1533 :     28     49 :   0  8      66   0  8      95 :    42014    42768    73109    74219      6 :  98.7  2.0e-03  6.19e-03
1 :        1534 :     28     50 :   0  8      66   0  8      96 :    42014    42768    74220    76059      6 :  98.9  2.4e-03  8.86e-03
1 :        1535 :     28     51 :   0  8      66   0  8      97 :    42014    42768    76060    77572      6 :  98.8  1.5e-03  8.43e-03
1 :        1536 :     28     52 :   0  8      66   0  8      98 :    42014    42768    77573    77654      5 :  93.2  1.5e-03  2.93e-03
1 :        1537 :     29      0 :   0  8      67   0  5       1 :    42769    43712        0     1752      7 :  98.9  3.5e-03  9.26e-03
1 :        1538 :     29      1 :   0  8      67   0  5       2 :    42769    43712     1753     2514      6 :  98.6  2.5e-03  6.54e-03
1 :        1539 :     29      2 :   0  8      67   0  5       3 :    42769    43712     2515     4234      7 :  98.9  3.7e-03  9.11e-03
1 :        1540 :     29      3 :   0  8      67   0  5       4 :    42769    43712     4235     4987      6 :  98.6  2.8e-03  6.07e-03
1 :        1541 :     29      4 :   0  8      67   0  6       9 :    42769    43712     4988     6868     10 :  98.4  1.5e-03  1.14e-02
1 :        1542 :     29      5 :   0  8      67   0  6      11 :    42769    43712     6869     8218     11 :  98.0  5.0e-04  1.10e-02
1 :        1543 :     29      6 :   0  8      67   0  6      12 :    42769    43712     8219    10055     10 :  98.4  6.8e-04  1.28e-02
1 :        1544 :     29      7 :   0  8      67   0  6      14 :    42769    43712    10056    11954      7 :  98.9  2.6e-03  1.13e-02
1 :        1545 :     29      8 :   0  8      67   0  6      15 :    42769    43712    11955    13812      8 :  98.7  1.4e-03  1.17e-02
1 :        1546 :     29      9 :   0  8      67   0  6      16 :    42769    43712    13813    15162      8 :  98.6  2.3e-03  9.19e-03
1 :        1547 :     29     10 :   0  8      67   0  6      26 :    42769    43712    15163    17042      9 :  98.6  1.1e-03  1.15e-02
1 :        1548 :     29     11 :   0  8      67   0  6      27 :    42769    43712    17043    18216      8 :  98.5  2.0e-03  8.34e-03
1 :        1549 :     29     12 :   0  8      67   0  6      28 :    42769    43712    18217    20483      7 :  98.9  2.0e-03  1.15e-02
1 :        1550 :     29     13 :   0  8      67   0  6      29 :    42769    43712    20484    22354      7 :  98.9  1.6e-03  1.12e-02
1 :        1551 :     29     14 :   0  8      67   0  6      31 :    42769    43712    22355    24605      7 :  98.9  2.4e-03  1.20e-02
1 :        1552 :     29     15 :   0  8      67   0  6      32 :    42769    43712    24606    25765      7 :  98.7  3.0e-03  8.48e-03
1 :        1553 :     29     16 :   0  8      67   0  7      19 :    42769    43712    25766    27455      7 :  98.8  2.0e-03  9.76e-03
1 :        1554 :     29     17 :   0  8      67   0  7      20 :    42769    43712    27456    28389      8 :  98.3  1.6e-03  7.45e-03
1 :        1555 :     29     18 :   0  8      67   0  7      25 :    42769    43712    28390    30099      7 :  98.8  2.4e-03  9.66e-03
1 :        1556 :     29     19 :   0  8      67   0  7      26 :    42769    43712    30100    31020      7 :  98.5  2.0e-03  7.40e-03
1 :        1557 :     29     20 :   0  8      67   0  7      35 :    42769    43712    31021    32680     11 :  98.2  4.3e-04  1.12e-02
1 :        1558 :     29     21 :   0  8      67   0  7      40 :    42769    43712    32681    34410     10 :  98.4  6.6e-04  1.14e-02
1 :        1559 :     29     22 :   0  8      67   0  7      41 :    42769    43712    34411    36062      7 :  98.8  1.3e-03  9.40e-03
1 :        1560 :     29     23 :   0  8      67   0  7      46 :    42769    43712    36063    37795      8 :  98.7  1.4e-03  1.04e-02
1 :        1561 :     29     24 :   0  8      67   0  7      50 :    42769    43712    37796    38258      8 :  97.4  1.5e-03  5.51e-03
1 :        1562 :     29     25 :   0  8      67   0  7      59 :    42769    43712    38259    39857      7 :  98.8  2.4e-03  8.52e-03
1 :        1563 :     29     26 :   0  8      67   0  7      60 :    42769    43712    39858    40314      6 :  98.1  2.7e-03  4.74e-03
0 :        1564 :     29     27 :   0  8      67   0  8      65 :    42769    43712    40315    42013      0 :   0.0  9.1e-07  2.26e-01
0 :        1565 :     29     28 :   0  8      67   0  8      66 :    42769    43712    42014    42768      0 :   0.0  1.0e-06  1.03e-01
0 :        1566 