--- ACA Control Parameters ---

  cluster minimal basis size : 1500
  cluster minimal compression basis size : 10
  cluster distance method : BOUNDING_CORNERS
  binary tree maximum level : 12

  fill compression method : ACA
  fill compression tolerance : 0.0001
  fill recompress method : NONE
  fill recompress tolerance : 0.0001
  solve compression method : RSVD
  solve compression tolerance : 0.0001
  solve recompress method : NONE
  solve recompress tolerance : -1

  full fill all subblocks : 0
  compress all subblocks : 0
  scale near blocks : 2

  ACA fill restart : ON
  ACA fill restart size : -1
  ACA fill restart percentage : 0.0025

--- ACA Control Parameters ---

------- Blocks Begin --------- 

  Build blocks beg
    Making new collection 0
    Cluster size BT (53) from collection (0)
    Cluster size BT trimmed (53) from collection (0)
    Appending (53) clusters from collection (0)
    Cluster size BT (53) from collection (0)
    Cluster size BT trimmed (53) from collection (0)
    Clusters size = 53

    Z block grid
      number of unknowns : 77655
      number of blocks : 2809 : (53,53)
      number of full fill blocks : 395 : 53 (diagonal) : 342 (off diagonal)
      number of compressed blocks : 2414
  Build blocks end

  Permutations beg
  Permutations end

-------- Blocks End ----------

----- Compression Begin ------ 

 0 :           0 : (    0,    0) : (  0, 5,    1) (  0, 5,    1) :        0     1752        0     1752      0 :    0.0  5.01e-01
 0 :           1 : (    0,    1) : (  0, 5,    1) (  0, 5,    2) :        0     1752     1753     2514      0 :    0.0  1.92e-01
 0 :           2 : (    0,    2) : (  0, 5,    1) (  0, 5,    3) :        0     1752     2515     4234      0 :    0.0  4.46e-01
 0 :           3 : (    0,    3) : (  0, 5,    1) (  0, 5,    4) :        0     1752     4235     4987      0 :    0.0  2.24e-01
 1 :           4 : (    0,    4) : (  0, 5,    1) (  0, 6,    9) :        0     1752     4988     6868     14 :   98.5  1.25e-02
 1 :           5 : (    0,    5) : (  0, 5,    1) (  0, 6,   11) :        0     1752     6869     8218     10 :   98.7  8.49e-03
 1 :           6 : (    0,    6) : (  0, 5,    1) (  0, 6,   12) :        0     1752     8219    10055     11 :   98.8  9.98e-03
 1 :           7 : (    0,    7) : (  0, 5,    1) (  0, 6,   14) :        0     1752    10056    11954     11 :   98.8  1.03e-02
 1 :           8 : (    0,    8) : (  0, 5,    1) (  0, 6,   15) :        0     1752    11955    13812     12 :   98.7  1.08e-02
 1 :           9 : (    0,    9) : (  0, 5,    1) (  0, 6,   16) :        0     1752    13813    15162     11 :   98.6  9.10e-03
 1 :          10 : (    0,   10) : (  0, 5,    1) (  0, 6,   26) :        0     1752    15163    17042      9 :   99.0  8.81e-03
 1 :          11 : (    0,   11) : (  0, 5,    1) (  0, 6,   27) :        0     1752    17043    18216      7 :   99.0  6.33e-03
 1 :          12 : (    0,   12) : (  0, 5,    1) (  0, 6,   28) :        0     1752    18217    20483      9 :   99.1  9.72e-03
 1 :          13 : (    0,   13) : (  0, 5,    1) (  0, 6,   29) :        0     1752    20484    22354      9 :   99.0  9.55e-03
 1 :          14 : (    0,   14) : (  0, 5,    1) (  0, 6,   31) :        0     1752    22355    24605      9 :   99.1  9.51e-03
 1 :          15 : (    0,   15) : (  0, 5,    1) (  0, 6,   32) :        0     1752    24606    25765      7 :   99.0  6.31e-03
 1 :          16 : (    0,   16) : (  0, 5,    1) (  0, 7,   19) :        0     1752    25766    27455     14 :   98.4  1.15e-02
 1 :          17 : (    0,   17) : (  0, 5,    1) (  0, 7,   20) :        0     1752    27456    28389     11 :   98.2  7.17e-03
 1 :          18 : (    0,   18) : (  0, 5,    1) (  0, 7,   25) :        0     1752    28390    30099     14 :   98.4  1.18e-02
 1 :          19 : (    0,   19) : (  0, 5,    1) (  0, 7,   26) :        0     1752    30100    31020      9 :   98.5  6.86e-03
 1 :          20 : (    0,   20) : (  0, 5,    1) (  0, 7,   35) :        0     1752    31021    32680      9 :   98.9  8.03e-03
 1 :          21 : (    0,   21) : (  0, 5,    1) (  0, 7,   40) :        0     1752    32681    34410      9 :   99.0  8.71e-03
 1 :          22 : (    0,   22) : (  0, 5,    1) (  0, 7,   41) :        0     1752    34411    36062     10 :   98.8  8.89e-03
 1 :          23 : (    0,   23) : (  0, 5,    1) (  0, 7,   46) :        0     1752    36063    37795      9 :   99.0  8.75e-03
 1 :          24 : (    0,   24) : (  0, 5,    1) (  0, 7,   50) :        0     1752    37796    38258      6 :   98.4  4.49e-03
 1 :          25 : (    0,   25) : (  0, 5,    1) (  0, 7,   59) :        0     1752    38259    39857      8 :   99.0  7.20e-03
 1 :          26 : (    0,   26) : (  0, 5,    1) (  0, 7,   60) :        0     1752    39858    40314      6 :   98.3  4.40e-03
 1 :          27 : (    0,   27) : (  0, 5,    1) (  0, 8,   65) :        0     1752    40315    42013     10 :   98.8  8.74e-03
 1 :          28 : (    0,   28) : (  0, 5,    1) (  0, 8,   66) :        0     1752    42014    42768      6 :   98.9  5.15e-03
 1 :          29 : (    0,   29) : (  0, 5,    1) (  0, 8,   67) :        0     1752    42769    43712      7 :   98.9  5.24e-03
 1 :          30 : (    0,   30) : (  0, 5,    1) (  0, 8,   68) :        0     1752    43713    45403      9 :   99.0  8.52e-03
 1 :          31 : (    0,   31) : (  0, 5,    1) (  0, 8,   71) :        0     1752    45404    47057      9 :   98.9  8.41e-03
 1 :          32 : (    0,   32) : (  0, 5,    1) (  0, 8,   72) :        0     1752    47058    49013     11 :   98.8  1.08e-02
 1 :          33 : (    0,   33) : (  0, 5,    1) (  0, 8,   73) :        0     1752    49014    49752      6 :   98.8  5.11e-03
 1 :          34 : (    0,   34) : (  0, 5,    1) (  0, 8,   74) :        0     1752    49753    51606      9 :   99.0  8.35e-03
 1 :          35 : (    0,   35) : (  0, 5,    1) (  0, 8,   75) :        0     1752    51607    53340      9 :   99.0  8.80e-03
 1 :          36 : (    0,   36) : (  0, 5,    1) (  0, 8,   76) :        0     1752    53341    54448      7 :   99.0  5.60e-03
 1 :          37 : (    0,   37) : (  0, 5,    1) (  0, 8,   77) :        0     1752    54449    56151      9 :   99.0  8.27e-03
 1 :          38 : (    0,   38) : (  0, 5,    1) (  0, 8,   78) :        0     1752    56152    58105      9 :   99.0  9.21e-03
 1 :          39 : (    0,   39) : (  0, 5,    1) (  0, 8,   83) :        0     1752    58106    60074      9 :   99.0  9.31e-03
 1 :          40 : (    0,   40) : (  0, 5,    1) (  0, 8,   84) :        0     1752    60075    61735     10 :   98.8  9.32e-03
 1 :          41 : (    0,   41) : (  0, 5,    1) (  0, 8,   85) :        0     1752    61736    62505      6 :   98.9  4.61e-03
 1 :          42 : (    0,   42) : (  0, 5,    1) (  0, 8,   86) :        0     1752    62506    64201      9 :   99.0  8.29e-03
 1 :          43 : (    0,   43) : (  0, 5,    1) (  0, 8,   87) :        0     1752    64202    65898     10 :   98.8  9.25e-03
 1 :          44 : (    0,   44) : (  0, 5,    1) (  0, 8,   88) :        0     1752    65899    66838      7 :   98.9  5.85e-03
 1 :          45 : (    0,   45) : (  0, 5,    1) (  0, 8,   89) :        0     1752    66839    68824      9 :   99.0  9.11e-03
 1 :          46 : (    0,   46) : (  0, 5,    1) (  0, 8,   90) :        0     1752    68825    70511      9 :   99.0  8.92e-03
 1 :          47 : (    0,   47) : (  0, 5,    1) (  0, 8,   93) :        0     1752    70512    72369      9 :   99.0  8.39e-03
 1 :          48 : (    0,   48) : (  0, 5,    1) (  0, 8,   94) :        0     1752    72370    73108      6 :   98.8  5.05e-03
 1 :          49 : (    0,   49) : (  0, 5,    1) (  0, 8,   95) :        0     1752    73109    74219      7 :   99.0  5.62e-03
 1 :          50 : (    0,   50) : (  0, 5,    1) (  0, 8,   96) :        0     1752    74220    76059      9 :   99.0  8.64e-03
 1 :          51 : (    0,   51) : (  0, 5,    1) (  0, 8,   97) :        0     1752    76060    77572      8 :   99.0  7.78e-03
 1 :          52 : (    0,   52) : (  0, 5,    1) (  0, 8,   98) :        0     1752    77573    77654      5 :   93.6  2.74e-03
 0 :          53 : (    1,    0) : (  0, 5,    2) (  0, 5,    1) :     1753     2514        0     1752      0 :    0.0  1.88e-01
 0 :          54 : (    1,    1) : (  0, 5,    2) (  0, 5,    2) :     1753     2514     1753     2514      0 :    0.0  1.26e-01
 0 :          55 : (    1,    2) : (  0, 5,    2) (  0, 5,    3) :     1753     2514     2515     4234      0 :    0.0  1.85e-01
 0 :          56 : (    1,    3) : (  0, 5,    2) (  0, 5,    4) :     1753     2514     4235     4987      0 :    0.0  8.09e-02
 0 :          57 : (    1,    4) : (  0, 5,    2) (  0, 6,    9) :     1753     2514     4988     6868      0 :    0.0  2.02e-01
 1 :          58 : (    1,    5) : (  0, 5,    2) (  0, 6,   11) :     1753     2514     6869     8218     10 :   97.9  5.79e-03
 1 :          59 : (    1,    6) : (  0, 5,    2) (  0, 6,   12) :     1753     2514     8219    10055     10 :   98.1  6.95e-03
 1 :          60 : (    1,    7) : (  0, 5,    2) (  0, 6,   14) :     1753     2514    10056    11954      9 :   98.3  6.75e-03
 1 :          61 : (    1,    8) : (  0, 5,    2) (  0, 6,   15) :     1753     2514    11955    13812      9 :   98.3  6.83e-03
 1 :          62 : (    1,    9) : (  0, 5,    2) (  0, 6,   16) :     1753     2514    13813    15162      9 :   98.2  5.57e-03
 1 :          63 : (    1,   10) : (  0, 5,    2) (  0, 6,   26) :     1753     2514    15163    17042      7 :   98.7  5.68e-03
 1 :          64 : (    1,   11) : (  0, 5,    2) (  0, 6,   27) :     1753     2514    17043    18216      7 :   98.5  4.29e-03
 1 :          65 : (    1,   12) : (  0, 5,    2) (  0, 6,   28) :     1753     2514    18217    20483      6 :   98.9  5.69e-03
 1 :          66 : (    1,   13) : (  0, 5,    2) (  0, 6,   29) :     1753     2514    20484    22354      7 :   98.7  6.06e-03
 1 :          67 : (    1,   14) : (  0, 5,    2) (  0, 6,   31) :     1753     2514    22355    24605      6 :   98.9  5.67e-03
 1 :          68 : (    1,   15) : (  0, 5,    2) (  0, 6,   32) :     1753     2514    24606    25765      6 :   98.7  4.00e-03
 0 :          69 : (    1,   16) : (  0, 5,    2) (  0, 7,   19) :     1753     2514    25766    27455      0 :    0.0  2.26e-01
 1 :          70 : (    1,   17) : (  0, 5,    2) (  0, 7,   20) :     1753     2514    27456    28389     14 :   96.7  5.77e-03
 0 :          71 : (    1,   18) : (  0, 5,    2) (  0, 7,   25) :     1753     2514    28390    30099      0 :    0.0  1.84e-01
 1 :          72 : (    1,   19) : (  0, 5,    2) (  0, 7,   26) :     1753     2514    30100    31020     10 :   97.6  4.57e-03
 1 :          73 : (    1,   20) : (  0, 5,    2) (  0, 7,   35) :     1753     2514    31021    32680      8 :   98.5  5.51e-03
 1 :          74 : (    1,   21) : (  0, 5,    2) (  0, 7,   40) :     1753     2514    32681    34410      7 :   98.7  5.49e-03
 1 :          75 : (    1,   22) : (  0, 5,    2) (  0, 7,   41) :     1753     2514    34411    36062      8 :   98.5  5.98e-03
 1 :          76 : (    1,   23) : (  0, 5,    2) (  0, 7,   46) :     1753     2514    36063    37795      6 :   98.9  4.76e-03
 1 :          77 : (    1,   24) : (  0, 5,    2) (  0, 7,   50) :     1753     2514    37796    38258      6 :   97.9  2.52e-03
 1 :          78 : (    1,   25) : (  0, 5,    2) (  0, 7,   59) :     1753     2514    38259    39857      6 :   98.8  4.39e-03
 1 :          79 : (    1,   26) : (  0, 5,    2) (  0, 7,   60) :     1753     2514    39858    40314      6 :   97.9  2.46e-03
 1 :          80 : (    1,   27) : (  0, 5,    2) (  0, 8,   65) :     1753     2514    40315    42013      8 :   98.5  5.51e-03
 1 :          81 : (    1,   28) : (  0, 5,    2) (  0, 8,   66) :     1753     2514    42014    42768      8 :   97.9  3.63e-03
 1 :          82 : (    1,   29) : (  0, 5,    2) (  0, 8,   67) :     1753     2514    42769    43712      7 :   98.3  3.30e-03
 1 :          83 : (    1,   30) : (  0, 5,    2) (  0, 8,   68) :     1753     2514    43713    45403      8 :   98.5  5.73e-03
 1 :          84 : (    1,   31) : (  0, 5,    2) (  0, 8,   71) :     1753     2514    45404    47057      8 :   98.5  5.64e-03
 1 :          85 : (    1,   32) : (  0, 5,    2) (  0, 8,   72) :     1753     2514    47058    49013      7 :   98.7  5.98e-03
 1 :          86 : (    1,   33) : (  0, 5,    2) (  0, 8,   73) :     1753     2514    49014    49752      7 :   98.1  3.36e-03
 1 :          87 : (    1,   34) : (  0, 5,    2) (  0, 8,   74) :     1753     2514    49753    51606      7 :   98.7  5.24e-03
 1 :          88 : (    1,   35) : (  0, 5,    2) (  0, 8,   75) :     1753     2514    51607    53340      7 :   98.7  5.43e-03
 1 :          89 : (    1,   36) : (  0, 5,    2) (  0, 8,   76) :     1753     2514    53341    54448      6 :   98.7  3.87e-03
 1 :          90 : (    1,   37) : (  0, 5,    2) (  0, 8,   77) :     1753     2514    54449    56151      7 :   98.7  4.92e-03
 1 :          91 : (    1,   38) : (  0, 5,    2) (  0, 8,   78) :     1753     2514    56152    58105      7 :   98.7  5.87e-03
 1 :          92 : (    1,   39) : (  0, 5,    2) (  0, 8,   83) :     1753     2514    58106    60074      7 :   98.7  6.06e-03
 1 :          93 : (    1,   40) : (  0, 5,    2) (  0, 8,   84) :     1753     2514    60075    61735      7 :   98.7  5.67e-03
 1 :          94 : (    1,   41) : (  0, 5,    2) (  0, 8,   85) :     1753     2514    61736    62505      7 :   98.2  2.99e-03
 1 :          95 : (    1,   42) : (  0, 5,    2) (  0, 8,   86) :     1753     2514    62506    64201      7 :   98.7  5.06e-03
 1 :          96 : (    1,   43) : (  0, 5,    2) (  0, 8,   87) :     1753     2514    64202    65898      7 :   98.7  5.40e-03
 1 :          97 : (    1,   44) : (  0, 5,    2) (  0, 8,   88) :     1753     2514    65899    66838      7 :   98.3  3.59e-03
 1 :          98 : (    1,   45) : (  0, 5,    2) (  0, 8,   89) :     1753     2514    66839    68824      7 :   98.7  5.99e-03
 1 :          99 : (    1,   46) : (  0, 5,    2) (  0, 8,   90) :     1753     2514    68825    70511      7 :   98.7  5.55e-03
 1 :         100 : (    1,   47) : (  0, 5,    2) (  0, 8,   93) :     1753     2514    70512    72369      7 :   98.7  5.32e-03
 1 :         101 : (    1,   48) : (  0, 5,    2) (  0, 8,   94) :     1753     2514    72370    73108      6 :   98.4  3.06e-03
 1 :         102 : (    1,   49) : (  0, 5,    2) (  0, 8,   95) :     1753     2514    73109    74219      6 :   98.7  3.48e-03
 1 :         103 : (    1,   50) : (  0, 5,    2) (  0, 8,   96) :     1753     2514    74220    76059      6 :   98.9  5.00e-03
 1 :         104 : (    1,   51) : (  0, 5,    2) (  0, 8,   97) :     1753     2514    76060    77572      6 :   98.8  4.67e-03
 1 :         105 : (    1,   52) : (  0, 5,    2) (  0, 8,   98) :     1753     2514    77573    77654      5 :   93.2  1.40e-03
 0 :         106 : (    2,    0) : (  0, 5,    3) (  0, 5,    1) :     2515     4234        0     1752      0 :    0.0  4.61e-01
 0 :         107 : (    2,    1) : (  0, 5,    3) (  0, 5,    2) :     2515     4234     1753     2514      0 :    0.0  1.91e-01
 0 :         108 : (    2,    2) : (  0, 5,    3) (  0, 5,    3) :     2515     4234     2515     4234      0 :    0.0  4.27e-01
 0 :         109 : (    2,    3) : (  0, 5,    3) (  0, 5,    4) :     2515     4234     4235     4987      0 :    0.0  2.11e-01
 1 :         110 : (    2,    4) : (  0, 5,    3) (  0, 6,    9) :     2515     4234     4988     6868     11 :   98.8  1.07e-02
 1 :         111 : (    2,    5) : (  0, 5,    3) (  0, 6,   11) :     2515     4234     6869     8218     10 :   98.7  8.55e-03
 1 :         112 : (    2,    6) : (  0, 5,    3) (  0, 6,   12) :     2515     4234     8219    10055     11 :   98.8  9.94e-03
 1 :         113 : (    2,    7) : (  0, 5,    3) (  0, 6,   14) :     2515     4234    10056    11954     14 :   98.4  1.20e-02
 1 :         114 : (    2,    8) : (  0, 5,    3) (  0, 6,   15) :     2515     4234    11955    13812     11 :   98.8  1.04e-02
 1 :         115 : (    2,    9) : (  0, 5,    3) (  0, 6,   16) :     2515     4234    13813    15162     11 :   98.5  8.86e-03
 1 :         116 : (    2,   10) : (  0, 5,    3) (  0, 6,   26) :     2515     4234    15163    17042      9 :   99.0  8.71e-03
 1 :         117 : (    2,   11) : (  0, 5,    3) (  0, 6,   27) :     2515     4234    17043    18216      7 :   99.0  6.38e-03
 1 :         118 : (    2,   12) : (  0, 5,    3) (  0, 6,   28) :     2515     4234    18217    20483      9 :   99.1  9.71e-03
 1 :         119 : (    2,   13) : (  0, 5,    3) (  0, 6,   29) :     2515     4234    20484    22354      9 :   99.0  9.65e-03
 1 :         120 : (    2,   14) : (  0, 5,    3) (  0, 6,   31) :     2515     4234    22355    24605      9 :   99.1  9.79e-03
 1 :         121 : (    2,   15) : (  0, 5,    3) (  0, 6,   32) :     2515     4234    24606    25765      7 :   99.0  6.56e-03
 1 :         122 : (    2,   16) : (  0, 5,    3) (  0, 7,   19) :     2515     4234    25766    27455     14 :   98.4  2.34e-02
 1 :         123 : (    2,   17) : (  0, 5,    3) (  0, 7,   20) :     2515     4234    27456    28389      9 :   98.5  8.74e-03
 1 :         124 : (    2,   18) : (  0, 5,    3) (  0, 7,   25) :     2515     4234    28390    30099     14 :   98.4  2.02e-02
 1 :         125 : (    2,   19) : (  0, 5,    3) (  0, 7,   26) :     2515     4234    30100    31020      9 :   98.5  6.19e-03
 1 :         126 : (    2,   20) : (  0, 5,    3) (  0, 7,   35) :     2515     4234    31021    32680      9 :   98.9  8.60e-03
 1 :         127 : (    2,   21) : (  0, 5,    3) (  0, 7,   40) :     2515     4234    32681    34410      9 :   99.0  8.64e-03
 1 :         128 : (    2,   22) : (  0, 5,    3) (  0, 7,   41) :     2515     4234    34411    36062     10 :   98.8  8.93e-03
 1 :         129 : (    2,   23) : (  0, 5,    3) (  0, 7,   46) :     2515     4234    36063    37795      9 :   99.0  8.67e-03
 1 :         130 : (    2,   24) : (  0, 5,    3) (  0, 7,   50) :     2515     4234    37796    38258      6 :   98.4  4.56e-03
 1 :         131 : (    2,   25) : (  0, 5,    3) (  0, 7,   59) :     2515     4234    38259    39857      8 :   99.0  7.43e-03
 1 :         132 : (    2,   26) : (  0, 5,    3) (  0, 7,   60) :     2515     4234    39858    40314      6 :   98.3  3.75e-03
 1 :         133 : (    2,   27) : (  0, 5,    3) (  0, 8,   65) :     2515     4234    40315    42013      9 :   98.9  8.28e-03
 1 :         134 : (    2,   28) : (  0, 5,    3) (  0, 8,   66) :     2515     4234    42014    42768      6 :   98.9  4.86e-03
 1 :         135 : (    2,   29) : (  0, 5,    3) (  0, 8,   67) :     2515     4234    42769    43712      7 :   98.9  5.46e-03
 1 :         136 : (    2,   30) : (  0, 5,    3) (  0, 8,   68) :     2515     4234    43713    45403      9 :   98.9  8.51e-03
 1 :         137 : (    2,   31) : (  0, 5,    3) (  0, 8,   71) :     2515     4234    45404    47057      9 :   98.9  8.45e-03
 1 :         138 : (    2,   32) : (  0, 5,    3) (  0, 8,   72) :     2515     4234    47058    49013      9 :   99.0  9.78e-03
 1 :         139 : (    2,   33) : (  0, 5,    3) (  0, 8,   73) :     2515     4234    49014    49752      6 :   98.8  4.27e-03
 1 :         140 : (    2,   34) : (  0, 5,    3) (  0, 8,   74) :     2515     4234    49753    51606      9 :   99.0  8.70e-03
 1 :         141 : (    2,   35) : (  0, 5,    3) (  0, 8,   75) :     2515     4234    51607    53340      9 :   99.0  8.53e-03
 1 :         142 : (    2,   36) : (  0, 5,    3) (  0, 8,   76) :     2515     4234    53341    54448      7 :   99.0  6.33e-03
 1 :         143 : (    2,   37) : (  0, 5,    3) (  0, 8,   77) :     2515     4234    54449    56151      9 :   98.9  7.87e-03
 1 :         144 : (    2,   38) : (  0, 5,    3) (  0, 8,   78) :     2515     4234    56152    58105      9 :   99.0  9.20e-03
 1 :         145 : (    2,   39) : (  0, 5,    3) (  0, 8,   83) :     2515     4234    58106    60074      9 :   99.0  9.14e-03
 1 :         146 : (    2,   40) : (  0, 5,    3) (  0, 8,   84) :     2515     4234    60075    61735      9 :   98.9  8.33e-03
 1 :         147 : (    2,   41) : (  0, 5,    3) (  0, 8,   85) :     2515     4234    61736    62505      6 :   98.9  5.09e-03
 1 :         148 : (    2,   42) : (  0, 5,    3) (  0, 8,   86) :     2515     4234    62506    64201      9 :   98.9  7.94e-03
 1 :         149 : (    2,   43) : (  0, 5,    3) (  0, 8,   87) :     2515     4234    64202    65898      9 :   98.9  8.57e-03
 1 :         150 : (    2,   44) : (  0, 5,    3) (  0, 8,   88) :     2515     4234    65899    66838      7 :   98.8  5.57e-03
 1 :         151 : (    2,   45) : (  0, 5,    3) (  0, 8,   89) :     2515     4234    66839    68824      9 :   99.0  9.06e-03
 1 :         152 : (    2,   46) : (  0, 5,    3) (  0, 8,   90) :     2515     4234    68825    70511      9 :   98.9  8.61e-03
 1 :         153 : (    2,   47) : (  0, 5,    3) (  0, 8,   93) :     2515     4234    70512    72369      9 :   99.0  8.76e-03
 1 :         154 : (    2,   48) : (  0, 5,    3) (  0, 8,   94) :     2515     4234    72370    73108      6 :   98.8  5.09e-03
 1 :         155 : (    2,   49) : (  0, 5,    3) (  0, 8,   95) :     2515     4234    73109    74219      7 :   99.0  5.57e-03
 1 :         156 : (    2,   50) : (  0, 5,    3) (  0, 8,   96) :     2515     4234    74220    76059      9 :   99.0  8.69e-03
 1 :         157 : (    2,   51) : (  0, 5,    3) (  0, 8,   97) :     2515     4234    76060    77572      8 :   99.0  7.48e-03
 1 :         158 : (    2,   52) : (  0, 5,    3) (  0, 8,   98) :     2515     4234    77573    77654      5 :   93.6  3.43e-03
 0 :         159 : (    3,    0) : (  0, 5,    4) (  0, 5,    1) :     4235     4987        0     1752      0 :    0.0  1.86e-01
 0 :         160 : (    3,    1) : (  0, 5,    4) (  0, 5,    2) :     4235     4987     1753     2514      0 :    0.0  8.17e-02
 0 :         161 : (    3,    2) : (  0, 5,    4) (  0, 5,    3) :     4235     4987     2515     4234      0 :    0.0  2.06e-01
 0 :         162 : (    3,    3) : (  0, 5,    4) (  0, 5,    4) :     4235     4987     4235     4987      0 :    0.0  8.07e-02
 1 :         163 : (    3,    4) : (  0, 5,    4) (  0, 6,    9) :     4235     4987     4988     6868     10 :   98.1  7.08e-03
 1 :         164 : (    3,    5) : (  0, 5,    4) (  0, 6,   11) :     4235     4987     6869     8218      9 :   98.1  5.35e-03
 1 :         165 : (    3,    6) : (  0, 5,    4) (  0, 6,   12) :     4235     4987     8219    10055      9 :   98.3  6.72e-03
 0 :         166 : (    3,    7) : (  0, 5,    4) (  0, 6,   14) :     4235     4987    10056    11954      0 :    0.0  2.02e-01
 1 :         167 : (    3,    8) : (  0, 5,    4) (  0, 6,   15) :     4235     4987    11955    13812     11 :   97.9  7.85e-03
 1 :         168 : (    3,    9) : (  0, 5,    4) (  0, 6,   16) :     4235     4987    13813    15162     11 :   97.7  6.29e-03
 1 :         169 : (    3,   10) : (  0, 5,    4) (  0, 6,   26) :     4235     4987    15163    17042      7 :   98.7  6.03e-03
 1 :         170 : (    3,   11) : (  0, 5,    4) (  0, 6,   27) :     4235     4987    17043    18216      6 :   98.7  4.05e-03
 1 :         171 : (    3,   12) : (  0, 5,    4) (  0, 6,   28) :     4235     4987    18217    20483      6 :   98.9  5.72e-03
 1 :         172 : (    3,   13) : (  0, 5,    4) (  0, 6,   29) :     4235     4987    20484    22354      7 :   98.7  6.03e-03
 1 :         173 : (    3,   14) : (  0, 5,    4) (  0, 6,   31) :     4235     4987    22355    24605      7 :   98.8  6.60e-03
 1 :         174 : (    3,   15) : (  0, 5,    4) (  0, 6,   32) :     4235     4987    24606    25765      6 :   98.7  4.06e-03
 0 :         175 : (    3,   16) : (  0, 5,    4) (  0, 7,   19) :     4235     4987    25766    27455      0 :    0.0  1.79e-01
 1 :         176 : (    3,   17) : (  0, 5,    4) (  0, 7,   20) :     4235     4987    27456    28389     11 :   97.4  4.92e-03
 0 :         177 : (    3,   18) : (  0, 5,    4) (  0, 7,   25) :     4235     4987    28390    30099      0 :    0.0  2.05e-01
 1 :         178 : (    3,   19) : (  0, 5,    4) (  0, 7,   26) :     4235     4987    30100    31020     15 :   96.4  6.26e-03
 1 :         179 : (    3,   20) : (  0, 5,    4) (  0, 7,   35) :     4235     4987    31021    32680      8 :   98.5  5.52e-03
 1 :         180 : (    3,   21) : (  0, 5,    4) (  0, 7,   40) :     4235     4987    32681    34410      7 :   98.7  5.63e-03
 1 :         181 : (    3,   22) : (  0, 5,    4) (  0, 7,   41) :     4235     4987    34411    36062      8 :   98.5  5.75e-03
 1 :         182 : (    3,   23) : (  0, 5,    4) (  0, 7,   46) :     4235     4987    36063    37795      7 :   98.7  5.53e-03
 1 :         183 : (    3,   24) : (  0, 5,    4) (  0, 7,   50) :     4235     4987    37796    38258      6 :   97.9  2.57e-03
 1 :         184 : (    3,   25) : (  0, 5,    4) (  0, 7,   59) :     4235     4987    38259    39857      7 :   98.6  4.84e-03
 1 :         185 : (    3,   26) : (  0, 5,    4) (  0, 7,   60) :     4235     4987    39858    40314      7 :   97.5  2.65e-03
 1 :         186 : (    3,   27) : (  0, 5,    4) (  0, 8,   65) :     4235     4987    40315    42013      7 :   98.7  5.04e-03
 1 :         187 : (    3,   28) : (  0, 5,    4) (  0, 8,   66) :     4235     4987    42014    42768      7 :   98.1  3.39e-03
 1 :         188 : (    3,   29) : (  0, 5,    4) (  0, 8,   67) :     4235     4987    42769    43712      7 :   98.3  3.31e-03
 1 :         189 : (    3,   30) : (  0, 5,    4) (  0, 8,   68) :     4235     4987    43713    45403      7 :   98.7  5.33e-03
 1 :         190 : (    3,   31) : (  0, 5,    4) (  0, 8,   71) :     4235     4987    45404    47057      7 :   98.6  5.20e-03
 1 :         191 : (    3,   32) : (  0, 5,    4) (  0, 8,   72) :     4235     4987    47058    49013      8 :   98.5  6.56e-03
 1 :         192 : (    3,   33) : (  0, 5,    4) (  0, 8,   73) :     4235     4987    49014    49752      6 :   98.4  3.15e-03
 1 :         193 : (    3,   34) : (  0, 5,    4) (  0, 8,   74) :     4235     4987    49753    51606      7 :   98.7  5.40e-03
 1 :         194 : (    3,   35) : (  0, 5,    4) (  0, 8,   75) :     4235     4987    51607    53340      6 :   98.9  4.89e-03
 1 :         195 : (    3,   36) : (  0, 5,    4) (  0, 8,   76) :     4235     4987    53341    54448      6 :   98.7  3.78e-03
 1 :         196 : (    3,   37) : (  0, 5,    4) (  0, 8,   77) :     4235     4987    54449    56151      7 :   98.7  5.20e-03
 1 :         197 : (    3,   38) : (  0, 5,    4) (  0, 8,   78) :     4235     4987    56152    58105      7 :   98.7  5.98e-03
 1 :         198 : (    3,   39) : (  0, 5,    4) (  0, 8,   83) :     4235     4987    58106    60074      8 :   98.5  8.04e-03
 1 :         199 : (    3,   40) : (  0, 5,    4) (  0, 8,   84) :     4235     4987    60075    61735      8 :   98.5  1.59e-02
 1 :         200 : (    3,   41) : (  0, 5,    4) (  0, 8,   85) :     4235     4987    61736    62505      7 :   98.2  3.85e-03
 1 :         201 : (    3,   42) : (  0, 5,    4) (  0, 8,   86) :     4235     4987    62506    64201      7 :   98.7  5.32e-03
 1 :         202 : (    3,   43) : (  0, 5,    4) (  0, 8,   87) :     4235     4987    64202    65898      7 :   98.7  5.42e-03
 1 :         203 : (    3,   44) : (  0, 5,    4) (  0, 8,   88) :     4235     4987    65899    66838      7 :   98.3  3.83e-03
 1 :         204 : (    3,   45) : (  0, 5,    4) (  0, 8,   89) :     4235     4987    66839    68824      7 :   98.7  5.83e-03
 1 :         205 : (    3,   46) : (  0, 5,    4) (  0, 8,   90) :     4235     4987    68825    70511      7 :   98.7  1.24e-02
 1 :         206 : (    3,   47) : (  0, 5,    4) (  0, 8,   93) :     4235     4987    70512    72369      7 :   98.7  7.78e-03
 1 :         207 : (    3,   48) : (  0, 5,    4) (  0, 8,   94) :     4235     4987    72370    73108      7 :   98.1  3.24e-03
 1 :         208 : (    3,   49) : (  0, 5,    4) (  0, 8,   95) :     4235     4987    73109    74219      6 :   98.7  3.76e-03
 1 :         209 : (    3,   50) : (  0, 5,    4) (  0, 8,   96) :     4235     4987    74220    76059      7 :   98.7  5.71e-03
 1 :         210 : (    3,   51) : (  0, 5,    4) (  0, 8,   97) :     4235     4987    76060    77572      6 :   98.8  4.65e-03
 1 :         211 : (    3,   52) : (  0, 5,    4) (  0, 8,   98) :     4235     4987    77573    77654      5 :   93.2  1.70e-03
 1 :         212 : (    4,    0) : (  0, 6,    9) (  0, 5,    1) :     4988     6868        0     1752     14 :   98.5  1.32e-02
 0 :         213 : (    4,    1) : (  0, 6,    9) (  0, 5,    2) :     4988     6868     1753     2514      0 :    0.0  2.10e-01
 1 :         214 : (    4,    2) : (  0, 6,    9) (  0, 5,    3) :     4988     6868     2515     4234     11 :   98.8  1.01e-02
 1 :         215 : (    4,    3) : (  0, 6,    9) (  0, 5,    4) :     4988     6868     4235     4987     10 :   98.1  7.40e-03
 0 :         216 : (    4,    4) : (  0, 6,    9) (  0, 6,    9) :     4988     6868     4988     6868      0 :    0.0  5.38e-01
 0 :         217 : (    4,    5) : (  0, 6,    9) (  0, 6,   11) :     4988     6868     6869     8218      0 :    0.0  3.71e-01
 0 :         218 : (    4,    6) : (  0, 6,    9) (  0, 6,   12) :     4988     6868     8219    10055      0 :    0.0  5.27e-01
 1 :         219 : (    4,    7) : (  0, 6,    9) (  0, 6,   14) :     4988     6868    10056    11954     12 :   98.7  1.24e-02
 1 :         220 : (    4,    8) : (  0, 6,    9) (  0, 6,   15) :     4988     6868    11955    13812     12 :   98.7  1.12e-02
 1 :         221 : (    4,    9) : (  0, 6,    9) (  0, 6,   16) :     4988     6868    13813    15162     10 :   98.7  8.64e-03
 1 :         222 : (    4,   10) : (  0, 6,    9) (  0, 6,   26) :     4988     6868    15163    17042     10 :   98.9  1.02e-02
 1 :         223 : (    4,   11) : (  0, 6,    9) (  0, 6,   27) :     4988     6868    17043    18216      7 :   99.0  6.52e-03
 1 :         224 : (    4,   12) : (  0, 6,    9) (  0, 6,   28) :     4988     6868    18217    20483      9 :   99.1  1.09e-02
 1 :         225 : (    4,   13) : (  0, 6,    9) (  0, 6,   29) :     4988     6868    20484    22354     10 :   98.9  9.78e-03
 1 :         226 : (    4,   14) : (  0, 6,    9) (  0, 6,   31) :     4988     6868    22355    24605      9 :   99.1  1.05e-02
 1 :         227 : (    4,   15) : (  0, 6,    9) (  0, 6,   32) :     4988     6868    24606    25765      7 :   99.0  6.64e-03
 0 :         228 : (    4,   16) : (  0, 6,    9) (  0, 7,   19) :     4988     6868    25766    27455      0 :    0.0  5.15e-01
 0 :         229 : (    4,   17) : (  0, 6,    9) (  0, 7,   20) :     4988     6868    27456    28389      0 :    0.0  2.56e-01
 1 :         230 : (    4,   18) : (  0, 6,    9) (  0, 7,   25) :     4988     6868    28390    30099     13 :   98.5  1.20e-02
 1 :         231 : (    4,   19) : (  0, 6,    9) (  0, 7,   26) :     4988     6868    30100    31020     10 :   98.4  7.87e-03
 1 :         232 : (    4,   20) : (  0, 6,    9) (  0, 7,   35) :     4988     6868    31021    32680     12 :   98.6  1.03e-02
 1 :         233 : (    4,   21) : (  0, 6,    9) (  0, 7,   40) :     4988     6868    32681    34410      9 :   99.0  9.15e-03
 1 :         234 : (    4,   22) : (  0, 6,    9) (  0, 7,   41) :     4988     6868    34411    36062     11 :   98.7  9.94e-03
 1 :         235 : (    4,   23) : (  0, 6,    9) (  0, 7,   46) :     4988     6868    36063    37795      9 :   99.0  9.10e-03
 1 :         236 : (    4,   24) : (  0, 6,    9) (  0, 7,   50) :     4988     6868    37796    38258      6 :   98.4  4.94e-03
 1 :         237 : (    4,   25) : (  0, 6,    9) (  0, 7,   59) :     4988     6868    38259    39857      8 :   99.1  7.52e-03
 1 :         238 : (    4,   26) : (  0, 6,    9) (  0, 7,   60) :     4988     6868    39858    40314      6 :   98.4  4.64e-03
 1 :         239 : (    4,   27) : (  0, 6,    9) (  0, 8,   65) :     4988     6868    40315    42013     12 :   98.7  1.07e-02
 1 :         240 : (    4,   28) : (  0, 6,    9) (  0, 8,   66) :     4988     6868    42014    42768      9 :   98.3  6.96e-03
 1 :         241 : (    4,   29) : (  0, 6,    9) (  0, 8,   67) :     4988     6868    42769    43712      8 :   98.7  6.12e-03
 1 :         242 : (    4,   30) : (  0, 6,    9) (  0, 8,   68) :     4988     6868    43713    45403     11 :   98.8  2.42e-02
 1 :         243 : (    4,   31) : (  0, 6,    9) (  0, 8,   71) :     4988     6868    45404    47057     11 :   98.8  1.46e-02
 1 :         244 : (    4,   32) : (  0, 6,    9) (  0, 8,   72) :     4988     6868    47058    49013     11 :   98.9  1.68e-02
 1 :         245 : (    4,   33) : (  0, 6,    9) (  0, 8,   73) :     4988     6868    49014    49752      7 :   98.7  5.23e-03
 1 :         246 : (    4,   34) : (  0, 6,    9) (  0, 8,   74) :     4988     6868    49753    51606     11 :   98.8  1.05e-02
 1 :         247 : (    4,   35) : (  0, 6,    9) (  0, 8,   75) :     4988     6868    51607    53340      9 :   99.0  8.96e-03
 1 :         248 : (    4,   36) : (  0, 6,    9) (  0, 8,   76) :     4988     6868    53341    54448      7 :   99.0  6.70e-03
 1 :         249 : (    4,   37) : (  0, 6,    9) (  0, 8,   77) :     4988     6868    54449    56151     11 :   98.8  9.53e-03
 1 :         250 : (    4,   38) : (  0, 6,    9) (  0, 8,   78) :     4988     6868    56152    58105     10 :   99.0  1.04e-02
 1 :         251 : (    4,   39) : (  0, 6,    9) (  0, 8,   83) :     4988     6868    58106    60074     10 :   99.0  1.03e-02
 1 :         252 : (    4,   40) : (  0, 6,    9) (  0, 8,   84) :     4988     6868    60075    61735     10 :   98.9  9.92e-03
 1 :         253 : (    4,   41) : (  0, 6,    9) (  0, 8,   85) :     4988     6868    61736    62505      7 :   98.7  5.30e-03
 1 :         254 : (    4,   42) : (  0, 6,    9) (  0, 8,   86) :     4988     6868    62506    64201     10 :   98.9  9.37e-03
 1 :         255 : (    4,   43) : (  0, 6,    9) (  0, 8,   87) :     4988     6868    64202    65898     10 :   98.9  9.75e-03
 1 :         256 : (    4,   44) : (  0, 6,    9) (  0, 8,   88) :     4988     6868    65899    66838      7 :   98.9  6.22e-03
 1 :         257 : (    4,   45) : (  0, 6,    9) (  0, 8,   89) :     4988     6868    66839    68824     10 :   99.0  1.01e-02
 1 :         258 : (    4,   46) : (  0, 6,    9) (  0, 8,   90) :     4988     6868    68825    70511     10 :   98.9  9.72e-03
 1 :         259 : (    4,   47) : (  0, 6,    9) (  0, 8,   93) :     4988     6868    70512    72369      9 :   99.0  9.05e-03
 1 :         260 : (    4,   48) : (  0, 6,    9) (  0, 8,   94) :     4988     6868    72370    73108      6 :   98.9  5.24e-03
 1 :         261 : (    4,   49) : (  0, 6,    9) (  0, 8,   95) :     4988     6868    73109    74219      7 :   99.0  6.23e-03
 1 :         262 : (    4,   50) : (  0, 6,    9) (  0, 8,   96) :     4988     6868    74220    76059      9 :   99.0  9.26e-03
 1 :         263 : (    4,   51) : (  0, 6,    9) (  0, 8,   97) :     4988     6868    76060    77572      8 :   99.0  8.30e-03
 1 :         264 : (    4,   52) : (  0, 6,    9) (  0, 8,   98) :     4988     6868    77573    77654      5 :   93.6  3.11e-03
 1 :         265 : (    5,    0) : (  0, 6,   11) (  0, 5,    1) :     6869     8218        0     1752     11 :   98.6  9.03e-03
 1 :         266 : (    5,    1) : (  0, 6,   11) (  0, 5,    2) :     6869     8218     1753     2514     12 :   97.5  6.84e-03
 1 :         267 : (    5,    2) : (  0, 6,   11) (  0, 5,    3) :     6869     8218     2515     4234     10 :   98.7  7.77e-03
 1 :         268 : (    5,    3) : (  0, 6,   11) (  0, 5,    4) :     6869     8218     4235     4987      9 :   98.1  5.47e-03
 0 :         269 : (    5,    4) : (  0, 6,   11) (  0, 6,    9) :     6869     8218     4988     6868      0 :    0.0  3.74e-01
 0 :         270 : (    5,    5) : (  0, 6,   11) (  0, 6,   11) :     6869     8218     6869     8218      0 :    0.0  2.52e-01
 0 :         271 : (    5,    6) : (  0, 6,   11) (  0, 6,   12) :     6869     8218     8219    10055      0 :    0.0  3.66e-01
 1 :         272 : (    5,    7) : (  0, 6,   11) (  0, 6,   14) :     6869     8218    10056    11954     11 :   98.6  9.62e-03
 1 :         273 : (    5,    8) : (  0, 6,   11) (  0, 6,   15) :     6869     8218    11955    13812     12 :   98.5  1.00e-02
 1 :         274 : (    5,    9) : (  0, 6,   11) (  0, 6,   16) :     6869     8218    13813    15162     10 :   98.5  7.48e-03
 1 :         275 : (    5,   10) : (  0, 6,   11) (  0, 6,   26) :     6869     8218    15163    17042     10 :   98.7  9.08e-03
 1 :         276 : (    5,   11) : (  0, 6,   11) (  0, 6,   27) :     6869     8218    17043    18216      7 :   98.9  5.60e-03
 1 :         277 : (    5,   12) : (  0, 6,   11) (  0, 6,   28) :     6869     8218    18217    20483      8 :   99.1  8.98e-03
 1 :         278 : (    5,   13) : (  0, 6,   11) (  0, 6,   29) :     6869     8218    20484    22354      9 :   98.9  8.25e-03
 1 :         279 : (    5,   14) : (  0, 6,   11) (  0, 6,   31) :     6869     8218    22355    24605      8 :   99.1  8.78e-03
 1 :         280 : (    5,   15) : (  0, 6,   11) (  0, 6,   32) :     6869     8218    24606    25765      7 :   98.9  5.57e-03
 0 :         281 : (    5,   16) : (  0, 6,   11) (  0, 7,   19) :     6869     8218    25766    27455      0 :    0.0  3.16e-01
 0 :         282 : (    5,   17) : (  0, 6,   11) (  0, 7,   20) :     6869     8218    27456    28389      0 :    0.0  1.75e-01
 1 :         283 : (    5,   18) : (  0, 6,   11) (  0, 7,   25) :     6869     8218    28390    30099     10 :   98.7  8.13e-03
 1 :         284 : (    5,   19) : (  0, 6,   11) (  0, 7,   26) :     6869     8218    30100    31020     11 :   98.0  6.63e-03
 0 :         285 : (    5,   20) : (  0, 6,   11) (  0, 7,   35) :     6869     8218    31021    32680      0 :    0.0  3.56e-01
 1 :         286 : (    5,   21) : (  0, 6,   11) (  0, 7,   40) :     6869     8218    32681    34410     10 :   98.7  8.79e-03
 1 :         287 : (    5,   22) : (  0, 6,   11) (  0, 7,   41) :     6869     8218    34411    36062     10 :   98.7  8.21e-03
 1 :         288 : (    5,   23) : (  0, 6,   11) (  0, 7,   46) :     6869     8218    36063    37795     10 :   98.7  8.41e-03
 1 :         289 : (    5,   24) : (  0, 6,   11) (  0, 7,   50) :     6869     8218    37796    38258      8 :   97.7  4.27e-03
 1 :         290 : (    5,   25) : (  0, 6,   11) (  0, 7,   59) :     6869     8218    38259    39857      8 :   98.9  6.74e-03
 1 :         291 : (    5,   26) : (  0, 6,   11) (  0, 7,   60) :     6869     8218    39858    40314      6 :   98.2  3.65e-03
 0 :         292 : (    5,   27) : (  0, 6,   11) (  0, 8,   65) :     6869     8218    40315    42013      0 :    0.0  3.17e-01
 0 :         293 : (    5,   28) : (  0, 6,   11) (  0, 8,   66) :     6869     8218    42014    42768      0 :    0.0  1.53e-01
 1 :         294 : (    5,   29) : (  0, 6,   11) (  0, 8,   67) :     6869     8218    42769    43712     11 :   98.0  8.40e-03
 1 :         295 : (    5,   30) : (  0, 6,   11) (  0, 8,   68) :     6869     8218    43713    45403     14 :   98.1  1.07e-02
 1 :         296 : (    5,   31) : (  0, 6,   11) (  0, 8,   71) :     6869     8218    45404    47057     13 :   98.3  1.71e-02
 1 :         297 : (    5,   32) : (  0, 6,   11) (  0, 8,   72) :     6869     8218    47058    49013     11 :   98.6  1.21e-02
 1 :         298 : (    5,   33) : (  0, 6,   11) (  0, 8,   73) :     6869     8218    49014    49752      9 :   98.1  5.22e-03
 1 :         299 : (    5,   34) : (  0, 6,   11) (  0, 8,   74) :     6869     8218    49753    51606     11 :   98.6  9.05e-03
 1 :         300 : (    5,   35) : (  0, 6,   11) (  0, 8,   75) :     6869     8218    51607    53340     10 :   98.7  8.36e-03
 1 :         301 : (    5,   36) : (  0, 6,   11) (  0, 8,   76) :     6869     8218    53341    54448      8 :   98.7  5.86e-03
 1 :         302 : (    5,   37) : (  0, 6,   11) (  0, 8,   77) :     6869     8218    54449    56151     11 :   98.5  8.65e-03
 1 :         303 : (    5,   38) : (  0, 6,   11) (  0, 8,   78) :     6869     8218    56152    58105     11 :   98.6  1.00e-02
 1 :         304 : (    5,   39) : (  0, 6,   11) (  0, 8,   83) :     6869     8218    58106    60074     11 :   98.6  9.17e-03
 1 :         305 : (    5,   40) : (  0, 6,   11) (  0, 8,   84) :     6869     8218    60075    61735     11 :   98.5  1.94e-02
 1 :         306 : (    5,   41) : (  0, 6,   11) (  0, 8,   85) :     6869     8218    61736    62505      8 :   98.4  7.62e-03
 1 :         307 : (    5,   42) : (  0, 6,   11) (  0, 8,   86) :     6869     8218    62506    64201      9 :   98.8  7.69e-03
 1 :         308 : (    5,   43) : (  0, 6,   11) (  0, 8,   87) :     6869     8218    64202    65898      9 :   98.8  1.44e-02
 1 :         309 : (    5,   44) : (  0, 6,   11) (  0, 8,   88) :     6869     8218    65899    66838      7 :   98.7  7.14e-03
 1 :         310 : (    5,   45) : (  0, 6,   11) (  0, 8,   89) :     6869     8218    66839    68824     10 :   98.8  9.43e-03
 1 :         311 : (    5,   46) : (  0, 6,   11) (  0, 8,   90) :     6869     8218    68825    70511     10 :   98.7  8.35e-03
 1 :         312 : (    5,   47) : (  0, 6,   11) (  0, 8,   93) :     6869     8218    70512    72369      8 :   99.0  7.51e-03
 1 :         313 : (    5,   48) : (  0, 6,   11) (  0, 8,   94) :     6869     8218    72370    73108      6 :   98.7  4.45e-03
 1 :         314 : (    5,   49) : (  0, 6,   11) (  0, 8,   95) :     6869     8218    73109    74219      7 :   98.9  4.86e-03
 1 :         315 : (    5,   50) : (  0, 6,   11) (  0, 8,   96) :     6869     8218    74220    76059      8 :   99.0  7.25e-03
 1 :         316 : (    5,   51) : (  0, 6,   11) (  0, 8,   97) :     6869     8218    76060    77572      9 :   98.7  7.20e-03
 1 :         317 : (    5,   52) : (  0, 6,   11) (  0, 8,   98) :     6869     8218    77573    77654      6 :   92.2  2.77e-03
 1 :         318 : (    6,    0) : (  0, 6,   12) (  0, 5,    1) :     8219    10055        0     1752     12 :   98.7  1.16e-02
 1 :         319 : (    6,    1) : (  0, 6,   12) (  0, 5,    2) :     8219    10055     1753     2514     11 :   98.0  8.02e-03
 1 :         320 : (    6,    2) : (  0, 6,   12) (  0, 5,    3) :     8219    10055     2515     4234     12 :   98.6  1.10e-02
 1 :         321 : (    6,    3) : (  0, 6,   12) (  0, 5,    4) :     8219    10055     4235     4987     10 :   98.1  7.39e-03
 0 :         322 : (    6,    4) : (  0, 6,   12) (  0, 6,    9) :     8219    10055     4988     6868      0 :    0.0  5.06e-01
 0 :         323 : (    6,    5) : (  0, 6,   12) (  0, 6,   11) :     8219    10055     6869     8218      0 :    0.0  3.92e-01
 0 :         324 : (    6,    6) : (  0, 6,   12) (  0, 6,   12) :     8219    10055     8219    10055      0 :    0.0  5.18e-01
 1 :         325 : (    6,    7) : (  0, 6,   12) (  0, 6,   14) :     8219    10055    10056    11954     13 :   98.6  1.34e-02
 0 :         326 : (    6,    8) : (  0, 6,   12) (  0, 6,   15) :     8219    10055    11955    13812      0 :    0.0  5.37e-01
 1 :         327 : (    6,    9) : (  0, 6,   12) (  0, 6,   16) :     8219    10055    13813    15162     13 :   98.3  1.11e-02
 1 :         328 : (    6,   10) : (  0, 6,   12) (  0, 6,   26) :     8219    10055    15163    17042     10 :   98.9  1.03e-02
 1 :         329 : (    6,   11) : (  0, 6,   12) (  0, 6,   27) :     8219    10055    17043    18216      7 :   99.0  6.54e-03
 1 :         330 : (    6,   12) : (  0, 6,   12) (  0, 6,   28) :     8219    10055    18217    20483      9 :   99.1  1.09e-02
 1 :         331 : (    6,   13) : (  0, 6,   12) (  0, 6,   29) :     8219    10055    20484    22354     10 :   98.9  9.70e-03
 1 :         332 : (    6,   14) : (  0, 6,   12) (  0, 6,   31) :     8219    10055    22355    24605      9 :   99.1  1.06e-02
 1 :         333 : (    6,   15) : (  0, 6,   12) (  0, 6,   32) :     8219    10055    24606    25765      8 :   98.9  7.07e-03
 0 :         334 : (    6,   16) : (  0, 6,   12) (  0, 7,   19) :     8219    10055    25766    27455      0 :    0.0  4.81e-01
 0 :         335 : (    6,   17) : (  0, 6,   12) (  0, 7,   20) :     8219    10055    27456    28389      0 :    0.0  2.53e-01
 0 :         336 : (    6,   18) : (  0, 6,   12) (  0, 7,   25) :     8219    10055    28390    30099      0 :    0.0  4.86e-01
 0 :         337 : (    6,   19) : (  0, 6,   12) (  0, 7,   26) :     8219    10055    30100    31020      0 :    0.0  2.49e-01
 0 :         338 : (    6,   20) : (  0, 6,   12) (  0, 7,   35) :     8219    10055    31021    32680      0 :    0.0  4.72e-01
 1 :         339 : (    6,   21) : (  0, 6,   12) (  0, 7,   40) :     8219    10055    32681    34410     11 :   98.8  1.10e-02
 0 :         340 : (    6,   22) : (  0, 6,   12) (  0, 7,   41) :     8219    10055    34411    36062      0 :    0.0  4.45e-01
 1 :         341 : (    6,   23) : (  0, 6,   12) (  0, 7,   46) :     8219    10055    36063    37795     11 :   98.8  1.08e-02
 1 :         342 : (    6,   24) : (  0, 6,   12) (  0, 7,   50) :     8219    10055    37796    38258      6 :   98.4  5.15e-03
 1 :         343 : (    6,   25) : (  0, 6,   12) (  0, 7,   59) :     8219    10055    38259    39857      9 :   98.9  8.27e-03
 1 :         344 : (    6,   26) : (  0, 6,   12) (  0, 7,   60) :     8219    10055    39858    40314      6 :   98.4  4.68e-03
 1 :         345 : (    6,   27) : (  0, 6,   12) (  0, 8,   65) :     8219    10055    40315    42013     14 :   98.4  1.20e-02
 0 :         346 : (    6,   28) : (  0, 6,   12) (  0, 8,   66) :     8219    10055    42014    42768      0 :    0.0  2.30e-01
 1 :         347 : (    6,   29) : (  0, 6,   12) (  0, 8,   67) :     8219    10055    42769    43712     10 :   98.4  7.32e-03
 1 :         348 : (    6,   30) : (  0, 6,   12) (  0, 8,   68) :     8219    10055    43713    45403     13 :   98.5  1.17e-02
 1 :         349 : (    6,   31) : (  0, 6,   12) (  0, 8,   71) :     8219    10055    45404    47057     14 :   98.4  1.21e-02
 1 :         350 : (    6,   32) : (  0, 6,   12) (  0, 8,   72) :     8219    10055    47058    49013     14 :   98.5  1.38e-02
 1 :         351 : (    6,   33) : (  0, 6,   12) (  0, 8,   73) :     8219    10055    49014    49752      8 :   98.5  5.83e-03
 1 :         352 : (    6,   34) : (  0, 6,   12) (  0, 8,   74) :     8219    10055    49753    51606     12 :   98.7  1.12e-02
 1 :         353 : (    6,   35) : (  0, 6,   12) (  0, 8,   75) :     8219    10055    51607    53340     11 :   98.8  1.07e-02
 1 :         354 : (    6,   36) : (  0, 6,   12) (  0, 8,   76) :     8219    10055    53341    54448      9 :   98.7  7.22e-03
 1 :         355 : (    6,   37) : (  0, 6,   12) (  0, 8,   77) :     8219    10055    54449    56151     12 :   98.6  1.08e-02
 1 :         356 : (    6,   38) : (  0, 6,   12) (  0, 8,   78) :     8219    10055    56152    58105     12 :   98.7  1.23e-02
 1 :         357 : (    6,   39) : (  0, 6,   12) (  0, 8,   83) :     8219    10055    58106    60074     14 :   98.5  1.28e-02
 1 :         358 : (    6,   40) : (  0, 6,   12) (  0, 8,   84) :     8219    10055    60075    61735     13 :   98.5  1.14e-02
 1 :         359 : (    6,   41) : (  0, 6,   12) (  0, 8,   85) :     8219    10055    61736    62505      8 :   98.5  6.30e-03
 1 :         360 : (    6,   42) : (  0, 6,   12) (  0, 8,   86) :     8219    10055    62506    64201     11 :   98.8  9.69e-03
 1 :         361 : (    6,   43) : (  0, 6,   12) (  0, 8,   87) :     8219    10055    64202    65898     11 :   98.8  1.05e-02
 1 :         362 : (    6,   44) : (  0, 6,   12) (  0, 8,   88) :     8219    10055    65899    66838      8 :   98.7  6.68e-03
 1 :         363 : (    6,   45) : (  0, 6,   12) (  0, 8,   89) :     8219    10055    66839    68824     11 :   98.8  1.09e-02
 1 :         364 : (    6,   46) : (  0, 6,   12) (  0, 8,   90) :     8219    10055    68825    70511     12 :   98.6  1.10e-02
 1 :         365 : (    6,   47) : (  0, 6,   12) (  0, 8,   93) :     8219    10055    70512    72369     12 :   98.7  1.12e-02
 1 :         366 : (    6,   48) : (  0, 6,   12) (  0, 8,   94) :     8219    10055    72370    73108      6 :   98.9  5.24e-03
 1 :         367 : (    6,   49) : (  0, 6,   12) (  0, 8,   95) :     8219    10055    73109    74219      7 :   99.0  6.24e-03
 1 :         368 : (    6,   50) : (  0, 6,   12) (  0, 8,   96) :     8219    10055    74220    76059      9 :   99.0  2.17e-02
 1 :         369 : (    6,   51) : (  0, 6,   12) (  0, 8,   97) :     8219    10055    76060    77572      9 :   98.9  9.35e-03
 1 :         370 : (    6,   52) : (  0, 6,   12) (  0, 8,   98) :     8219    10055    77573    77654      5 :   93.6  7.88e-03
 1 :         371 : (    7,    0) : (  0, 6,   14) (  0, 5,    1) :    10056    11954        0     1752     11 :   98.8  1.50e-02
 1 :         372 : (    7,    1) : (  0, 6,   14) (  0, 5,    2) :    10056    11954     1753     2514     10 :   98.2  7.61e-03
 1 :         373 : (    7,    2) : (  0, 6,   14) (  0, 5,    3) :    10056    11954     2515     4234     14 :   98.4  1.23e-02
 0 :         374 : (    7,    3) : (  0, 6,   14) (  0, 5,    4) :    10056    11954     4235     4987      0 :    0.0  2.14e-01
 1 :         375 : (    7,    4) : (  0, 6,   14) (  0, 6,    9) :    10056    11954     4988     6868     12 :   98.7  1.11e-02
 1 :         376 : (    7,    5) : (  0, 6,   14) (  0, 6,   11) :    10056    11954     6869     8218     11 :   98.6  9.24e-03
 1 :         377 : (    7,    6) : (  0, 6,   14) (  0, 6,   12) :    10056    11954     8219    10055     12 :   98.7  1.13e-02
 0 :         378 : (    7,    7) : (  0, 6,   14) (  0, 6,   14) :    10056    11954    10056    11954      0 :    0.0  5.60e-01
 0 :         379 : (    7,    8) : (  0, 6,   14) (  0, 6,   15) :    10056    11954    11955    13812      0 :    0.0  5.53e-01
 0 :         380 : (    7,    9) : (  0, 6,   14) (  0, 6,   16) :    10056    11954    13813    15162      0 :    0.0  3.83e-01
 1 :         381 : (    7,   10) : (  0, 6,   14) (  0, 6,   26) :    10056    11954    15163    17042      9 :   99.0  9.91e-03
 1 :         382 : (    7,   11) : (  0, 6,   14) (  0, 6,   27) :    10056    11954    17043    18216      7 :   99.0  6.69e-03
 1 :         383 : (    7,   12) : (  0, 6,   14) (  0, 6,   28) :    10056    11954    18217    20483      9 :   99.1  1.11e-02
 1 :         384 : (    7,   13) : (  0, 6,   14) (  0, 6,   29) :    10056    11954    20484    22354      9 :   99.0  9.21e-03
 1 :         385 : (    7,   14) : (  0, 6,   14) (  0, 6,   31) :    10056    11954    22355    24605      9 :   99.1  1.08e-02
 1 :         386 : (    7,   15) : (  0, 6,   14) (  0, 6,   32) :    10056    11954    24606    25765      7 :   99.0  6.86e-03
 1 :         387 : (    7,   16) : (  0, 6,   14) (  0, 7,   19) :    10056    11954    25766    27455     13 :   98.5  1.13e-02
 1 :         388 : (    7,   17) : (  0, 6,   14) (  0, 7,   20) :    10056    11954    27456    28389     10 :   98.4  7.25e-03
 0 :         389 : (    7,   18) : (  0, 6,   14) (  0, 7,   25) :    10056    11954    28390    30099      0 :    0.0  5.30e-01
 0 :         390 : (    7,   19) : (  0, 6,   14) (  0, 7,   26) :    10056    11954    30100    31020      0 :    0.0  2.61e-01
 1 :         391 : (    7,   20) : (  0, 6,   14) (  0, 7,   35) :    10056    11954    31021    32680     11 :   98.8  1.03e-02
 1 :         392 : (    7,   21) : (  0, 6,   14) (  0, 7,   40) :    10056    11954    32681    34410      9 :   99.0  9.32e-03
 1 :         393 : (    7,   22) : (  0, 6,   14) (  0, 7,   41) :    10056    11954    34411    36062     12 :   98.6  1.08e-02
 1 :         394 : (    7,   23) : (  0, 6,   14) (  0, 7,   46) :    10056    11954    36063    37795     10 :   98.9  9.93e-03
 1 :         395 : (    7,   24) : (  0, 6,   14) (  0, 7,   50) :    10056    11954    37796    38258      6 :   98.4  4.86e-03
 1 :         396 : (    7,   25) : (  0, 6,   14) (  0, 7,   59) :    10056    11954    38259    39857      9 :   99.0  8.63e-03
 1 :         397 : (    7,   26) : (  0, 6,   14) (  0, 7,   60) :    10056    11954    39858    40314      6 :   98.4  4.97e-03
 1 :         398 : (    7,   27) : (  0, 6,   14) (  0, 8,   65) :    10056    11954    40315    42013     10 :   98.9  9.07e-03
 1 :         399 : (    7,   28) : (  0, 6,   14) (  0, 8,   66) :    10056    11954    42014    42768      6 :   98.9  5.33e-03
 1 :         400 : (    7,   29) : (  0, 6,   14) (  0, 8,   67) :    10056    11954    42769    43712      7 :   98.9  5.93e-03
 1 :         401 : (    7,   30) : (  0, 6,   14) (  0, 8,   68) :    10056    11954    43713    45403     10 :   98.9  9.68e-03
 1 :         402 : (    7,   31) : (  0, 6,   14) (  0, 8,   71) :    10056    11954    45404    47057     11 :   98.8  1.03e-02
 1 :         403 : (    7,   32) : (  0, 6,   14) (  0, 8,   72) :    10056    11954    47058    49013     11 :   98.9  1.18e-02
 1 :         404 : (    7,   33) : (  0, 6,   14) (  0, 8,   73) :    10056    11954    49014    49752      6 :   98.9  4.70e-03
 1 :         405 : (    7,   34) : (  0, 6,   14) (  0, 8,   74) :    10056    11954    49753    51606      9 :   99.0  9.19e-03
 1 :         406 : (    7,   35) : (  0, 6,   14) (  0, 8,   75) :    10056    11954    51607    53340      9 :   99.0  9.14e-03
 1 :         407 : (    7,   36) : (  0, 6,   14) (  0, 8,   76) :    10056    11954    53341    54448      7 :   99.0  6.72e-03
 1 :         408 : (    7,   37) : (  0, 6,   14) (  0, 8,   77) :    10056    11954    54449    56151      9 :   99.0  8.35e-03
 1 :         409 : (    7,   38) : (  0, 6,   14) (  0, 8,   78) :    10056    11954    56152    58105     10 :   99.0  2.10e-02
 1 :         410 : (    7,   39) : (  0, 6,   14) (  0, 8,   83) :    10056    11954    58106    60074     10 :   99.0  1.43e-02
 1 :         411 : (    7,   40) : (  0, 6,   14) (  0, 8,   84) :    10056    11954    60075    61735     11 :   98.8  1.90e-02
 1 :         412 : (    7,   41) : (  0, 6,   14) (  0, 8,   85) :    10056    11954    61736    62505      9 :   98.4  6.38e-03
 1 :         413 : (    7,   42) : (  0, 6,   14) (  0, 8,   86) :    10056    11954    62506    64201     12 :   98.7  1.10e-02
 1 :         414 : (    7,   43) : (  0, 6,   14) (  0, 8,   87) :    10056    11954    64202    65898     11 :   98.8  1.05e-02
 1 :         415 : (    7,   44) : (  0, 6,   14) (  0, 8,   88) :    10056    11954    65899    66838      8 :   98.7  6.85e-03
 1 :         416 : (    7,   45) : (  0, 6,   14) (  0, 8,   89) :    10056    11954    66839    68824     10 :   99.0  1.02e-02
 1 :         417 : (    7,   46) : (  0, 6,   14) (  0, 8,   90) :    10056    11954    68825    70511     10 :   98.9  9.81e-03
 1 :         418 : (    7,   47) : (  0, 6,   14) (  0, 8,   93) :    10056    11954    70512    72369     10 :   98.9  9.93e-03
 1 :         419 : (    7,   48) : (  0, 6,   14) (  0, 8,   94) :    10056    11954    72370    73108      7 :   98.7  5.81e-03
 1 :         420 : (    7,   49) : (  0, 6,   14) (  0, 8,   95) :    10056    11954    73109    74219      7 :   99.0  6.33e-03
 1 :         421 : (    7,   50) : (  0, 6,   14) (  0, 8,   96) :    10056    11954    74220    76059      9 :   99.0  9.30e-03
 1 :         422 : (    7,   51) : (  0, 6,   14) (  0, 8,   97) :    10056    11954    76060    77572      8 :   99.0  8.15e-03
 1 :         423 : (    7,   52) : (  0, 6,   14) (  0, 8,   98) :    10056    11954    77573    77654      5 :   93.6  3.79e-03
 1 :         424 : (    8,    0) : (  0, 6,   15) (  0, 5,    1) :    11955    13812        0     1752     11 :   98.8  2.40e-02
 1 :         425 : (    8,    1) : (  0, 6,   15) (  0, 5,    2) :    11955    13812     1753     2514      9 :   98.3  7.27e-03
 1 :         426 : (    8,    2) : (  0, 6,   15) (  0, 5,    3) :    11955    13812     2515     4234     12 :   98.7  1.18e-02
 1 :         427 : (    8,    3) : (  0, 6,   15) (  0, 5,    4) :    11955    13812     4235     4987     10 :   98.1  7.50e-03
 1 :         428 : (    8,    4) : (  0, 6,   15) (  0, 6,    9) :    11955    13812     4988     6868     12 :   98.7  1.82e-02
 1 :         429 : (    8,    5) : (  0, 6,   15) (  0, 6,   11) :    11955    13812     6869     8218     13 :   98.3  1.33e-02
 0 :         430 : (    8,    6) : (  0, 6,   15) (  0, 6,   12) :    11955    13812     8219    10055      0 :    0.0  5.04e-01
 0 :         431 : (    8,    7) : (  0, 6,   15) (  0, 6,   14) :    11955    13812    10056    11954      0 :    0.0  5.46e-01
 0 :         432 : (    8,    8) : (  0, 6,   15) (  0, 6,   15) :    11955    13812    11955    13812      0 :    0.0  5.34e-01
 0 :         433 : (    8,    9) : (  0, 6,   15) (  0, 6,   16) :    11955    13812    13813    15162      0 :    0.0  3.91e-01
 1 :         434 : (    8,   10) : (  0, 6,   15) (  0, 6,   26) :    11955    13812    15163    17042     10 :   98.9  1.31e-02
 1 :         435 : (    8,   11) : (  0, 6,   15) (  0, 6,   27) :    11955    13812    17043    18216      7 :   99.0  7.13e-03
 1 :         436 : (    8,   12) : (  0, 6,   15) (  0, 6,   28) :    11955    13812    18217    20483     10 :   99.0  1.16e-02
 1 :         437 : (    8,   13) : (  0, 6,   15) (  0, 6,   29) :    11955    13812    20484    22354     11 :   98.8  1.08e-02
 1 :         438 : (    8,   14) : (  0, 6,   15) (  0, 6,   31) :    11955    13812    22355    24605     10 :   99.0  1.16e-02
 1 :         439 : (    8,   15) : (  0, 6,   15) (  0, 6,   32) :    11955    13812    24606    25765      8 :   98.9  7.25e-03
 0 :         440 : (    8,   16) : (  0, 6,   15) (  0, 7,   19) :    11955    13812    25766    27455      0 :    0.0  4.90e-01
 0 :         441 : (    8,   17) : (  0, 6,   15) (  0, 7,   20) :    11955    13812    27456    28389      0 :    0.0  2.58e-01
 0 :         442 : (    8,   18) : (  0, 6,   15) (  0, 7,   25) :    11955    13812    28390    30099      0 :    0.0  4.95e-01
 0 :         443 : (    8,   19) : (  0, 6,   15) (  0, 7,   26) :    11955    13812    30100    31020      0 :    0.0  2.55e-01
 0 :         444 : (    8,   20) : (  0, 6,   15) (  0, 7,   35) :    11955    13812    31021    32680      0 :    0.0  4.82e-01
 1 :         445 : (    8,   21) : (  0, 6,   15) (  0, 7,   40) :    11955    13812    32681    34410     11 :   98.8  1.12e-02
 0 :         446 : (    8,   22) : (  0, 6,   15) (  0, 7,   41) :    11955    13812    34411    36062      0 :    0.0  4.54e-01
 1 :         447 : (    8,   23) : (  0, 6,   15) (  0, 7,   46) :    11955    13812    36063    37795     11 :   98.8  1.07e-02
 1 :         448 : (    8,   24) : (  0, 6,   15) (  0, 7,   50) :    11955    13812    37796    38258      6 :   98.4  5.02e-03
 1 :         449 : (    8,   25) : (  0, 6,   15) (  0, 7,   59) :    11955    13812    38259    39857      9 :   99.0  8.26e-03
 1 :         450 : (    8,   26) : (  0, 6,   15) (  0, 7,   60) :    11955    13812    39858    40314      7 :   98.1  5.12e-03
 1 :         451 : (    8,   27) : (  0, 6,   15) (  0, 8,   65) :    11955    13812    40315    42013     12 :   98.6  1.08e-02
 1 :         452 : (    8,   28) : (  0, 6,   15) (  0, 8,   66) :    11955    13812    42014    42768      8 :   98.5  6.37e-03
 1 :         453 : (    8,   29) : (  0, 6,   15) (  0, 8,   67) :    11955    13812    42769    43712      8 :   98.7  6.52e-03
 1 :         454 : (    8,   30) : (  0, 6,   15) (  0, 8,   68) :    11955    13812    43713    45403     12 :   98.6  1.11e-02
 1 :         455 : (    8,   31) : (  0, 6,   15) (  0, 8,   71) :    11955    13812    45404    47057     12 :   98.6  1.10e-02
 1 :         456 : (    8,   32) : (  0, 6,   15) (  0, 8,   72) :    11955    13812    47058    49013     14 :   98.5  1.58e-02
 1 :         457 : (    8,   33) : (  0, 6,   15) (  0, 8,   73) :    11955    13812    49014    49752      7 :   98.7  1.53e-02
 1 :         458 : (    8,   34) : (  0, 6,   15) (  0, 8,   74) :    11955    13812    49753    51606     11 :   98.8  1.08e-02
 1 :         459 : (    8,   35) : (  0, 6,   15) (  0, 8,   75) :    11955    13812    51607    53340     10 :   98.9  9.99e-03
 1 :         460 : (    8,   36) : (  0, 6,   15) (  0, 8,   76) :    11955    13812    53341    54448      8 :   98.8  1.15e-02
 1 :         461 : (    8,   37) : (  0, 6,   15) (  0, 8,   77) :    11955    13812    54449    56151     12 :   98.6  1.56e-02
 1 :         462 : (    8,   38) : (  0, 6,   15) (  0, 8,   78) :    11955    13812    56152    58105     12 :   98.7  1.26e-02
 1 :         463 : (    8,   39) : (  0, 6,   15) (  0, 8,   83) :    11955    13812    58106    60074     16 :   98.3  1.43e-02
 1 :         464 : (    8,   40) : (  0, 6,   15) (  0, 8,   84) :    11955    13812    60075    61735     15 :   98.3  1.29e-02
 0 :         465 : (    8,   41) : (  0, 6,   15) (  0, 8,   85) :    11955    13812    61736    62505      0 :    0.0  2.13e-01
 1 :         466 : (    8,   42) : (  0, 6,   15) (  0, 8,   86) :    11955    13812    62506    64201     14 :   98.4  1.19e-02
 1 :         467 : (    8,   43) : (  0, 6,   15) (  0, 8,   87) :    11955    13812    64202    65898     14 :   98.4  1.26e-02
 1 :         468 : (    8,   44) : (  0, 6,   15) (  0, 8,   88) :    11955    13812    65899    66838     10 :   98.4  7.69e-03
 1 :         469 : (    8,   45) : (  0, 6,   15) (  0, 8,   89) :    11955    13812    66839    68824     12 :   98.7  1.18e-02
 1 :         470 : (    8,   46) : (  0, 6,   15) (  0, 8,   90) :    11955    13812    68825    70511     12 :   98.6  1.12e-02
 1 :         471 : (    8,   47) : (  0, 6,   15) (  0, 8,   93) :    11955    13812    70512    72369     12 :   98.7  1.14e-02
 1 :         472 : (    8,   48) : (  0, 6,   15) (  0, 8,   94) :    11955    13812    72370    73108      8 :   98.5  6.39e-03
 1 :         473 : (    8,   49) : (  0, 6,   15) (  0, 8,   95) :    11955    13812    73109    74219      8 :   98.8  6.90e-03
 1 :         474 : (    8,   50) : (  0, 6,   15) (  0, 8,   96) :    11955    13812    74220    76059     10 :   98.9  1.01e-02
 1 :         475 : (    8,   51) : (  0, 6,   15) (  0, 8,   97) :    11955    13812    76060    77572      9 :   98.9  8.79e-03
 1 :         476 : (    8,   52) : (  0, 6,   15) (  0, 8,   98) :    11955    13812    77573    77654      5 :   93.6  3.67e-03
 1 :         477 : (    9,    0) : (  0, 6,   16) (  0, 5,    1) :    13813    15162        0     1752     10 :   98.7  8.57e-03
 1 :         478 : (    9,    1) : (  0, 6,   16) (  0, 5,    2) :    13813    15162     1753     2514      9 :   98.2  5.87e-03
 1 :         479 : (    9,    2) : (  0, 6,   16) (  0, 5,    3) :    13813    15162     2515     4234     11 :   98.5  8.45e-03
 1 :         480 : (    9,    3) : (  0, 6,   16) (  0, 5,    4) :    13813    15162     4235     4987     10 :   97.9  5.91e-03
 1 :         481 : (    9,    4) : (  0, 6,   16) (  0, 6,    9) :    13813    15162     4988     6868     11 :   98.6  9.11e-03
 1 :         482 : (    9,    5) : (  0, 6,   16) (  0, 6,   11) :    13813    15162     6869     8218     11 :   98.4  7.83e-03
 1 :         483 : (    9,    6) : (  0, 6,   16) (  0, 6,   12) :    13813    15162     8219    10055     12 :   98.5  9.97e-03
 0 :         484 : (    9,    7) : (  0, 6,   16) (  0, 6,   14) :    13813    15162    10056    11954      0 :    0.0  4.03e-01
 0 :         485 : (    9,    8) : (  0, 6,   16) (  0, 6,   15) :    13813    15162    11955    13812      0 :    0.0  3.50e-01
 0 :         486 : (    9,    9) : (  0, 6,   16) (  0, 6,   16) :    13813    15162    13813    15162      0 :    0.0  2.54e-01
 1 :         487 : (    9,   10) : (  0, 6,   16) (  0, 6,   26) :    13813    15162    15163    17042      9 :   98.9  8.70e-03
 1 :         488 : (    9,   11) : (  0, 6,   16) (  0, 6,   27) :    13813    15162    17043    18216      7 :   98.9  5.66e-03
 1 :         489 : (    9,   12) : (  0, 6,   16) (  0, 6,   28) :    13813    15162    18217    20483      8 :   99.1  9.04e-03
 1 :         490 : (    9,   13) : (  0, 6,   16) (  0, 6,   29) :    13813    15162    20484    22354     10 :   98.7  8.88e-03
 1 :         491 : (    9,   14) : (  0, 6,   16) (  0, 6,   31) :    13813    15162    22355    24605      8 :   99.1  8.95e-03
 1 :         492 : (    9,   15) : (  0, 6,   16) (  0, 6,   32) :    13813    15162    24606    25765      7 :   98.9  5.61e-03
 1 :         493 : (    9,   16) : (  0, 6,   16) (  0, 7,   19) :    13813    15162    25766    27455     11 :   98.5  9.02e-03
 1 :         494 : (    9,   17) : (  0, 6,   16) (  0, 7,   20) :    13813    15162    27456    28389     10 :   98.2  6.69e-03
 0 :         495 : (    9,   18) : (  0, 6,   16) (  0, 7,   25) :    13813    15162    28390    30099      0 :    0.0  3.44e-01
 0 :         496 : (    9,   19) : (  0, 6,   16) (  0, 7,   26) :    13813    15162    30100    31020      0 :    0.0  1.74e-01
 1 :         497 : (    9,   20) : (  0, 6,   16) (  0, 7,   35) :    13813    15162    31021    32680     11 :   98.5  8.81e-03
 1 :         498 : (    9,   21) : (  0, 6,   16) (  0, 7,   40) :    13813    15162    32681    34410      9 :   98.8  8.05e-03
 0 :         499 : (    9,   22) : (  0, 6,   16) (  0, 7,   41) :    13813    15162    34411    36062      0 :    0.0  3.10e-01
 1 :         500 : (    9,   23) : (  0, 6,   16) (  0, 7,   46) :    13813    15162    36063    37795      9 :   98.8  9.54e-03
 1 :         501 : (    9,   24) : (  0, 6,   16) (  0, 7,   50) :    13813    15162    37796    38258      6 :   98.3  1.38e-02
 1 :         502 : (    9,   25) : (  0, 6,   16) (  0, 7,   59) :    13813    15162    38259    39857     10 :   98.6  9.60e-03
 1 :         503 : (    9,   26) : (  0, 6,   16) (  0, 7,   60) :    13813    15162    39858    40314      7 :   97.9  4.05e-03
 1 :         504 : (    9,   27) : (  0, 6,   16) (  0, 8,   65) :    13813    15162    40315    42013      9 :   98.8  7.85e-03
 1 :         505 : (    9,   28) : (  0, 6,   16) (  0, 8,   66) :    13813    15162    42014    42768      8 :   98.3  8.39e-03
 1 :         506 : (    9,   29) : (  0, 6,   16) (  0, 8,   67) :    13813    15162    42769    43712      7 :   98.7  9.04e-03
 1 :         507 : (    9,   30) : (  0, 6,   16) (  0, 8,   68) :    13813    15162    43713    45403      9 :   98.8  9.71e-03
 1 :         508 : (    9,   31) : (  0, 6,   16) (  0, 8,   71) :    13813    15162    45404    47057     11 :   98.5  9.15e-03
 1 :         509 : (    9,   32) : (  0, 6,   16) (  0, 8,   72) :    13813    15162    47058    49013     10 :   98.7  9.66e-03
 1 :         510 : (    9,   33) : (  0, 6,   16) (  0, 8,   73) :    13813    15162    49014    49752      6 :   98.7  4.09e-03
 1 :         511 : (    9,   34) : (  0, 6,   16) (  0, 8,   74) :    13813    15162    49753    51606      9 :   98.8  7.97e-03
 1 :         512 : (    9,   35) : (  0, 6,   16) (  0, 8,   75) :    13813    15162    51607    53340      8 :   98.9  7.44e-03
 1 :         513 : (    9,   36) : (  0, 6,   16) (  0, 8,   76) :    13813    15162    53341    54448      7 :   98.8  5.54e-03
 1 :         514 : (    9,   37) : (  0, 6,   16) (  0, 8,   77) :    13813    15162    54449    56151     10 :   98.7  8.26e-03
 1 :         515 : (    9,   38) : (  0, 6,   16) (  0, 8,   78) :    13813    15162    56152    58105     10 :   98.7  2.08e-02
 1 :         516 : (    9,   39) : (  0, 6,   16) (  0, 8,   83) :    13813    15162    58106    60074     12 :   98.5  1.27e-02
 1 :         517 : (    9,   40) : (  0, 6,   16) (  0, 8,   84) :    13813    15162    60075    61735     12 :   98.4  1.32e-02
 0 :         518 : (    9,   41) : (  0, 6,   16) (  0, 8,   85) :    13813    15162    61736    62505      0 :    0.0  1.51e-01
 0 :         519 : (    9,   42) : (  0, 6,   16) (  0, 8,   86) :    13813    15162    62506    64201      0 :    0.0  3.19e-01
 1 :         520 : (    9,   43) : (  0, 6,   16) (  0, 8,   87) :    13813    15162    64202    65898     14 :   98.1  1.11e-02
 1 :         521 : (    9,   44) : (  0, 6,   16) (  0, 8,   88) :    13813    15162    65899    66838     11 :   98.0  6.81e-03
 1 :         522 : (    9,   45) : (  0, 6,   16) (  0, 8,   89) :    13813    15162    66839    68824     11 :   98.6  1.00e-02
 1 :         523 : (    9,   46) : (  0, 6,   16) (  0, 8,   90) :    13813    15162    68825    70511     11 :   98.5  9.16e-03
 1 :         524 : (    9,   47) : (  0, 6,   16) (  0, 8,   93) :    13813    15162    70512    72369     11 :   98.6  9.55e-03
 1 :         525 : (    9,   48) : (  0, 6,   16) (  0, 8,   94) :    13813    15162    72370    73108      9 :   98.1  5.60e-03
 1 :         526 : (    9,   49) : (  0, 6,   16) (  0, 8,   95) :    13813    15162    73109    74219      8 :   98.7  5.89e-03
 1 :         527 : (    9,   50) : (  0, 6,   16) (  0, 8,   96) :    13813    15162    74220    76059     10 :   98.7  8.71e-03
 1 :         528 : (    9,   51) : (  0, 6,   16) (  0, 8,   97) :    13813    15162    76060    77572      8 :   98.9  7.10e-03
 1 :         529 : (    9,   52) : (  0, 6,   16) (  0, 8,   98) :    13813    15162    77573    77654      5 :   93.5  2.83e-03
 1 :         530 : (   10,    0) : (  0, 6,   26) (  0, 5,    1) :    15163    17042        0     1752      9 :   99.0  9.98e-03
 1 :         531 : (   10,    1) : (  0, 6,   26) (  0, 5,    2) :    15163    17042     1753     2514      6 :   98.9  6.05e-03
 1 :         532 : (   10,    2) : (  0, 6,   26) (  0, 5,    3) :    15163    17042     2515     4234      9 :   99.0  9.57e-03
 1 :         533 : (   10,    3) : (  0, 6,   26) (  0, 5,    4) :    15163    17042     4235     4987      6 :   98.9  5.81e-03
 1 :         534 : (   10,    4) : (  0, 6,   26) (  0, 6,    9) :    15163    17042     4988     6868     10 :   98.9  1.08e-02
 1 :         535 : (   10,    5) : (  0, 6,   26) (  0, 6,   11) :    15163    17042     6869     8218     10 :   98.7  9.31e-03
 1 :         536 : (   10,    6) : (  0, 6,   26) (  0, 6,   12) :    15163    17042     8219    10055     12 :   98.7  1.23e-02
 1 :         537 : (   10,    7) : (  0, 6,   26) (  0, 6,   14) :    15163    17042    10056    11954     10 :   98.9  1.08e-02
 1 :         538 : (   10,    8) : (  0, 6,   26) (  0, 6,   15) :    15163    17042    11955    13812     11 :   98.8  1.17e-02
 1 :         539 : (   10,    9) : (  0, 6,   26) (  0, 6,   16) :    15163    17042    13813    15162      9 :   98.9  2.28e-02
 0 :         540 : (   10,   10) : (  0, 6,   26) (  0, 6,   26) :    15163    17042    15163    17042      0 :    0.0  5.38e-01
 0 :         541 : (   10,   11) : (  0, 6,   26) (  0, 6,   27) :    15163    17042    17043    18216      0 :    0.0  3.55e-01
 0 :         542 : (   10,   12) : (  0, 6,   26) (  0, 6,   28) :    15163    17042    18217    20483      0 :    0.0  6.37e-01
 0 :         543 : (   10,   13) : (  0, 6,   26) (  0, 6,   29) :    15163    17042    20484    22354      0 :    0.0  5.73e-01
 0 :         544 : (   10,   14) : (  0, 6,   26) (  0, 6,   31) :    15163    17042    22355    24605      0 :    0.0  6.58e-01
 1 :         545 : (   10,   15) : (  0, 6,   26) (  0, 6,   32) :    15163    17042    24606    25765     10 :   98.6  9.06e-03
 1 :         546 : (   10,   16) : (  0, 6,   26) (  0, 7,   19) :    15163    17042    25766    27455      9 :   99.0  9.52e-03
 1 :         547 : (   10,   17) : (  0, 6,   26) (  0, 7,   20) :    15163    17042    27456    28389      8 :   98.7  6.96e-03
 1 :         548 : (   10,   18) : (  0, 6,   26) (  0, 7,   25) :    15163    17042    28390    30099     10 :   98.9  1.02e-02
 1 :         549 : (   10,   19) : (  0, 6,   26) (  0, 7,   26) :    15163    17042    30100    31020      8 :   98.7  6.99e-03
 1 :         550 : (   10,   20) : (  0, 6,   26) (  0, 7,   35) :    15163    17042    31021    32680     12 :   98.6  1.13e-02
 0 :         551 : (   10,   21) : (  0, 6,   26) (  0, 7,   40) :    15163    17042    32681    34410      0 :    0.0  5.11e-01
 1 :         552 : (   10,   22) : (  0, 6,   26) (  0, 7,   41) :    15163    17042    34411    36062     10 :   98.9  1.07e-02
 0 :         553 : (   10,   23) : (  0, 6,   26) (  0, 7,   46) :    15163    17042    36063    37795      0 :    0.0  5.14e-01
 0 :         554 : (   10,   24) : (  0, 6,   26) (  0, 7,   50) :    15163    17042    37796    38258      0 :    0.0  1.33e-01
 1 :         555 : (   10,   25) : (  0, 6,   26) (  0, 7,   59) :    15163    17042    38259    39857     11 :   98.7  2.19e-02
 1 :         556 : (   10,   26) : (  0, 6,   26) (  0, 7,   60) :    15163    17042    39858    40314      9 :   97.6  6.37e-03
 1 :         557 : (   10,   27) : (  0, 6,   26) (  0, 8,   65) :    15163    17042    40315    42013     11 :   98.8  1.74e-02
 1 :         558 : (   10,   28) : (  0, 6,   26) (  0, 8,   66) :    15163    17042    42014    42768      8 :   98.5  8.39e-03
 1 :         559 : (   10,   29) : (  0, 6,   26) (  0, 8,   67) :    15163    17042    42769    43712     10 :   98.4  7.90e-03
 1 :         560 : (   10,   30) : (  0, 6,   26) (  0, 8,   68) :    15163    17042    43713    45403     12 :   98.7  1.15e-02
 1 :         561 : (   10,   31) : (  0, 6,   26) (  0, 8,   71) :    15163    17042    45404    47057     13 :   98.5  1.19e-02
 1 :         562 : (   10,   32) : (  0, 6,   26) (  0, 8,   72) :    15163    17042    47058    49013     12 :   98.7  1.30e-02
 1 :         563 : (   10,   33) : (  0, 6,   26) (  0, 8,   73) :    15163    17042    49014    49752     10 :   98.1  6.67e-03
 1 :         564 : (   10,   34) : (  0, 6,   26) (  0, 8,   74) :    15163    17042    49753    51606     14 :   98.5  1.28e-02
 1 :         565 : (   10,   35) : (  0, 6,   26) (  0, 8,   75) :    15163    17042    51607    53340     14 :   98.4  1.28e-02
 0 :         566 : (   10,   36) : (  0, 6,   26) (  0, 8,   76) :    15163    17042    53341    54448      0 :    0.0  3.12e-01
 1 :         567 : (   10,   37) : (  0, 6,   26) (  0, 8,   77) :    15163    17042    54449    56151     15 :   98.3  1.26e-02
 1 :         568 : (   10,   38) : (  0, 6,   26) (  0, 8,   78) :    15163    17042    56152    58105     14 :   98.5  1.36e-02
 1 :         569 : (   10,   39) : (  0, 6,   26) (  0, 8,   83) :    15163    17042    58106    60074     12 :   98.8  1.21e-02
 1 :         570 : (   10,   40) : (  0, 6,   26) (  0, 8,   84) :    15163    17042    60075    61735     11 :   98.8  1.08e-02
 1 :         571 : (   10,   41) : (  0, 6,   26) (  0, 8,   85) :    15163    17042    61736    62505      7 :   98.7  5.45e-03
 1 :         572 : (   10,   42) : (  0, 6,   26) (  0, 8,   86) :    15163    17042    62506    64201     10 :   98.9  9.70e-03
 1 :         573 : (   10,   43) : (  0, 6,   26) (  0, 8,   87) :    15163    17042    64202    65898     11 :   98.8  1.07e-02
 1 :         574 : (   10,   44) : (  0, 6,   26) (  0, 8,   88) :    15163    17042    65899    66838      8 :   98.7  7.06e-03
 1 :         575 : (   10,   45) : (  0, 6,   26) (  0, 8,   89) :    15163    17042    66839    68824     13 :   98.7  1.26e-02
 1 :         576 : (   10,   46) : (  0, 6,   26) (  0, 8,   90) :    15163    17042    68825    70511     12 :   98.7  1.14e-02
 1 :         577 : (   10,   47) : (  0, 6,   26) (  0, 8,   93) :    15163    17042    70512    72369     11 :   98.8  1.08e-02
 1 :         578 : (   10,   48) : (  0, 6,   26) (  0, 8,   94) :    15163    17042    72370    73108      7 :   98.7  5.99e-03
 1 :         579 : (   10,   49) : (  0, 6,   26) (  0, 8,   95) :    15163    17042    73109    74219      9 :   98.7  7.55e-03
 1 :         580 : (   10,   50) : (  0, 6,   26) (  0, 8,   96) :    15163    17042    74220    76059     11 :   98.8  1.09e-02
 1 :         581 : (   10,   51) : (  0, 6,   26) (  0, 8,   97) :    15163    17042    76060    77572     16 :   98.1  1.32e-02
 0 :         582 : (   10,   52) : (  0, 6,   26) (  0, 8,   98) :    15163    17042    77573    77654      0 :    0.0  2.51e-02
 1 :         583 : (   11,    0) : (  0, 6,   27) (  0, 5,    1) :    17043    18216        0     1752      7 :   99.0  6.45e-03
 1 :         584 : (   11,    1) : (  0, 6,   27) (  0, 5,    2) :    17043    18216     1753     2514      6 :   98.7  4.33e-03
 1 :         585 : (   11,    2) : (  0, 6,   27) (  0, 5,    3) :    17043    18216     2515     4234      7 :   99.0  5.87e-03
 1 :         586 : (   11,    3) : (  0, 6,   27) (  0, 5,    4) :    17043    18216     4235     4987      6 :   98.7  4.08e-03
 1 :         587 : (   11,    4) : (  0, 6,   27) (  0, 6,    9) :    17043    18216     4988     6868      7 :   99.0  6.39e-03
 1 :         588 : (   11,    5) : (  0, 6,   27) (  0, 6,   11) :    17043    18216     6869     8218      8 :   98.7  5.93e-03
 1 :         589 : (   11,    6) : (  0, 6,   27) (  0, 6,   12) :    17043    18216     8219    10055      7 :   99.0  6.64e-03
 1 :         590 : (   11,    7) : (  0, 6,   27) (  0, 6,   14) :    17043    18216    10056    11954      7 :   99.0  6.63e-03
 1 :         591 : (   11,    8) : (  0, 6,   27) (  0, 6,   15) :    17043    18216    11955    13812      7 :   99.0  6.81e-03
 1 :         592 : (   11,    9) : (  0, 6,   27) (  0, 6,   16) :    17043    18216    13813    15162      7 :   98.9  5.62e-03
 0 :         593 : (   11,   10) : (  0, 6,   27) (  0, 6,   26) :    17043    18216    15163    17042      0 :    0.0  3.29e-01
 0 :         594 : (   11,   11) : (  0, 6,   27) (  0, 6,   27) :    17043    18216    17043    18216      0 :    0.0  1.91e-01
 0 :         595 : (   11,   12) : (  0, 6,   27) (  0, 6,   28) :    17043    18216    18217    20483      0 :    0.0  3.67e-01
 1 :         596 : (   11,   13) : (  0, 6,   27) (  0, 6,   29) :    17043    18216    20484    22354     11 :   98.5  9.26e-03
 1 :         597 : (   11,   14) : (  0, 6,   27) (  0, 6,   31) :    17043    18216    22355    24605     11 :   98.6  1.03e-02
 1 :         598 : (   11,   15) : (  0, 6,   27) (  0, 6,   32) :    17043    18216    24606    25765      9 :   98.5  6.28e-03
 1 :         599 : (   11,   16) : (  0, 6,   27) (  0, 7,   19) :    17043    18216    25766    27455      7 :   99.0  8.75e-03
 1 :         600 : (   11,   17) : (  0, 6,   27) (  0, 7,   20) :    17043    18216    27456    28389      7 :   98.7  1.51e-02
 1 :         601 : (   11,   18) : (  0, 6,   27) (  0, 7,   25) :    17043    18216    28390    30099      7 :   99.0  6.40e-03
 1 :         602 : (   11,   19) : (  0, 6,   27) (  0, 7,   26) :    17043    18216    30100    31020      7 :   98.6  4.77e-03
 1 :         603 : (   11,   20) : (  0, 6,   27) (  0, 7,   35) :    17043    18216    31021    32680      7 :   99.0  9.79e-03
 1 :         604 : (   11,   21) : (  0, 6,   27) (  0, 7,   40) :    17043    18216    32681    34410     10 :   98.6  1.34e-02
 1 :         605 : (   11,   22) : (  0, 6,   27) (  0, 7,   41) :    17043    18216    34411    36062      7 :   99.0  6.47e-03
 1 :         606 : (   11,   23) : (  0, 6,   27) (  0, 7,   46) :    17043    18216    36063    37795      9 :   98.7  7.55e-03
 0 :         607 : (   11,   24) : (  0, 6,   27) (  0, 7,   50) :    17043    18216    37796    38258      0 :    0.0  9.85e-02
 1 :         608 : (   11,   25) : (  0, 6,   27) (  0, 7,   59) :    17043    18216    38259    39857      8 :   98.8  6.55e-03
 1 :         609 : (   11,   26) : (  0, 6,   27) (  0, 7,   60) :    17043    18216    39858    40314      8 :   97.6  3.88e-03
 1 :         610 : (   11,   27) : (  0, 6,   27) (  0, 8,   65) :    17043    18216    40315    42013      8 :   98.8  6.62e-03
 1 :         611 : (   11,   28) : (  0, 6,   27) (  0, 8,   66) :    17043    18216    42014    42768      6 :   98.7  4.04e-03
 1 :         612 : (   11,   29) : (  0, 6,   27) (  0, 8,   67) :    17043    18216    42769    43712      8 :   98.5  4.94e-03
 1 :         613 : (   11,   30) : (  0, 6,   27) (  0, 8,   68) :    17043    18216    43713    45403      9 :   98.7  7.31e-03
 1 :         614 : (   11,   31) : (  0, 6,   27) (  0, 8,   71) :    17043    18216    45404    47057      8 :   98.8  7.08e-03
 1 :         615 : (   11,   32) : (  0, 6,   27) (  0, 8,   72) :    17043    18216    47058    49013      9 :   98.8  9.12e-03
 1 :         616 : (   11,   33) : (  0, 6,   27) (  0, 8,   73) :    17043    18216    49014    49752      7 :   98.5  4.11e-03
 1 :         617 : (   11,   34) : (  0, 6,   27) (  0, 8,   74) :    17043    18216    49753    51606     10 :   98.6  8.06e-03
 1 :         618 : (   11,   35) : (  0, 6,   27) (  0, 8,   75) :    17043    18216    51607    53340      9 :   98.7  7.51e-03
 1 :         619 : (   11,   36) : (  0, 6,   27) (  0, 8,   76) :    17043    18216    53341    54448      9 :   98.4  6.03e-03
 1 :         620 : (   11,   37) : (  0, 6,   27) (  0, 8,   77) :    17043    18216    54449    56151     10 :   98.6  7.77e-03
 1 :         621 : (   11,   38) : (  0, 6,   27) (  0, 8,   78) :    17043    18216    56152    58105     10 :   98.6  9.01e-03
 1 :         622 : (   11,   39) : (  0, 6,   27) (  0, 8,   83) :    17043    18216    58106    60074      7 :   99.0  6.94e-03
 1 :         623 : (   11,   40) : (  0, 6,   27) (  0, 8,   84) :    17043    18216    60075    61735      8 :   98.8  6.93e-03
 1 :         624 : (   11,   41) : (  0, 6,   27) (  0, 8,   85) :    17043    18216    61736    62505      6 :   98.7  4.46e-03
 1 :         625 : (   11,   42) : (  0, 6,   27) (  0, 8,   86) :    17043    18216    62506    64201      7 :   99.0  5.78e-03
 1 :         626 : (   11,   43) : (  0, 6,   27) (  0, 8,   87) :    17043    18216    64202    65898      7 :   99.0  6.46e-03
 1 :         627 : (   11,   44) : (  0, 6,   27) (  0, 8,   88) :    17043    18216    65899    66838      7 :   98.7  4.62e-03
 1 :         628 : (   11,   45) : (  0, 6,   27) (  0, 8,   89) :    17043    18216    66839    68824      9 :   98.8  8.33e-03
 1 :         629 : (   11,   46) : (  0, 6,   27) (  0, 8,   90) :    17043    18216    68825    70511      8 :   98.8  6.73e-03
 1 :         630 : (   11,   47) : (  0, 6,   27) (  0, 8,   93) :    17043    18216    70512    72369      8 :   98.9  7.26e-03
 1 :         631 : (   11,   48) : (  0, 6,   27) (  0, 8,   94) :    17043    18216    72370    73108      6 :   98.7  4.01e-03
 1 :         632 : (   11,   49) : (  0, 6,   27) (  0, 8,   95) :    17043    18216    73109    74219      7 :   98.8  4.96e-03
 1 :         633 : (   11,   50) : (  0, 6,   27) (  0, 8,   96) :    17043    18216    74220    76059      7 :   99.0  6.47e-03
 1 :         634 : (   11,   51) : (  0, 6,   27) (  0, 8,   97) :    17043    18216    76060    77572     12 :   98.2  8.52e-03
 1 :         635 : (   11,   52) : (  0, 6,   27) (  0, 8,   98) :    17043    18216    77573    77654      9 :   88.3  3.16e-03
 1 :         636 : (   12,    0) : (  0, 6,   28) (  0, 5,    1) :    18217    20483        0     1752      9 :   99.1  1.09e-02
 1 :         637 : (   12,    1) : (  0, 6,   28) (  0, 5,    2) :    18217    20483     1753     2514      6 :   98.9  6.55e-03
 1 :         638 : (   12,    2) : (  0, 6,   28) (  0, 5,    3) :    18217    20483     2515     4234      9 :   99.1  1.03e-02
 1 :         639 : (   12,    3) : (  0, 6,   28) (  0, 5,    4) :    18217    20483     4235     4987      6 :   98.9  6.45e-03
 1 :         640 : (   12,    4) : (  0, 6,   28) (  0, 6,    9) :    18217    20483     4988     6868      9 :   99.1  1.08e-02
 1 :         641 : (   12,    5) : (  0, 6,   28) (  0, 6,   11) :    18217    20483     6869     8218      9 :   98.9  9.54e-03
 1 :         642 : (   12,    6) : (  0, 6,   28) (  0, 6,   12) :    18217    20483     8219    10055      9 :   99.1  1.09e-02
 1 :         643 : (   12,    7) : (  0, 6,   28) (  0, 6,   14) :    18217    20483    10056    11954      9 :   99.1  1.09e-02
 1 :         644 : (   12,    8) : (  0, 6,   28) (  0, 6,   15) :    18217    20483    11955    13812      9 :   99.1  1.10e-02
 1 :         645 : (   12,    9) : (  0, 6,   28) (  0, 6,   16) :    18217    20483    13813    15162      8 :   99.1  9.42e-03
 0 :         646 : (   12,   10) : (  0, 6,   28) (  0, 6,   26) :    18217    20483    15163    17042      0 :    0.0  6.96e-01
 0 :         647 : (   12,   11) : (  0, 6,   28) (  0, 6,   27) :    18217    20483    17043    18216      0 :    0.0  4.21e-01
 0 :         648 : (   12,   12) : (  0, 6,   28) (  0, 6,   28) :    18217    20483    18217    20483      0 :    0.0  8.56e-01
 0 :         649 : (   12,   13) : (  0, 6,   28) (  0, 6,   29) :    18217    20483    20484    22354      0 :    0.0  6.91e-01
 0 :         650 : (   12,   14) : (  0, 6,   28) (  0, 6,   31) :    18217    20483    22355    24605      0 :    0.0  8.29e-01
 1 :         651 : (   12,   15) : (  0, 6,   28) (  0, 6,   32) :    18217    20483    24606    25765     11 :   98.6  1.07e-02
 1 :         652 : (   12,   16) : (  0, 6,   28) (  0, 7,   19) :    18217    20483    25766    27455      9 :   99.1  9.78e-03
 1 :         653 : (   12,   17) : (  0, 6,   28) (  0, 7,   20) :    18217    20483    27456    28389      7 :   98.9  6.50e-03
 1 :         654 : (   12,   18) : (  0, 6,   28) (  0, 7,   25) :    18217    20483    28390    30099      9 :   99.1  1.00e-02
 1 :         655 : (   12,   19) : (  0, 6,   28) (  0, 7,   26) :    18217    20483    30100    31020      7 :   98.9  7.20e-03
 1 :         656 : (   12,   20) : (  0, 6,   28) (  0, 7,   35) :    18217    20483    31021    32680     10 :   99.0  1.02e-02
 1 :         657 : (   12,   21) : (  0, 6,   28) (  0, 7,   40) :    18217    20483    32681    34410     12 :   98.8  1.18e-02
 1 :         658 : (   12,   22) : (  0, 6,   28) (  0, 7,   41) :    18217    20483    34411    36062     10 :   99.0  1.06e-02
 1 :         659 : (   12,   23) : (  0, 6,   28) (  0, 7,   46) :    18217    20483    36063    37795     11 :   98.9  2.51e-02
 0 :         660 : (   12,   24) : (  0, 6,   28) (  0, 7,   50) :    18217    20483    37796    38258      0 :    0.0  1.78e-01
 1 :         661 : (   12,   25) : (  0, 6,   28) (  0, 7,   59) :    18217    20483    38259    39857     10 :   98.9  9.93e-03
 1 :         662 : (   12,   26) : (  0, 6,   28) (  0, 7,   60) :    18217    20483    39858    40314      9 :   97.6  6.95e-03
 1 :         663 : (   12,   27) : (  0, 6,   28) (  0, 8,   65) :    18217    20483    40315    42013     10 :   99.0  1.05e-02
 1 :         664 : (   12,   28) : (  0, 6,   28) (  0, 8,   66) :    18217    20483    42014    42768      6 :   98.9  6.38e-03
 1 :         665 : (   12,   29) : (  0, 6,   28) (  0, 8,   67) :    18217    20483    42769    43712      7 :   98.9  6.26e-03
 1 :         666 : (   12,   30) : (  0, 6,   28) (  0, 8,   68) :    18217    20483    43713    45403     10 :   99.0  1.08e-02
 1 :         667 : (   12,   31) : (  0, 6,   28) (  0, 8,   71) :    18217    20483    45404    47057     10 :   99.0  1.06e-02
 1 :         668 : (   12,   32) : (  0, 6,   28) (  0, 8,   72) :    18217    20483    47058    49013     10 :   99.0  1.20e-02
 1 :         669 : (   12,   33) : (  0, 6,   28) (  0, 8,   73) :    18217    20483    49014    49752      7 :   98.7  6.15e-03
 1 :         670 : (   12,   34) : (  0, 6,   28) (  0, 8,   74) :    18217    20483    49753    51606     11 :   98.9  1.18e-02
 1 :         671 : (   12,   35) : (  0, 6,   28) (  0, 8,   75) :    18217    20483    51607    53340     11 :   98.9  1.78e-02
 1 :         672 : (   12,   36) : (  0, 6,   28) (  0, 8,   76) :    18217    20483    53341    54448      9 :   98.8  1.53e-02
 1 :         673 : (   12,   37) : (  0, 6,   28) (  0, 8,   77) :    18217    20483    54449    56151     11 :   98.9  1.16e-02
 1 :         674 : (   12,   38) : (  0, 6,   28) (  0, 8,   78) :    18217    20483    56152    58105     11 :   99.0  2.15e-02
 1 :         675 : (   12,   39) : (  0, 6,   28) (  0, 8,   83) :    18217    20483    58106    60074     10 :   99.1  1.21e-02
 1 :         676 : (   12,   40) : (  0, 6,   28) (  0, 8,   84) :    18217    20483    60075    61735     10 :   99.0  1.09e-02
 1 :         677 : (   12,   41) : (  0, 6,   28) (  0, 8,   85) :    18217    20483    61736    62505      6 :   99.0  6.43e-03
 1 :         678 : (   12,   42) : (  0, 6,   28) (  0, 8,   86) :    18217    20483    62506    64201      9 :   99.1  9.93e-03
 1 :         679 : (   12,   43) : (  0, 6,   28) (  0, 8,   87) :    18217    20483    64202    65898     10 :   99.0  1.11e-02
 1 :         680 : (   12,   44) : (  0, 6,   28) (  0, 8,   88) :    18217    20483    65899    66838      7 :   98.9  7.18e-03
 1 :         681 : (   12,   45) : (  0, 6,   28) (  0, 8,   89) :    18217    20483    66839    68824     11 :   99.0  1.27e-02
 1 :         682 : (   12,   46) : (  0, 6,   28) (  0, 8,   90) :    18217    20483    68825    70511     10 :   99.0  1.11e-02
 1 :         683 : (   12,   47) : (  0, 6,   28) (  0, 8,   93) :    18217    20483    70512    72369     10 :   99.0  1.14e-02
 1 :         684 : (   12,   48) : (  0, 6,   28) (  0, 8,   94) :    18217    20483    72370    73108      6 :   98.9  6.65e-03
 1 :         685 : (   12,   49) : (  0, 6,   28) (  0, 8,   95) :    18217    20483    73109    74219      9 :   98.8  7.84e-03
 1 :         686 : (   12,   50) : (  0, 6,   28) (  0, 8,   96) :    18217    20483    74220    76059     10 :   99.0  1.09e-02
 1 :         687 : (   12,   51) : (  0, 6,   28) (  0, 8,   97) :    18217    20483    76060    77572     11 :   98.8  1.10e-02
 1 :         688 : (   12,   52) : (  0, 6,   28) (  0, 8,   98) :    18217    20483    77573    77654      9 :   88.6  6.12e-03
 1 :         689 : (   13,    0) : (  0, 6,   29) (  0, 5,    1) :    20484    22354        0     1752      9 :   99.0  9.18e-03
 1 :         690 : (   13,    1) : (  0, 6,   29) (  0, 5,    2) :    20484    22354     1753     2514      6 :   98.9  5.74e-03
 1 :         691 : (   13,    2) : (  0, 6,   29) (  0, 5,    3) :    20484    22354     2515     4234      9 :   99.0  9.12e-03
 1 :         692 : (   13,    3) : (  0, 6,   29) (  0, 5,    4) :    20484    22354     4235     4987      6 :   98.9  5.66e-03
 1 :         693 : (   13,    4) : (  0, 6,   29) (  0, 6,    9) :    20484    22354     4988     6868      9 :   99.0  9.53e-03
 1 :         694 : (   13,    5) : (  0, 6,   29) (  0, 6,   11) :    20484    22354     6869     8218     11 :   98.6  9.69e-03
 1 :         695 : (   13,    6) : (  0, 6,   29) (  0, 6,   12) :    20484    22354     8219    10055     12 :   98.7  1.19e-02
 1 :         696 : (   13,    7) : (  0, 6,   29) (  0, 6,   14) :    20484    22354    10056    11954      9 :   99.0  9.82e-03
 1 :         697 : (   13,    8) : (  0, 6,   29) (  0, 6,   15) :    20484    22354    11955    13812     11 :   98.8  1.13e-02
 1 :         698 : (   13,    9) : (  0, 6,   29) (  0, 6,   16) :    20484    22354    13813    15162     10 :   98.7  9.12e-03
 0 :         699 : (   13,   10) : (  0, 6,   29) (  0, 6,   26) :    20484    22354    15163    17042      0 :    0.0  5.48e-01
 1 :         700 : (   13,   11) : (  0, 6,   29) (  0, 6,   27) :    20484    22354    17043    18216     10 :   98.6  9.05e-03
 0 :         701 : (   13,   12) : (  0, 6,   29) (  0, 6,   28) :    20484    22354    18217    20483      0 :    0.0  6.57e-01
 0 :         702 : (   13,   13) : (  0, 6,   29) (  0, 6,   29) :    20484    22354    20484    22354      0 :    0.0  5.33e-01
 0 :         703 : (   13,   14) : (  0, 6,   29) (  0, 6,   31) :    20484    22354    22355    24605      0 :    0.0  6.59e-01
 0 :         704 : (   13,   15) : (  0, 6,   29) (  0, 6,   32) :    20484    22354    24606    25765      0 :    0.0  3.47e-01
 1 :         705 : (   13,   16) : (  0, 6,   29) (  0, 7,   19) :    20484    22354    25766    27455      9 :   99.0  1.01e-02
 1 :         706 : (   13,   17) : (  0, 6,   29) (  0, 7,   20) :    20484    22354    27456    28389      7 :   98.9  6.82e-03
 1 :         707 : (   13,   18) : (  0, 6,   29) (  0, 7,   25) :    20484    22354    28390    30099      9 :   99.0  9.82e-03
 1 :         708 : (   13,   19) : (  0, 6,   29) (  0, 7,   26) :    20484    22354    30100    31020      7 :   98.9  6.68e-03
 1 :         709 : (   13,   20) : (  0, 6,   29) (  0, 7,   35) :    20484    22354    31021    32680     12 :   98.6  1.16e-02
 0 :         710 : (   13,   21) : (  0, 6,   29) (  0, 7,   40) :    20484    22354    32681    34410      0 :    0.0  4.83e-01
 1 :         711 : (   13,   22) : (  0, 6,   29) (  0, 7,   41) :    20484    22354    34411    36062     11 :   98.7  1.17e-02
 0 :         712 : (   13,   23) : (  0, 6,   29) (  0, 7,   46) :    20484    22354    36063    37795      0 :    0.0  5.08e-01
 1 :         713 : (   13,   24) : (  0, 6,   29) (  0, 7,   50) :    20484    22354    37796    38258      9 :   97.6  7.24e-03
 0 :         714 : (   13,   25) : (  0, 6,   29) (  0, 7,   59) :    20484    22354    38259    39857      0 :    0.0  4.70e-01
 0 :         715 : (   13,   26) : (  0, 6,   29) (  0, 7,   60) :    20484    22354    39858    40314      0 :    0.0  1.31e-01
 1 :         716 : (   13,   27) : (  0, 6,   29) (  0, 8,   65) :    20484    22354    40315    42013     10 :   98.9  1.10e-02
 1 :         717 : (   13,   28) : (  0, 6,   29) (  0, 8,   66) :    20484    22354    42014    42768      6 :   98.9  6.08e-03
 1 :         718 : (   13,   29) : (  0, 6,   29) (  0, 8,   67) :    20484    22354    42769    43712      7 :   98.9  6.52e-03
 1 :         719 : (   13,   30) : (  0, 6,   29) (  0, 8,   68) :    20484    22354    43713    45403     11 :   98.8  1.10e-02
 1 :         720 : (   13,   31) : (  0, 6,   29) (  0, 8,   71) :    20484    22354    45404    47057     11 :   98.7  1.09e-02
 1 :         721 : (   13,   32) : (  0, 6,   29) (  0, 8,   72) :    20484    22354    47058    49013     13 :   98.6  1.36e-02
 1 :         722 : (   13,   33) : (  0, 6,   29) (  0, 8,   73) :    20484    22354    49014    49752      8 :   98.5  6.86e-03
 1 :         723 : (   13,   34) : (  0, 6,   29) (  0, 8,   74) :    20484    22354    49753    51606     12 :   98.7  1.20e-02
 1 :         724 : (   13,   35) : (  0, 6,   29) (  0, 8,   75) :    20484    22354    51607    53340     11 :   98.8  1.12e-02
 1 :         725 : (   13,   36) : (  0, 6,   29) (  0, 8,   76) :    20484    22354    53341    54448      9 :   98.7  8.28e-03
 1 :         726 : (   13,   37) : (  0, 6,   29) (  0, 8,   77) :    20484    22354    54449    56151     12 :   98.7  2.54e-02
 1 :         727 : (   13,   38) : (  0, 6,   29) (  0, 8,   78) :    20484    22354    56152    58105     13 :   98.6  1.38e-02
 1 :         728 : (   13,   39) : (  0, 6,   29) (  0, 8,   83) :    20484    22354    58106    60074     12 :   98.7  1.97e-02
 1 :         729 : (   13,   40) : (  0, 6,   29) (  0, 8,   84) :    20484    22354    60075    61735     12 :   98.6  1.19e-02
 1 :         730 : (   13,   41) : (  0, 6,   29) (  0, 8,   85) :    20484    22354    61736    62505      7 :   98.7  6.65e-03
 1 :         731 : (   13,   42) : (  0, 6,   29) (  0, 8,   86) :    20484    22354    62506    64201     10 :   98.9  1.03e-02
 1 :         732 : (   13,   43) : (  0, 6,   29) (  0, 8,   87) :    20484    22354    64202    65898     12 :   98.7  1.23e-02
 1 :         733 : (   13,   44) : (  0, 6,   29) (  0, 8,   88) :    20484    22354    65899    66838      9 :   98.6  7.81e-03
 1 :         734 : (   13,   45) : (  0, 6,   29) (  0, 8,   89) :    20484    22354    66839    68824     15 :   98.4  1.49e-02
 1 :         735 : (   13,   46) : (  0, 6,   29) (  0, 8,   90) :    20484    22354    68825    70511     16 :   98.2  1.47e-02
 1 :         736 : (   13,   47) : (  0, 6,   29) (  0, 8,   93) :    20484    22354    70512    72369     13 :   98.6  1.29e-02
 1 :         737 : (   13,   48) : (  0, 6,   29) (  0, 8,   94) :    20484    22354    72370    73108     10 :   98.1  7.89e-03
 0 :         738 : (   13,   49) : (  0, 6,   29) (  0, 8,   95) :    20484    22354    73109    74219      0 :    0.0  3.11e-01
 1 :         739 : (   13,   50) : (  0, 6,   29) (  0, 8,   96) :    20484    22354    74220    76059     14 :   98.5  1.41e-02
 1 :         740 : (   13,   51) : (  0, 6,   29) (  0, 8,   97) :    20484    22354    76060    77572     10 :   98.8  1.01e-02
 1 :         741 : (   13,   52) : (  0, 6,   29) (  0, 8,   98) :    20484    22354    77573    77654      8 :   89.8  5.24e-03
 1 :         742 : (   14,    0) : (  0, 6,   31) (  0, 5,    1) :    22355    24605        0     1752      9 :   99.1  1.11e-02
 1 :         743 : (   14,    1) : (  0, 6,   31) (  0, 5,    2) :    22355    24605     1753     2514      6 :   98.9  1.20e-02
 1 :         744 : (   14,    2) : (  0, 6,   31) (  0, 5,    3) :    22355    24605     2515     4234      9 :   99.1  1.96e-02
 1 :         745 : (   14,    3) : (  0, 6,   31) (  0, 5,    4) :    22355    24605     4235     4987      6 :   98.9  7.15e-03
 1 :         746 : (   14,    4) : (  0, 6,   31) (  0, 6,    9) :    22355    24605     4988     6868      9 :   99.1  1.37e-02
 1 :         747 : (   14,    5) : (  0, 6,   31) (  0, 6,   11) :    22355    24605     6869     8218      8 :   99.1  1.66e-02
 1 :         748 : (   14,    6) : (  0, 6,   31) (  0, 6,   12) :    22355    24605     8219    10055      9 :   99.1  1.16e-02
 1 :         749 : (   14,    7) : (  0, 6,   31) (  0, 6,   14) :    22355    24605    10056    11954      9 :   99.1  1.15e-02
 1 :         750 : (   14,    8) : (  0, 6,   31) (  0, 6,   15) :    22355    24605    11955    13812      9 :   99.1  1.15e-02
 1 :         751 : (   14,    9) : (  0, 6,   31) (  0, 6,   16) :    22355    24605    13813    15162      9 :   98.9  1.06e-02
 0 :         752 : (   14,   10) : (  0, 6,   31) (  0, 6,   26) :    22355    24605    15163    17042      0 :    0.0  6.83e-01
 1 :         753 : (   14,   11) : (  0, 6,   31) (  0, 6,   27) :    22355    24605    17043    18216     12 :   98.4  2.29e-02
 0 :         754 : (   14,   12) : (  0, 6,   31) (  0, 6,   28) :    22355    24605    18217    20483      0 :    0.0  8.80e-01
 0 :         755 : (   14,   13) : (  0, 6,   31) (  0, 6,   29) :    22355    24605    20484    22354      0 :    0.0  6.79e-01
 0 :         756 : (   14,   14) : (  0, 6,   31) (  0, 6,   31) :    22355    24605    22355    24605      0 :    0.0  8.40e-01
 0 :         757 : (   14,   15) : (  0, 6,   31) (  0, 6,   32) :    22355    24605    24606    25765      0 :    0.0  4.46e-01
 1 :         758 : (   14,   16) : (  0, 6,   31) (  0, 7,   19) :    22355    24605    25766    27455      9 :   99.1  1.11e-02
 1 :         759 : (   14,   17) : (  0, 6,   31) (  0, 7,   20) :    22355    24605    27456    28389      7 :   98.9  7.46e-03
 1 :         760 : (   14,   18) : (  0, 6,   31) (  0, 7,   25) :    22355    24605    28390    30099      9 :   99.1  1.05e-02
 1 :         761 : (   14,   19) : (  0, 6,   31) (  0, 7,   26) :    22355    24605    30100    31020      7 :   98.9  7.67e-03
 1 :         762 : (   14,   20) : (  0, 6,   31) (  0, 7,   35) :    22355    24605    31021    32680      9 :   99.1  9.59e-03
 1 :         763 : (   14,   21) : (  0, 6,   31) (  0, 7,   40) :    22355    24605    32681    34410     11 :   98.9  1.20e-02
 1 :         764 : (   14,   22) : (  0, 6,   31) (  0, 7,   41) :    22355    24605    34411    36062      9 :   99.1  1.01e-02
 1 :         765 : (   14,   23) : (  0, 6,   31) (  0, 7,   46) :    22355    24605    36063    37795     12 :   98.8  1.26e-02
 1 :         766 : (   14,   24) : (  0, 6,   31) (  0, 7,   50) :    22355    24605    37796    38258      8 :   97.9  6.66e-03
 1 :         767 : (   14,   25) : (  0, 6,   31) (  0, 7,   59) :    22355    24605    38259    39857     13 :   98.6  1.24e-02
 0 :         768 : (   14,   26) : (  0, 6,   31) (  0, 7,   60) :    22355    24605    39858    40314      0 :    0.0  1.69e-01
 1 :         769 : (   14,   27) : (  0, 6,   31) (  0, 8,   65) :    22355    24605    40315    42013      9 :   99.1  9.76e-03
 1 :         770 : (   14,   28) : (  0, 6,   31) (  0, 8,   66) :    22355    24605    42014    42768      6 :   98.9  6.32e-03
 1 :         771 : (   14,   29) : (  0, 6,   31) (  0, 8,   67) :    22355    24605    42769    43712      7 :   98.9  6.94e-03
 1 :         772 : (   14,   30) : (  0, 6,   31) (  0, 8,   68) :    22355    24605    43713    45403      9 :   99.1  1.02e-02
 1 :         773 : (   14,   31) : (  0, 6,   31) (  0, 8,   71) :    22355    24605    45404    47057     10 :   99.0  1.09e-02
 1 :         774 : (   14,   32) : (  0, 6,   31) (  0, 8,   72) :    22355    24605    47058    49013     10 :   99.0  1.23e-02
 1 :         775 : (   14,   33) : (  0, 6,   31) (  0, 8,   73) :    22355    24605    49014    49752      6 :   98.9  5.86e-03
 1 :         776 : (   14,   34) : (  0, 6,   31) (  0, 8,   74) :    22355    24605    49753    51606     10 :   99.0  1.13e-02
 1 :         777 : (   14,   35) : (  0, 6,   31) (  0, 8,   75) :    22355    24605    51607    53340     10 :   99.0  1.12e-02
 1 :         778 : (   14,   36) : (  0, 6,   31) (  0, 8,   76) :    22355    24605    53341    54448      8 :   98.9  1.78e-02
 1 :         779 : (   14,   37) : (  0, 6,   31) (  0, 8,   77) :    22355    24605    54449    56151     11 :   98.9  1.60e-02
 1 :         780 : (   14,   38) : (  0, 6,   31) (  0, 8,   78) :    22355    24605    56152    58105     11 :   98.9  2.01e-02
 1 :         781 : (   14,   39) : (  0, 6,   31) (  0, 8,   83) :    22355    24605    58106    60074      9 :   99.1  1.38e-02
 1 :         782 : (   14,   40) : (  0, 6,   31) (  0, 8,   84) :    22355    24605    60075    61735     10 :   99.0  1.14e-02
 1 :         783 : (   14,   41) : (  0, 6,   31) (  0, 8,   85) :    22355    24605    61736    62505      6 :   99.0  6.57e-03
 1 :         784 : (   14,   42) : (  0, 6,   31) (  0, 8,   86) :    22355    24605    62506    64201      9 :   99.1  1.02e-02
 1 :         785 : (   14,   43) : (  0, 6,   31) (  0, 8,   87) :    22355    24605    64202    65898     10 :   99.0  1.14e-02
 1 :         786 : (   14,   44) : (  0, 6,   31) (  0, 8,   88) :    22355    24605    65899    66838      7 :   98.9  7.35e-03
 1 :         787 : (   14,   45) : (  0, 6,   31) (  0, 8,   89) :    22355    24605    66839    68824     11 :   99.0  1.29e-02
 1 :         788 : (   14,   46) : (  0, 6,   31) (  0, 8,   90) :    22355    24605    68825    70511     11 :   98.9  2.07e-02
 1 :         789 : (   14,   47) : (  0, 6,   31) (  0, 8,   93) :    22355    24605    70512    72369     12 :   98.8  1.86e-02
 1 :         790 : (   14,   48) : (  0, 6,   31) (  0, 8,   94) :    22355    24605    72370    73108      7 :   98.7  7.56e-03
 1 :         791 : (   14,   49) : (  0, 6,   31) (  0, 8,   95) :    22355    24605    73109    74219     10 :   98.7  1.65e-02
 1 :         792 : (   14,   50) : (  0, 6,   31) (  0, 8,   96) :    22355    24605    74220    76059     12 :   98.8  1.42e-02
 1 :         793 : (   14,   51) : (  0, 6,   31) (  0, 8,   97) :    22355    24605    76060    77572      9 :   99.0  9.87e-03
 1 :         794 : (   14,   52) : (  0, 6,   31) (  0, 8,   98) :    22355    24605    77573    77654      7 :   91.2  5.48e-03
 1 :         795 : (   15,    0) : (  0, 6,   32) (  0, 5,    1) :    24606    25765        0     1752      7 :   99.0  6.20e-03
 1 :         796 : (   15,    1) : (  0, 6,   32) (  0, 5,    2) :    24606    25765     1753     2514      6 :   98.7  4.18e-03
 1 :         797 : (   15,    2) : (  0, 6,   32) (  0, 5,    3) :    24606    25765     2515     4234      7 :   99.0  6.12e-03
 1 :         798 : (   15,    3) : (  0, 6,   32) (  0, 5,    4) :    24606    25765     4235     4987      7 :   98.5  4.39e-03
 1 :         799 : (   15,    4) : (  0, 6,   32) (  0, 6,    9) :    24606    25765     4988     6868      7 :   99.0  6.73e-03
 1 :         800 : (   15,    5) : (  0, 6,   32) (  0, 6,   11) :    24606    25765     6869     8218      8 :   98.7  6.33e-03
 1 :         801 : (   15,    6) : (  0, 6,   32) (  0, 6,   12) :    24606    25765     8219    10055      8 :   98.9  7.97e-03
 1 :         802 : (   15,    7) : (  0, 6,   32) (  0, 6,   14) :    24606    25765    10056    11954      7 :   99.0  7.03e-03
 1 :         803 : (   15,    8) : (  0, 6,   32) (  0, 6,   15) :    24606    25765    11955    13812      8 :   98.9  7.51e-03
 1 :         804 : (   15,    9) : (  0, 6,   32) (  0, 6,   16) :    24606    25765    13813    15162      8 :   98.7  6.32e-03
 1 :         805 : (   15,   10) : (  0, 6,   32) (  0, 6,   26) :    24606    25765    15163    17042     10 :   98.6  8.87e-03
 1 :         806 : (   15,   11) : (  0, 6,   32) (  0, 6,   27) :    24606    25765    17043    18216     10 :   98.3  6.64e-03
 1 :         807 : (   15,   12) : (  0, 6,   32) (  0, 6,   28) :    24606    25765    18217    20483     11 :   98.6  1.00e-02
 0 :         808 : (   15,   13) : (  0, 6,   32) (  0, 6,   29) :    24606    25765    20484    22354      0 :    0.0  3.02e-01
 0 :         809 : (   15,   14) : (  0, 6,   32) (  0, 6,   31) :    24606    25765    22355    24605      0 :    0.0  3.85e-01
 0 :         810 : (   15,   15) : (  0, 6,   32) (  0, 6,   32) :    24606    25765    24606    25765      0 :    0.0  1.87e-01
 1 :         811 : (   15,   16) : (  0, 6,   32) (  0, 7,   19) :    24606    25765    25766    27455      7 :   99.0  6.59e-03
 1 :         812 : (   15,   17) : (  0, 6,   32) (  0, 7,   20) :    24606    25765    27456    28389      7 :   98.6  4.90e-03
 1 :         813 : (   15,   18) : (  0, 6,   32) (  0, 7,   25) :    24606    25765    28390    30099      8 :   98.8  7.11e-03
 1 :         814 : (   15,   19) : (  0, 6,   32) (  0, 7,   26) :    24606    25765    30100    31020      7 :   98.6  4.81e-03
 1 :         815 : (   15,   20) : (  0, 6,   32) (  0, 7,   35) :    24606    25765    31021    32680      8 :   98.8  6.89e-03
 1 :         816 : (   15,   21) : (  0, 6,   32) (  0, 7,   40) :    24606    25765    32681    34410      9 :   98.7  7.69e-03
 1 :         817 : (   15,   22) : (  0, 6,   32) (  0, 7,   41) :    24606    25765    34411    36062      8 :   98.8  6.93e-03
 1 :         818 : (   15,   23) : (  0, 6,   32) (  0, 7,   46) :    24606    25765    36063    37795     10 :   98.6  8.24e-03
 1 :         819 : (   15,   24) : (  0, 6,   32) (  0, 7,   50) :    24606    25765    37796    38258      8 :   97.6  4.06e-03
 1 :         820 : (   15,   25) : (  0, 6,   32) (  0, 7,   59) :    24606    25765    38259    39857     13 :   98.1  9.06e-03
 0 :         821 : (   15,   26) : (  0, 6,   32) (  0, 7,   60) :    24606    25765    39858    40314      0 :    0.0  7.45e-02
 1 :         822 : (   15,   27) : (  0, 6,   32) (  0, 8,   65) :    24606    25765    40315    42013      8 :   98.8  6.83e-03
 1 :         823 : (   15,   28) : (  0, 6,   32) (  0, 8,   66) :    24606    25765    42014    42768      7 :   98.5  4.55e-03
 1 :         824 : (   15,   29) : (  0, 6,   32) (  0, 8,   67) :    24606    25765    42769    43712      8 :   98.5  5.12e-03
 1 :         825 : (   15,   30) : (  0, 6,   32) (  0, 8,   68) :    24606    25765    43713    45403      8 :   98.8  6.98e-03
 1 :         826 : (   15,   31) : (  0, 6,   32) (  0, 8,   71) :    24606    25765    45404    47057      8 :   98.8  7.00e-03
 1 :         827 : (   15,   32) : (  0, 6,   32) (  0, 8,   72) :    24606    25765    47058    49013      8 :   98.9  7.88e-03
 1 :         828 : (   15,   33) : (  0, 6,   32) (  0, 8,   73) :    24606    25765    49014    49752      7 :   98.4  4.51e-03
 1 :         829 : (   15,   34) : (  0, 6,   32) (  0, 8,   74) :    24606    25765    49753    51606      8 :   98.9  7.16e-03
 1 :         830 : (   15,   35) : (  0, 6,   32) (  0, 8,   75) :    24606    25765    51607    53340      8 :   98.8  7.18e-03
 1 :         831 : (   15,   36) : (  0, 6,   32) (  0, 8,   76) :    24606    25765    53341    54448      8 :   98.6  5.78e-03
 1 :         832 : (   15,   37) : (  0, 6,   32) (  0, 8,   77) :    24606    25765    54449    56151      8 :   98.8  6.92e-03
 1 :         833 : (   15,   38) : (  0, 6,   32) (  0, 8,   78) :    24606    25765    56152    58105      8 :   98.9  7.76e-03
 1 :         834 : (   15,   39) : (  0, 6,   32) (  0, 8,   83) :    24606    25765    58106    60074      8 :   98.9  7.94e-03
 1 :         835 : (   15,   40) : (  0, 6,   32) (  0, 8,   84) :    24606    25765    60075    61735      8 :   98.8  7.07e-03
 1 :         836 : (   15,   41) : (  0, 6,   32) (  0, 8,   85) :    24606    25765    61736    62505      7 :   98.5  4.67e-03
 1 :         837 : (   15,   42) : (  0, 6,   32) (  0, 8,   86) :    24606    25765    62506    64201      8 :   98.8  6.97e-03
 1 :         838 : (   15,   43) : (  0, 6,   32) (  0, 8,   87) :    24606    25765    64202    65898      8 :   98.8  7.23e-03
 1 :         839 : (   15,   44) : (  0, 6,   32) (  0, 8,   88) :    24606    25765    65899    66838      8 :   98.5  5.28e-03
 1 :         840 : (   15,   45) : (  0, 6,   32) (  0, 8,   89) :    24606    25765    66839    68824      9 :   98.8  8.43e-03
 1 :         841 : (   15,   46) : (  0, 6,   32) (  0, 8,   90) :    24606    25765    68825    70511      9 :   98.7  7.75e-03
 1 :         842 : (   15,   47) : (  0, 6,   32) (  0, 8,   93) :    24606    25765    70512    72369     10 :   98.6  8.61e-03
 1 :         843 : (   15,   48) : (  0, 6,   32) (  0, 8,   94) :    24606    25765    72370    73108      8 :   98.2  4.87e-03
 1 :         844 : (   15,   49) : (  0, 6,   32) (  0, 8,   95) :    24606    25765    73109    74219     10 :   98.2  6.49e-03
 1 :         845 : (   15,   50) : (  0, 6,   32) (  0, 8,   96) :    24606    25765    74220    76059      9 :   98.7  1.16e-02
 1 :         846 : (   15,   51) : (  0, 6,   32) (  0, 8,   97) :    24606    25765    76060    77572      8 :   98.8  1.64e-02
 1 :         847 : (   15,   52) : (  0, 6,   32) (  0, 8,   98) :    24606    25765    77573    77654      6 :   92.2  2.85e-03
 1 :         848 : (   16,    0) : (  0, 7,   19) (  0, 5,    1) :    25766    27455        0     1752     15 :   98.3  2.10e-02
 0 :         849 : (   16,    1) : (  0, 7,   19) (  0, 5,    2) :    25766    27455     1753     2514      0 :    0.0  2.12e-01
 1 :         850 : (   16,    2) : (  0, 7,   19) (  0, 5,    3) :    25766    27455     2515     4234     14 :   98.4  1.26e-02
 0 :         851 : (   16,    3) : (  0, 7,   19) (  0, 5,    4) :    25766    27455     4235     4987      0 :    0.0  1.82e-01
 0 :         852 : (   16,    4) : (  0, 7,   19) (  0, 6,    9) :    25766    27455     4988     6868      0 :    0.0  4.51e-01
 0 :         853 : (   16,    5) : (  0, 7,   19) (  0, 6,   11) :    25766    27455     6869     8218      0 :    0.0  3.48e-01
 0 :         854 : (   16,    6) : (  0, 7,   19) (  0, 6,   12) :    25766    27455     8219    10055      0 :    0.0  4.40e-01
 1 :         855 : (   16,    7) : (  0, 7,   19) (  0, 6,   14) :    25766    27455    10056    11954     13 :   98.5  1.31e-02
 0 :         856 : (   16,    8) : (  0, 7,   19) (  0, 6,   15) :    25766    27455    11955    13812      0 :    0.0  4.92e-01
 1 :         857 : (   16,    9) : (  0, 7,   19) (  0, 6,   16) :    25766    27455    13813    15162     10 :   98.7  9.43e-03
 1 :         858 : (   16,   10) : (  0, 7,   19) (  0, 6,   26) :    25766    27455    15163    17042     10 :   98.9  1.06e-02
 1 :         859 : (   16,   11) : (  0, 7,   19) (  0, 6,   27) :    25766    27455    17043    18216      7 :   99.0  6.76e-03
 1 :         860 : (   16,   12) : (  0, 7,   19) (  0, 6,   28) :    25766    27455    18217    20483      9 :   99.1  1.10e-02
 1 :         861 : (   16,   13) : (  0, 7,   19) (  0, 6,   29) :    25766    27455    20484    22354     10 :   98.9  1.02e-02
 1 :         862 : (   16,   14) : (  0, 7,   19) (  0, 6,   31) :    25766    27455    22355    24605      9 :   99.1  1.08e-02
 1 :         863 : (   16,   15) : (  0, 7,   19) (  0, 6,   32) :    25766    27455    24606    25765      7 :   99.0  6.77e-03
 0 :         864 : (   16,   16) : (  0, 7,   19) (  0, 7,   19) :    25766    27455    25766    27455      0 :    0.0  4.28e-01
 0 :         865 : (   16,   17) : (  0, 7,   19) (  0, 7,   20) :    25766    27455    27456    28389      0 :    0.0  2.25e-01
 0 :         866 : (   16,   18) : (  0, 7,   19) (  0, 7,   25) :    25766    27455    28390    30099      0 :    0.0  4.11e-01
 0 :         867 : (   16,   19) : (  0, 7,   19) (  0, 7,   26) :    25766    27455    30100    31020      0 :    0.0  2.42e-01
 1 :         868 : (   16,   20) : (  0, 7,   19) (  0, 7,   35) :    25766    27455    31021    32680     12 :   98.6  1.14e-02
 1 :         869 : (   16,   21) : (  0, 7,   19) (  0, 7,   40) :    25766    27455    32681    34410     10 :   98.8  1.02e-02
 1 :         870 : (   16,   22) : (  0, 7,   19) (  0, 7,   41) :    25766    27455    34411    36062     11 :   98.7  1.04e-02
 1 :         871 : (   16,   23) : (  0, 7,   19) (  0, 7,   46) :    25766    27455    36063    37795     10 :   98.8  1.00e-02
 1 :         872 : (   16,   24) : (  0, 7,   19) (  0, 7,   50) :    25766    27455    37796    38258      6 :   98.3  4.94e-03
 1 :         873 : (   16,   25) : (  0, 7,   19) (  0, 7,   59) :    25766    27455    38259    39857      8 :   99.0  8.09e-03
 1 :         874 : (   16,   26) : (  0, 7,   19) (  0, 7,   60) :    25766    27455    39858    40314      6 :   98.3  4.89e-03
 1 :         875 : (   16,   27) : (  0, 7,   19) (  0, 8,   65) :    25766    27455    40315    42013     11 :   98.7  1.03e-02
 1 :         876 : (   16,   28) : (  0, 7,   19) (  0, 8,   66) :    25766    27455    42014    42768      8 :   98.5  6.44e-03
 1 :         877 : (   16,   29) : (  0, 7,   19) (  0, 8,   67) :    25766    27455    42769    43712      8 :   98.7  6.62e-03
 1 :         878 : (   16,   30) : (  0, 7,   19) (  0, 8,   68) :    25766    27455    43713    45403     10 :   98.8  9.79e-03
 1 :         879 : (   16,   31) : (  0, 7,   19) (  0, 8,   71) :    25766    27455    45404    47057     11 :   98.7  1.04e-02
 1 :         880 : (   16,   32) : (  0, 7,   19) (  0, 8,   72) :    25766    27455    47058    49013     10 :   98.9  1.07e-02
 1 :         881 : (   16,   33) : (  0, 7,   19) (  0, 8,   73) :    25766    27455    49014    49752      7 :   98.6  6.00e-03
 1 :         882 : (   16,   34) : (  0, 7,   19) (  0, 8,   74) :    25766    27455    49753    51606     10 :   98.9  1.00e-02
 1 :         883 : (   16,   35) : (  0, 7,   19) (  0, 8,   75) :    25766    27455    51607    53340     10 :   98.8  9.95e-03
 1 :         884 : (   16,   36) : (  0, 7,   19) (  0, 8,   76) :    25766    27455    53341    54448      7 :   99.0  6.80e-03
 1 :         885 : (   16,   37) : (  0, 7,   19) (  0, 8,   77) :    25766    27455    54449    56151     10 :   98.8  9.69e-03
 1 :         886 : (   16,   38) : (  0, 7,   19) (  0, 8,   78) :    25766    27455    56152    58105     10 :   98.9  1.06e-02
 1 :         887 : (   16,   39) : (  0, 7,   19) (  0, 8,   83) :    25766    27455    58106    60074     10 :   98.9  1.08e-02
 1 :         888 : (   16,   40) : (  0, 7,   19) (  0, 8,   84) :    25766    27455    60075    61735     10 :   98.8  9.85e-03
 1 :         889 : (   16,   41) : (  0, 7,   19) (  0, 8,   85) :    25766    27455    61736    62505      7 :   98.7  6.14e-03
 1 :         890 : (   16,   42) : (  0, 7,   19) (  0, 8,   86) :    25766    27455    62506    64201     10 :   98.8  9.74e-03
 1 :         891 : (   16,   43) : (  0, 7,   19) (  0, 8,   87) :    25766    27455    64202    65898     10 :   98.8  1.01e-02
 1 :         892 : (   16,   44) : (  0, 7,   19) (  0, 8,   88) :    25766    27455    65899    66838      8 :   98.7  6.79e-03
 1 :         893 : (   16,   45) : (  0, 7,   19) (  0, 8,   89) :    25766    27455    66839    68824     10 :   98.9  1.06e-02
 1 :         894 : (   16,   46) : (  0, 7,   19) (  0, 8,   90) :    25766    27455    68825    70511     10 :   98.8  9.97e-03
 1 :         895 : (   16,   47) : (  0, 7,   19) (  0, 8,   93) :    25766    27455    70512    72369     10 :   98.9  1.04e-02
 1 :         896 : (   16,   48) : (  0, 7,   19) (  0, 8,   94) :    25766    27455    72370    73108      6 :   98.8  5.57e-03
 1 :         897 : (   16,   49) : (  0, 7,   19) (  0, 8,   95) :    25766    27455    73109    74219      7 :   99.0  6.65e-03
 1 :         898 : (   16,   50) : (  0, 7,   19) (  0, 8,   96) :    25766    27455    74220    76059      9 :   99.0  9.44e-03
 1 :         899 : (   16,   51) : (  0, 7,   19) (  0, 8,   97) :    25766    27455    76060    77572      8 :   99.0  8.35e-03
 1 :         900 : (   16,   52) : (  0, 7,   19) (  0, 8,   98) :    25766    27455    77573    77654      5 :   93.6  3.84e-03
 1 :         901 : (   17,    0) : (  0, 7,   20) (  0, 5,    1) :    27456    28389        0     1752      9 :   98.5  7.60e-03
 1 :         902 : (   17,    1) : (  0, 7,   20) (  0, 5,    2) :    27456    28389     1753     2514     14 :   96.7  6.56e-03
 1 :         903 : (   17,    2) : (  0, 7,   20) (  0, 5,    3) :    27456    28389     2515     4234     10 :   98.3  7.75e-03
 1 :         904 : (   17,    3) : (  0, 7,   20) (  0, 5,    4) :    27456    28389     4235     4987     11 :   97.4  5.40e-03
 0 :         905 : (   17,    4) : (  0, 7,   20) (  0, 6,    9) :    27456    28389     4988     6868      0 :    0.0  2.87e-01
 0 :         906 : (   17,    5) : (  0, 7,   20) (  0, 6,   11) :    27456    28389     6869     8218      0 :    0.0  1.79e-01
 0 :         907 : (   17,    6) : (  0, 7,   20) (  0, 6,   12) :    27456    28389     8219    10055      0 :    0.0  2.39e-01
 1 :         908 : (   17,    7) : (  0, 7,   20) (  0, 6,   14) :    27456    28389    10056    11954     10 :   98.4  8.42e-03
 0 :         909 : (   17,    8) : (  0, 7,   20) (  0, 6,   15) :    27456    28389    11955    13812      0 :    0.0  2.42e-01
 1 :         910 : (   17,    9) : (  0, 7,   20) (  0, 6,   16) :    27456    28389    13813    15162     10 :   98.2  7.02e-03
 1 :         911 : (   17,   10) : (  0, 7,   20) (  0, 6,   26) :    27456    28389    15163    17042      7 :   98.9  7.01e-03
 1 :         912 : (   17,   11) : (  0, 7,   20) (  0, 6,   27) :    27456    28389    17043    18216      7 :   98.7  5.19e-03
 1 :         913 : (   17,   12) : (  0, 7,   20) (  0, 6,   28) :    27456    28389    18217    20483      7 :   98.9  7.48e-03
 1 :         914 : (   17,   13) : (  0, 7,   20) (  0, 6,   29) :    27456    28389    20484    22354      8 :   98.7  7.56e-03
 1 :         915 : (   17,   14) : (  0, 7,   20) (  0, 6,   31) :    27456    28389    22355    24605      7 :   98.9  7.73e-03
 1 :         916 : (   17,   15) : (  0, 7,   20) (  0, 6,   32) :    27456    28389    24606    25765      7 :   98.6  5.26e-03
 0 :         917 : (   17,   16) : (  0, 7,   20) (  0, 7,   19) :    27456    28389    25766    27455      0 :    0.0  2.44e-01
 0 :         918 : (   17,   17) : (  0, 7,   20) (  0, 7,   20) :    27456    28389    27456    28389      0 :    0.0  1.22e-01
 0 :         919 : (   17,   18) : (  0, 7,   20) (  0, 7,   25) :    27456    28389    28390    30099      0 :    0.0  2.23e-01
 0 :         920 : (   17,   19) : (  0, 7,   20) (  0, 7,   26) :    27456    28389    30100    31020      0 :    0.0  1.21e-01
 1 :         921 : (   17,   20) : (  0, 7,   20) (  0, 7,   35) :    27456    28389    31021    32680     10 :   98.3  7.60e-03
 1 :         922 : (   17,   21) : (  0, 7,   20) (  0, 7,   40) :    27456    28389    32681    34410      8 :   98.7  7.04e-03
 1 :         923 : (   17,   22) : (  0, 7,   20) (  0, 7,   41) :    27456    28389    34411    36062     10 :   98.3  7.70e-03
 1 :         924 : (   17,   23) : (  0, 7,   20) (  0, 7,   46) :    27456    28389    36063    37795      7 :   98.8  6.45e-03
 1 :         925 : (   17,   24) : (  0, 7,   20) (  0, 7,   50) :    27456    28389    37796    38258      6 :   98.1  3.26e-03
 1 :         926 : (   17,   25) : (  0, 7,   20) (  0, 7,   59) :    27456    28389    38259    39857      7 :   98.8  5.78e-03
 1 :         927 : (   17,   26) : (  0, 7,   20) (  0, 7,   60) :    27456    28389    39858    40314      6 :   98.0  3.06e-03
 1 :         928 : (   17,   27) : (  0, 7,   20) (  0, 8,   65) :    27456    28389    40315    42013     10 :   98.3  7.45e-03
 1 :         929 : (   17,   28) : (  0, 7,   20) (  0, 8,   66) :    27456    28389    42014    42768      9 :   97.8  4.67e-03
 1 :         930 : (   17,   29) : (  0, 7,   20) (  0, 8,   67) :    27456    28389    42769    43712      8 :   98.3  4.63e-03
 1 :         931 : (   17,   30) : (  0, 7,   20) (  0, 8,   68) :    27456    28389    43713    45403      8 :   98.7  6.58e-03
 1 :         932 : (   17,   31) : (  0, 7,   20) (  0, 8,   71) :    27456    28389    45404    47057      9 :   98.5  7.15e-03
 1 :         933 : (   17,   32) : (  0, 7,   20) (  0, 8,   72) :    27456    28389    47058    49013      9 :   98.6  7.92e-03
 1 :         934 : (   17,   33) : (  0, 7,   20) (  0, 8,   73) :    27456    28389    49014    49752      6 :   98.5  3.74e-03
 1 :         935 : (   17,   34) : (  0, 7,   20) (  0, 8,   74) :    27456    28389    49753    51606      8 :   98.7  6.84e-03
 1 :         936 : (   17,   35) : (  0, 7,   20) (  0, 8,   75) :    27456    28389    51607    53340      7 :   98.8  6.25e-03
 1 :         937 : (   17,   36) : (  0, 7,   20) (  0, 8,   76) :    27456    28389    53341    54448      7 :   98.6  4.96e-03
 1 :         938 : (   17,   37) : (  0, 7,   20) (  0, 8,   77) :    27456    28389    54449    56151      9 :   98.5  7.04e-03
 1 :         939 : (   17,   38) : (  0, 7,   20) (  0, 8,   78) :    27456    28389    56152    58105      8 :   98.7  7.26e-03
 1 :         940 : (   17,   39) : (  0, 7,   20) (  0, 8,   83) :    27456    28389    58106    60074      9 :   98.6  8.01e-03
 1 :         941 : (   17,   40) : (  0, 7,   20) (  0, 8,   84) :    27456    28389    60075    61735      8 :   98.7  1.25e-02
 1 :         942 : (   17,   41) : (  0, 7,   20) (  0, 8,   85) :    27456    28389    61736    62505      8 :   98.1  8.66e-03
 1 :         943 : (   17,   42) : (  0, 7,   20) (  0, 8,   86) :    27456    28389    62506    64201      8 :   98.7  1.02e-02
 1 :         944 : (   17,   43) : (  0, 7,   20) (  0, 8,   87) :    27456    28389    64202    65898      8 :   98.7  7.48e-03
 1 :         945 : (   17,   44) : (  0, 7,   20) (  0, 8,   88) :    27456    28389    65899    66838      7 :   98.5  7.50e-03
 1 :         946 : (   17,   45) : (  0, 7,   20) (  0, 8,   89) :    27456    28389    66839    68824      8 :   98.7  1.27e-02
 1 :         947 : (   17,   46) : (  0, 7,   20) (  0, 8,   90) :    27456    28389    68825    70511      8 :   98.7  7.11e-03
 1 :         948 : (   17,   47) : (  0, 7,   20) (  0, 8,   93) :    27456    28389    70512    72369      7 :   98.9  6.63e-03
 1 :         949 : (   17,   48) : (  0, 7,   20) (  0, 8,   94) :    27456    28389    72370    73108      6 :   98.5  3.80e-03
 1 :         950 : (   17,   49) : (  0, 7,   20) (  0, 8,   95) :    27456    28389    73109    74219      7 :   98.6  4.78e-03
 1 :         951 : (   17,   50) : (  0, 7,   20) (  0, 8,   96) :    27456    28389    74220    76059      7 :   98.9  6.29e-03
 1 :         952 : (   17,   51) : (  0, 7,   20) (  0, 8,   97) :    27456    28389    76060    77572      7 :   98.8  5.90e-03
 1 :         953 : (   17,   52) : (  0, 7,   20) (  0, 8,   98) :    27456    28389    77573    77654      5 :   93.4  2.23e-03
 1 :         954 : (   18,    0) : (  0, 7,   25) (  0, 5,    1) :    28390    30099        0     1752     12 :   98.6  1.15e-02
 0 :         955 : (   18,    1) : (  0, 7,   25) (  0, 5,    2) :    28390    30099     1753     2514      0 :    0.0  2.14e-01
 1 :         956 : (   18,    2) : (  0, 7,   25) (  0, 5,    3) :    28390    30099     2515     4234     14 :   98.4  1.27e-02
 0 :         957 : (   18,    3) : (  0, 7,   25) (  0, 5,    4) :    28390    30099     4235     4987      0 :    0.0  1.88e-01
 1 :         958 : (   18,    4) : (  0, 7,   25) (  0, 6,    9) :    28390    30099     4988     6868     13 :   98.5  1.25e-02
 1 :         959 : (   18,    5) : (  0, 7,   25) (  0, 6,   11) :    28390    30099     6869     8218     10 :   98.7  8.86e-03
 0 :         960 : (   18,    6) : (  0, 7,   25) (  0, 6,   12) :    28390    30099     8219    10055      0 :    0.0  4.80e-01
 0 :         961 : (   18,    7) : (  0, 7,   25) (  0, 6,   14) :    28390    30099    10056    11954      0 :    0.0  4.71e-01
 0 :         962 : (   18,    8) : (  0, 7,   25) (  0, 6,   15) :    28390    30099    11955    13812      0 :    0.0  4.85e-01
 0 :         963 : (   18,    9) : (  0, 7,   25) (  0, 6,   16) :    28390    30099    13813    15162      0 :    0.0  3.35e-01
 1 :         964 : (   18,   10) : (  0, 7,   25) (  0, 6,   26) :    28390    30099    15163    17042     10 :   98.9  1.11e-02
 1 :         965 : (   18,   11) : (  0, 7,   25) (  0, 6,   27) :    28390    30099    17043    18216      7 :   99.0  6.98e-03
 1 :         966 : (   18,   12) : (  0, 7,   25) (  0, 6,   28) :    28390    30099    18217    20483      9 :   99.1  1.12e-02
 1 :         967 : (   18,   13) : (  0, 7,   25) (  0, 6,   29) :    28390    30099    20484    22354     10 :   98.9  1.05e-02
 1 :         968 : (   18,   14) : (  0, 7,   25) (  0, 6,   31) :    28390    30099    22355    24605      9 :   99.1  1.11e-02
 1 :         969 : (   18,   15) : (  0, 7,   25) (  0, 6,   32) :    28390    30099    24606    25765      7 :   99.0  6.98e-03
 0 :         970 : (   18,   16) : (  0, 7,   25) (  0, 7,   19) :    28390    30099    25766    27455      0 :    0.0  4.66e-01
 0 :         971 : (   18,   17) : (  0, 7,   25) (  0, 7,   20) :    28390    30099    27456    28389      0 :    0.0  2.33e-01
 0 :         972 : (   18,   18) : (  0, 7,   25) (  0, 7,   25) :    28390    30099    28390    30099      0 :    0.0  4.48e-01
 0 :         973 : (   18,   19) : (  0, 7,   25) (  0, 7,   26) :    28390    30099    30100    31020      0 :    0.0  2.30e-01
 1 :         974 : (   18,   20) : (  0, 7,   25) (  0, 7,   35) :    28390    30099    31021    32680     11 :   98.7  1.09e-02
 1 :         975 : (   18,   21) : (  0, 7,   25) (  0, 7,   40) :    28390    30099    32681    34410     10 :   98.8  1.04e-02
 1 :         976 : (   18,   22) : (  0, 7,   25) (  0, 7,   41) :    28390    30099    34411    36062     11 :   98.7  1.06e-02
 1 :         977 : (   18,   23) : (  0, 7,   25) (  0, 7,   46) :    28390    30099    36063    37795     10 :   98.8  1.03e-02
 1 :         978 : (   18,   24) : (  0, 7,   25) (  0, 7,   50) :    28390    30099    37796    38258      7 :   98.1  5.45e-03
 1 :         979 : (   18,   25) : (  0, 7,   25) (  0, 7,   59) :    28390    30099    38259    39857      9 :   98.9  8.87e-03
 1 :         980 : (   18,   26) : (  0, 7,   25) (  0, 7,   60) :    28390    30099    39858    40314      7 :   98.1  5.38e-03
 1 :         981 : (   18,   27) : (  0, 7,   25) (  0, 8,   65) :    28390    30099    40315    42013     10 :   98.8  9.81e-03
 1 :         982 : (   18,   28) : (  0, 7,   25) (  0, 8,   66) :    28390    30099    42014    42768      8 :   98.5  6.56e-03
 1 :         983 : (   18,   29) : (  0, 7,   25) (  0, 8,   67) :    28390    30099    42769    43712      8 :   98.7  6.70e-03
 1 :         984 : (   18,   30) : (  0, 7,   25) (  0, 8,   68) :    28390    30099    43713    45403     10 :   98.8  9.99e-03
 1 :         985 : (   18,   31) : (  0, 7,   25) (  0, 8,   71) :    28390    30099    45404    47057     11 :   98.7  1.05e-02
 1 :         986 : (   18,   32) : (  0, 7,   25) (  0, 8,   72) :    28390    30099    47058    49013     11 :   98.8  1.18e-02
 1 :         987 : (   18,   33) : (  0, 7,   25) (  0, 8,   73) :    28390    30099    49014    49752      7 :   98.6  6.14e-03
 1 :         988 : (   18,   34) : (  0, 7,   25) (  0, 8,   74) :    28390    30099    49753    51606     10 :   98.9  1.02e-02
 1 :         989 : (   18,   35) : (  0, 7,   25) (  0, 8,   75) :    28390    30099    51607    53340      9 :   99.0  9.44e-03
 1 :         990 : (   18,   36) : (  0, 7,   25) (  0, 8,   76) :    28390    30099    53341    54448      7 :   99.0  6.87e-03
 1 :         991 : (   18,   37) : (  0, 7,   25) (  0, 8,   77) :    28390    30099    54449    56151     10 :   98.8  9.82e-03
 1 :         992 : (   18,   38) : (  0, 7,   25) (  0, 8,   78) :    28390    30099    56152    58105     10 :   98.9  1.07e-02
 1 :         993 : (   18,   39) : (  0, 7,   25) (  0, 8,   83) :    28390    30099    58106    60074     11 :   98.8  1.16e-02
 1 :         994 : (   18,   40) : (  0, 7,   25) (  0, 8,   84) :    28390    30099    60075    61735     11 :   98.7  1.06e-02
 1 :         995 : (   18,   41) : (  0, 7,   25) (  0, 8,   85) :    28390    30099    61736    62505      8 :   98.5  6.71e-03
 1 :         996 : (   18,   42) : (  0, 7,   25) (  0, 8,   86) :    28390    30099    62506    64201     11 :   98.7  1.05e-02
 1 :         997 : (   18,   43) : (  0, 7,   25) (  0, 8,   87) :    28390    30099    64202    65898     10 :   98.8  1.02e-02
 1 :         998 : (   18,   44) : (  0, 7,   25) (  0, 8,   88) :    28390    30099    65899    66838      8 :   98.7  6.87e-03
 1 :         999 : (   18,   45) : (  0, 7,   25) (  0, 8,   89) :    28390    30099    66839    68824     10 :   98.9  1.08e-02
 1 :        1000 : (   18,   46) : (  0, 7,   25) (  0, 8,   90) :    28390    30099    68825    70511     11 :   98.7  1.07e-02
 1 :        1001 : (   18,   47) : (  0, 7,   25) (  0, 8,   93) :    28390    30099    70512    72369     10 :   98.9  2.09e-02
 1 :        1002 : (   18,   48) : (  0, 7,   25) (  0, 8,   94) :    28390    30099    72370    73108      7 :   98.6  9.33e-03
 1 :        1003 : (   18,   49) : (  0, 7,   25) (  0, 8,   95) :    28390    30099    73109    74219      7 :   99.0  7.36e-03
 1 :        1004 : (   18,   50) : (  0, 7,   25) (  0, 8,   96) :    28390    30099    74220    76059     10 :   98.9  1.89e-02
 1 :        1005 : (   18,   51) : (  0, 7,   25) (  0, 8,   97) :    28390    30099    76060    77572      9 :   98.9  9.37e-03
 1 :        1006 : (   18,   52) : (  0, 7,   25) (  0, 8,   98) :    28390    30099    77573    77654      5 :   93.6  3.92e-03
 1 :        1007 : (   19,    0) : (  0, 7,   26) (  0, 5,    1) :    30100    31020        0     1752      9 :   98.5  7.58e-03
 1 :        1008 : (   19,    1) : (  0, 7,   26) (  0, 5,    2) :    30100    31020     1753     2514      9 :   97.8  5.01e-03
 1 :        1009 : (   19,    2) : (  0, 7,   26) (  0, 5,    3) :    30100    31020     2515     4234     10 :   98.3  7.77e-03
 1 :        1010 : (   19,    3) : (  0, 7,   26) (  0, 5,    4) :    30100    31020     4235     4987     15 :   96.4  6.59e-03
 1 :        1011 : (   19,    4) : (  0, 7,   26) (  0, 6,    9) :    30100    31020     4988     6868     10 :   98.4  8.18e-03
 1 :        1012 : (   19,    5) : (  0, 7,   26) (  0, 6,   11) :    30100    31020     6869     8218     10 :   98.2  6.72e-03
 0 :        1013 : (   19,    6) : (  0, 7,   26) (  0, 6,   12) :    30100    31020     8219    10055      0 :    0.0  2.36e-01
 0 :        1014 : (   19,    7) : (  0, 7,   26) (  0, 6,   14) :    30100    31020    10056    11954      0 :    0.0  2.68e-01
 0 :        1015 : (   19,    8) : (  0, 7,   26) (  0, 6,   15) :    30100    31020    11955    13812      0 :    0.0  2.62e-01
 0 :        1016 : (   19,    9) : (  0, 7,   26) (  0, 6,   16) :    30100    31020    13813    15162      0 :    0.0  1.74e-01
 1 :        1017 : (   19,   10) : (  0, 7,   26) (  0, 6,   26) :    30100    31020    15163    17042      8 :   98.7  7.62e-03
 1 :        1018 : (   19,   11) : (  0, 7,   26) (  0, 6,   27) :    30100    31020    17043    18216      7 :   98.6  5.18e-03
 1 :        1019 : (   19,   12) : (  0, 7,   26) (  0, 6,   28) :    30100    31020    18217    20483      7 :   98.9  7.48e-03
 1 :        1020 : (   19,   13) : (  0, 7,   26) (  0, 6,   29) :    30100    31020    20484    22354      7 :   98.9  7.02e-03
 1 :        1021 : (   19,   14) : (  0, 7,   26) (  0, 6,   31) :    30100    31020    22355    24605      7 :   98.9  7.70e-03
 1 :        1022 : (   19,   15) : (  0, 7,   26) (  0, 6,   32) :    30100    31020    24606    25765      7 :   98.6  5.16e-03
 0 :        1023 : (   19,   16) : (  0, 7,   26) (  0, 7,   19) :    30100    31020    25766    27455      0 :    0.0  2.18e-01
 0 :        1024 : (   19,   17) : (  0, 7,   26) (  0, 7,   20) :    30100    31020    27456    28389      0 :    0.0  1.21e-01
 0 :        1025 : (   19,   18) : (  0, 7,   26) (  0, 7,   25) :    30100    31020    28390    30099      0 :    0.0  2.65e-01
 0 :        1026 : (   19,   19) : (  0, 7,   26) (  0, 7,   26) :    30100    31020    30100    31020      0 :    0.0  1.19e-01
 1 :        1027 : (   19,   20) : (  0, 7,   26) (  0, 7,   35) :    30100    31020    31021    32680      9 :   98.5  7.18e-03
 1 :        1028 : (   19,   21) : (  0, 7,   26) (  0, 7,   40) :    30100    31020    32681    34410      7 :   98.8  6.48e-03
 1 :        1029 : (   19,   22) : (  0, 7,   26) (  0, 7,   41) :    30100    31020    34411    36062     11 :   98.1  8.12e-03
 1 :        1030 : (   19,   23) : (  0, 7,   26) (  0, 7,   46) :    30100    31020    36063    37795      8 :   98.7  6.95e-03
 1 :        1031 : (   19,   24) : (  0, 7,   26) (  0, 7,   50) :    30100    31020    37796    38258      6 :   98.1  3.24e-03
 1 :        1032 : (   19,   25) : (  0, 7,   26) (  0, 7,   59) :    30100    31020    38259    39857      8 :   98.6  6.30e-03
 1 :        1033 : (   19,   26) : (  0, 7,   26) (  0, 7,   60) :    30100    31020    39858    40314      6 :   98.0  3.05e-03
 1 :        1034 : (   19,   27) : (  0, 7,   26) (  0, 8,   65) :    30100    31020    40315    42013      8 :   98.7  6.51e-03
 1 :        1035 : (   19,   28) : (  0, 7,   26) (  0, 8,   66) :    30100    31020    42014    42768      7 :   98.3  4.07e-03
 1 :        1036 : (   19,   29) : (  0, 7,   26) (  0, 8,   67) :    30100    31020    42769    43712      7 :   98.5  4.34e-03
 1 :        1037 : (   19,   30) : (  0, 7,   26) (  0, 8,   68) :    30100    31020    43713    45403      8 :   98.7  6.61e-03
 1 :        1038 : (   19,   31) : (  0, 7,   26) (  0, 8,   71) :    30100    31020    45404    47057      8 :   98.6  6.55e-03
 1 :        1039 : (   19,   32) : (  0, 7,   26) (  0, 8,   72) :    30100    31020    47058    49013      8 :   98.7  7.35e-03
 1 :        1040 : (   19,   33) : (  0, 7,   26) (  0, 8,   73) :    30100    31020    49014    49752      7 :   98.3  4.04e-03
 1 :        1041 : (   19,   34) : (  0, 7,   26) (  0, 8,   74) :    30100    31020    49753    51606      8 :   98.7  6.81e-03
 1 :        1042 : (   19,   35) : (  0, 7,   26) (  0, 8,   75) :    30100    31020    51607    53340      7 :   98.8  6.24e-03
 1 :        1043 : (   19,   36) : (  0, 7,   26) (  0, 8,   76) :    30100    31020    53341    54448      7 :   98.6  4.95e-03
 1 :        1044 : (   19,   37) : (  0, 7,   26) (  0, 8,   77) :    30100    31020    54449    56151      8 :   98.7  6.55e-03
 1 :        1045 : (   19,   38) : (  0, 7,   26) (  0, 8,   78) :    30100    31020    56152    58105      8 :   98.7  7.22e-03
 1 :        1046 : (   19,   39) : (  0, 7,   26) (  0, 8,   83) :    30100    31020    58106    60074      9 :   98.6  8.02e-03
 1 :        1047 : (   19,   40) : (  0, 7,   26) (  0, 8,   84) :    30100    31020    60075    61735      9 :   98.5  7.15e-03
 1 :        1048 : (   19,   41) : (  0, 7,   26) (  0, 8,   85) :    30100    31020    61736    62505      8 :   98.1  4.52e-03
 1 :        1049 : (   19,   42) : (  0, 7,   26) (  0, 8,   86) :    30100    31020    62506    64201      9 :   98.5  7.02e-03
 1 :        1050 : (   19,   43) : (  0, 7,   26) (  0, 8,   87) :    30100    31020    64202    65898      9 :   98.5  7.32e-03
 1 :        1051 : (   19,   44) : (  0, 7,   26) (  0, 8,   88) :    30100    31020    65899    66838      8 :   98.3  4.75e-03
 1 :        1052 : (   19,   45) : (  0, 7,   26) (  0, 8,   89) :    30100    31020    66839    68824      8 :   98.7  7.30e-03
 1 :        1053 : (   19,   46) : (  0, 7,   26) (  0, 8,   90) :    30100    31020    68825    70511      8 :   98.7  6.78e-03
 1 :        1054 : (   19,   47) : (  0, 7,   26) (  0, 8,   93) :    30100    31020    70512    72369      8 :   98.7  7.06e-03
 1 :        1055 : (   19,   48) : (  0, 7,   26) (  0, 8,   94) :    30100    31020    72370    73108      6 :   98.5  3.76e-03
 1 :        1056 : (   19,   49) : (  0, 7,   26) (  0, 8,   95) :    30100    31020    73109    74219      7 :   98.6  4.77e-03
 1 :        1057 : (   19,   50) : (  0, 7,   26) (  0, 8,   96) :    30100    31020    74220    76059      7 :   98.9  6.28e-03
 1 :        1058 : (   19,   51) : (  0, 7,   26) (  0, 8,   97) :    30100    31020    76060    77572      7 :   98.8  5.95e-03
 1 :        1059 : (   19,   52) : (  0, 7,   26) (  0, 8,   98) :    30100    31020    77573    77654      5 :   93.4  2.19e-03
 1 :        1060 : (   20,    0) : (  0, 7,   35) (  0, 5,    1) :    31021    32680        0     1752      9 :   98.9  9.17e-03
 1 :        1061 : (   20,    1) : (  0, 7,   35) (  0, 5,    2) :    31021    32680     1753     2514      9 :   98.3  6.97e-03
 1 :        1062 : (   20,    2) : (  0, 7,   35) (  0, 5,    3) :    31021    32680     2515     4234      9 :   98.9  8.91e-03
 1 :        1063 : (   20,    3) : (  0, 7,   35) (  0, 5,    4) :    31021    32680     4235     4987      8 :   98.5  6.34e-03
 1 :        1064 : (   20,    4) : (  0, 7,   35) (  0, 6,    9) :    31021    32680     4988     6868     12 :   98.6  1.14e-02
 0 :        1065 : (   20,    5) : (  0, 7,   35) (  0, 6,   11) :    31021    32680     6869     8218      0 :    0.0  3.20e-01
 0 :        1066 : (   20,    6) : (  0, 7,   35) (  0, 6,   12) :    31021    32680     8219    10055      0 :    0.0  4.58e-01
 1 :        1067 : (   20,    7) : (  0, 7,   35) (  0, 6,   14) :    31021    32680    10056    11954     11 :   98.8  1.13e-02
 0 :        1068 : (   20,    8) : (  0, 7,   35) (  0, 6,   15) :    31021    32680    11955    13812      0 :    0.0  4.64e-01
 1 :        1069 : (   20,    9) : (  0, 7,   35) (  0, 6,   16) :    31021    32680    13813    15162     11 :   98.5  9.73e-03
 1 :        1070 : (   20,   10) : (  0, 7,   35) (  0, 6,   26) :    31021    32680    15163    17042     11 :   98.8  1.13e-02
 1 :        1071 : (   20,   11) : (  0, 7,   35) (  0, 6,   27) :    31021    32680    17043    18216      8 :   98.8  7.23e-03
 1 :        1072 : (   20,   12) : (  0, 7,   35) (  0, 6,   28) :    31021    32680    18217    20483     11 :   98.9  1.24e-02
 1 :        1073 : (   20,   13) : (  0, 7,   35) (  0, 6,   29) :    31021    32680    20484    22354     11 :   98.7  1.08e-02
 1 :        1074 : (   20,   14) : (  0, 7,   35) (  0, 6,   31) :    31021    32680    22355    24605      9 :   99.1  1.08e-02
 1 :        1075 : (   20,   15) : (  0, 7,   35) (  0, 6,   32) :    31021    32680    24606    25765      7 :   99.0  6.79e-03
 1 :        1076 : (   20,   16) : (  0, 7,   35) (  0, 7,   19) :    31021    32680    25766    27455     11 :   98.7  1.05e-02
 1 :        1077 : (   20,   17) : (  0, 7,   35) (  0, 7,   20) :    31021    32680    27456    28389     10 :   98.3  7.60e-03
 1 :        1078 : (   20,   18) : (  0, 7,   35) (  0, 7,   25) :    31021    32680    28390    30099     11 :   98.7  1.07e-02
 1 :        1079 : (   20,   19) : (  0, 7,   35) (  0, 7,   26) :    31021    32680    30100    31020      9 :   98.5  7.16e-03
 0 :        1080 : (   20,   20) : (  0, 7,   35) (  0, 7,   35) :    31021    32680    31021    32680      0 :    0.0  4.16e-01
 1 :        1081 : (   20,   21) : (  0, 7,   35) (  0, 7,   40) :    31021    32680    32681    34410     12 :   98.6  1.17e-02
 0 :        1082 : (   20,   22) : (  0, 7,   35) (  0, 7,   41) :    31021    32680    34411    36062      0 :    0.0  4.14e-01
 1 :        1083 : (   20,   23) : (  0, 7,   35) (  0, 7,   46) :    31021    32680    36063    37795     11 :   98.7  1.10e-02
 1 :        1084 : (   20,   24) : (  0, 7,   35) (  0, 7,   50) :    31021    32680    37796    38258      8 :   97.8  5.73e-03
 1 :        1085 : (   20,   25) : (  0, 7,   35) (  0, 7,   59) :    31021    32680    38259    39857      9 :   98.9  8.77e-03
 1 :        1086 : (   20,   26) : (  0, 7,   35) (  0, 7,   60) :    31021    32680    39858    40314      6 :   98.3  4.80e-03
 1 :        1087 : (   20,   27) : (  0, 7,   35) (  0, 8,   65) :    31021    32680    40315    42013     13 :   98.5  1.14e-02
 0 :        1088 : (   20,   28) : (  0, 7,   35) (  0, 8,   66) :    31021    32680    42014    42768      0 :    0.0  2.04e-01
 1 :        1089 : (   20,   29) : (  0, 7,   35) (  0, 8,   67) :    31021    32680    42769    43712     12 :   98.0  8.83e-03
 0 :        1090 : (   20,   30) : (  0, 7,   35) (  0, 8,   68) :    31021    32680    43713    45403      0 :    0.0  4.24e-01
 0 :        1091 : (   20,   31) : (  0, 7,   35) (  0, 8,   71) :    31021    32680    45404    47057      0 :    0.0  3.91e-01
 0 :        1092 : (   20,   32) : (  0, 7,   35) (  0, 8,   72) :    31021    32680    47058    49013      0 :    0.0  4.87e-01
 1 :        1093 : (   20,   33) : (  0, 7,   35) (  0, 8,   73) :    31021    32680    49014    49752      8 :   98.4  6.63e-03
 1 :        1094 : (   20,   34) : (  0, 7,   35) (  0, 8,   74) :    31021    32680    49753    51606     14 :   98.4  1.27e-02
 1 :        1095 : (   20,   35) : (  0, 7,   35) (  0, 8,   75) :    31021    32680    51607    53340     12 :   98.6  1.11e-02
 1 :        1096 : (   20,   36) : (  0, 7,   35) (  0, 8,   76) :    31021    32680    53341    54448     10 :   98.5  8.19e-03
 1 :        1097 : (   20,   37) : (  0, 7,   35) (  0, 8,   77) :    31021    32680    54449    56151     15 :   98.2  1.30e-02
 1 :        1098 : (   20,   38) : (  0, 7,   35) (  0, 8,   78) :    31021    32680    56152    58105     14 :   98.4  1.32e-02
 0 :        1099 : (   20,   39) : (  0, 7,   35) (  0, 8,   83) :    31021    32680    58106    60074      0 :    0.0  4.65e-01
 1 :        1100 : (   20,   40) : (  0, 7,   35) (  0, 8,   84) :    31021    32680    60075    61735     13 :   98.4  1.17e-02
 1 :        1101 : (   20,   41) : (  0, 7,   35) (  0, 8,   85) :    31021    32680    61736    62505      9 :   98.3  6.99e-03
 1 :        1102 : (   20,   42) : (  0, 7,   35) (  0, 8,   86) :    31021    32680    62506    64201     10 :   98.8  2.08e-02
 1 :        1103 : (   20,   43) : (  0, 7,   35) (  0, 8,   87) :    31021    32680    64202    65898     11 :   98.7  1.29e-02
 1 :        1104 : (   20,   44) : (  0, 7,   35) (  0, 8,   88) :    31021    32680    65899    66838      8 :   98.7  6.82e-03
 1 :        1105 : (   20,   45) : (  0, 7,   35) (  0, 8,   89) :    31021    32680    66839    68824     12 :   98.7  2.43e-02
 1 :        1106 : (   20,   46) : (  0, 7,   35) (  0, 8,   90) :    31021    32680    68825    70511     12 :   98.6  2.15e-02
 1 :        1107 : (   20,   47) : (  0, 7,   35) (  0, 8,   93) :    31021    32680    70512    72369     11 :   98.7  1.43e-02
 1 :        1108 : (   20,   48) : (  0, 7,   35) (  0, 8,   94) :    31021    32680    72370    73108      7 :   98.6  1.19e-02
 1 :        1109 : (   20,   49) : (  0, 7,   35) (  0, 8,   95) :    31021    32680    73109    74219      8 :   98.8  7.19e-03
 1 :        1110 : (   20,   50) : (  0, 7,   35) (  0, 8,   96) :    31021    32680    74220    76059     10 :   98.9  1.02e-02
 1 :        1111 : (   20,   51) : (  0, 7,   35) (  0, 8,   97) :    31021    32680    76060    77572      8 :   99.0  8.26e-03
 1 :        1112 : (   20,   52) : (  0, 7,   35) (  0, 8,   98) :    31021    32680    77573    77654      7 :   91.0  4.29e-03
 1 :        1113 : (   21,    0) : (  0, 7,   40) (  0, 5,    1) :    32681    34410        0     1752      9 :   99.0  9.78e-03
 1 :        1114 : (   21,    1) : (  0, 7,   40) (  0, 5,    2) :    32681    34410     1753     2514      7 :   98.7  6.44e-03
 1 :        1115 : (   21,    2) : (  0, 7,   40) (  0, 5,    3) :    32681    34410     2515     4234      9 :   99.0  9.36e-03
 1 :        1116 : (   21,    3) : (  0, 7,   40) (  0, 5,    4) :    32681    34410     4235     4987      6 :   98.9  5.82e-03
 1 :        1117 : (   21,    4) : (  0, 7,   40) (  0, 6,    9) :    32681    34410     4988     6868      9 :   99.0  9.73e-03
 1 :        1118 : (   21,    5) : (  0, 7,   40) (  0, 6,   11) :    32681    34410     6869     8218     10 :   98.7  9.10e-03
 1 :        1119 : (   21,    6) : (  0, 7,   40) (  0, 6,   12) :    32681    34410     8219    10055     12 :   98.7  1.19e-02
 1 :        1120 : (   21,    7) : (  0, 7,   40) (  0, 6,   14) :    32681    34410    10056    11954      9 :   99.0  9.94e-03
 1 :        1121 : (   21,    8) : (  0, 7,   40) (  0, 6,   15) :    32681    34410    11955    13812     11 :   98.8  1.14e-02
 1 :        1122 : (   21,    9) : (  0, 7,   40) (  0, 6,   16) :    32681    34410    13813    15162      9 :   98.8  8.65e-03
 0 :        1123 : (   21,   10) : (  0, 7,   40) (  0, 6,   26) :    32681    34410    15163    17042      0 :    0.0  4.63e-01
 1 :        1124 : (   21,   11) : (  0, 7,   40) (  0, 6,   27) :    32681    34410    17043    18216     10 :   98.6  8.75e-03
 1 :        1125 : (   21,   12) : (  0, 7,   40) (  0, 6,   28) :    32681    34410    18217    20483     13 :   98.7  1.43e-02
 0 :        1126 : (   21,   13) : (  0, 7,   40) (  0, 6,   29) :    32681    34410    20484    22354      0 :    0.0  4.86e-01
 1 :        1127 : (   21,   14) : (  0, 7,   40) (  0, 6,   31) :    32681    34410    22355    24605     12 :   98.8  1.39e-02
 1 :        1128 : (   21,   15) : (  0, 7,   40) (  0, 6,   32) :    32681    34410    24606    25765     10 :   98.6  8.69e-03
 1 :        1129 : (   21,   16) : (  0, 7,   40) (  0, 7,   19) :    32681    34410    25766    27455     10 :   98.8  1.02e-02
 1 :        1130 : (   21,   17) : (  0, 7,   40) (  0, 7,   20) :    32681    34410    27456    28389      7 :   98.8  6.51e-03
 1 :        1131 : (   21,   18) : (  0, 7,   40) (  0, 7,   25) :    32681    34410    28390    30099      9 :   99.0  9.71e-03
 1 :        1132 : (   21,   19) : (  0, 7,   40) (  0, 7,   26) :    32681    34410    30100    31020      7 :   98.8  6.45e-03
 1 :        1133 : (   21,   20) : (  0, 7,   40) (  0, 7,   35) :    32681    34410    31021    32680     11 :   98.7  1.06e-02
 0 :        1134 : (   21,   21) : (  0, 7,   40) (  0, 7,   40) :    32681    34410    32681    34410      0 :    0.0  4.50e-01
 1 :        1135 : (   21,   22) : (  0, 7,   40) (  0, 7,   41) :    32681    34410    34411    36062     11 :   98.7  1.11e-02
 0 :        1136 : (   21,   23) : (  0, 7,   40) (  0, 7,   46) :    32681    34410    36063    37795      0 :    0.0  4.27e-01
 1 :        1137 : (   21,   24) : (  0, 7,   40) (  0, 7,   50) :    32681    34410    37796    38258     11 :   97.0  7.26e-03
 1 :        1138 : (   21,   25) : (  0, 7,   40) (  0, 7,   59) :    32681    34410    38259    39857     11 :   98.7  1.03e-02
 1 :        1139 : (   21,   26) : (  0, 7,   40) (  0, 7,   60) :    32681    34410    39858    40314      9 :   97.5  6.14e-03
 1 :        1140 : (   21,   27) : (  0, 7,   40) (  0, 8,   65) :    32681    34410    40315    42013     11 :   98.7  1.05e-02
 1 :        1141 : (   21,   28) : (  0, 7,   40) (  0, 8,   66) :    32681    34410    42014    42768      8 :   98.5  6.62e-03
 1 :        1142 : (   21,   29) : (  0, 7,   40) (  0, 8,   67) :    32681    34410    42769    43712     10 :   98.4  7.70e-03
 1 :        1143 : (   21,   30) : (  0, 7,   40) (  0, 8,   68) :    32681    34410    43713    45403     14 :   98.4  1.26e-02
 1 :        1144 : (   21,   31) : (  0, 7,   40) (  0, 8,   71) :    32681    34410    45404    47057     15 :   98.2  1.30e-02
 1 :        1145 : (   21,   32) : (  0, 7,   40) (  0, 8,   72) :    32681    34410    47058    49013     14 :   98.5  1.37e-02
 1 :        1146 : (   21,   33) : (  0, 7,   40) (  0, 8,   73) :    32681    34410    49014    49752     10 :   98.1  7.41e-03
 0 :        1147 : (   21,   34) : (  0, 7,   40) (  0, 8,   74) :    32681    34410    49753    51606      0 :    0.0  5.05e-01
 1 :        1148 : (   21,   35) : (  0, 7,   40) (  0, 8,   75) :    32681    34410    51607    53340     14 :   98.4  1.33e-02
 0 :        1149 : (   21,   36) : (  0, 7,   40) (  0, 8,   76) :    32681    34410    53341    54448      0 :    0.0  2.75e-01
 0 :        1150 : (   21,   37) : (  0, 7,   40) (  0, 8,   77) :    32681    34410    54449    56151      0 :    0.0  4.44e-01
 0 :        1151 : (   21,   38) : (  0, 7,   40) (  0, 8,   78) :    32681    34410    56152    58105      0 :    0.0  4.81e-01
 1 :        1152 : (   21,   39) : (  0, 7,   40) (  0, 8,   83) :    32681    34410    58106    60074     13 :   98.6  1.33e-02
 1 :        1153 : (   21,   40) : (  0, 7,   40) (  0, 8,   84) :    32681    34410    60075    61735     13 :   98.5  1.26e-02
 1 :        1154 : (   21,   41) : (  0, 7,   40) (  0, 8,   85) :    32681    34410    61736    62505      7 :   98.7  6.30e-03
 1 :        1155 : (   21,   42) : (  0, 7,   40) (  0, 8,   86) :    32681    34410    62506    64201     10 :   98.8  9.87e-03
 1 :        1156 : (   21,   43) : (  0, 7,   40) (  0, 8,   87) :    32681    34410    64202    65898     11 :   98.7  1.09e-02
 1 :        1157 : (   21,   44) : (  0, 7,   40) (  0, 8,   88) :    32681    34410    65899    66838      8 :   98.7  6.86e-03
 0 :        1158 : (   21,   45) : (  0, 7,   40) (  0, 8,   89) :    32681    34410    66839    68824      0 :    0.0  5.38e-01
 1 :        1159 : (   21,   46) : (  0, 7,   40) (  0, 8,   90) :    32681    34410    68825    70511     14 :   98.4  1.35e-02
 1 :        1160 : (   21,   47) : (  0, 7,   40) (  0, 8,   93) :    32681    34410    70512    72369     12 :   98.7  1.21e-02
 1 :        1161 : (   21,   48) : (  0, 7,   40) (  0, 8,   94) :    32681    34410    72370    73108      7 :   98.6  6.18e-03
 1 :        1162 : (   21,   49) : (  0, 7,   40) (  0, 8,   95) :    32681    34410    73109    74219     10 :   98.5  8.29e-03
 1 :        1163 : (   21,   50) : (  0, 7,   40) (  0, 8,   96) :    32681    34410    74220    76059     12 :   98.7  1.16e-02
 1 :        1164 : (   21,   51) : (  0, 7,   40) (  0, 8,   97) :    32681    34410    76060    77572     13 :   98.4  1.14e-02
 0 :        1165 : (   21,   52) : (  0, 7,   40) (  0, 8,   98) :    32681    34410    77573    77654      0 :    0.0  2.26e-02
 1 :        1166 : (   22,    0) : (  0, 7,   41) (  0, 5,    1) :    34411    36062        0     1752     11 :   98.7  1.08e-02
 1 :        1167 : (   22,    1) : (  0, 7,   41) (  0, 5,    2) :    34411    36062     1753     2514      8 :   98.5  6.73e-03
 1 :        1168 : (   22,    2) : (  0, 7,   41) (  0, 5,    3) :    34411    36062     2515     4234     10 :   98.8  9.71e-03
 1 :        1169 : (   22,    3) : (  0, 7,   41) (  0, 5,    4) :    34411    36062     4235     4987      8 :   98.5  6.44e-03
 1 :        1170 : (   22,    4) : (  0, 7,   41) (  0, 6,    9) :    34411    36062     4988     6868     11 :   98.7  1.07e-02
 1 :        1171 : (   22,    5) : (  0, 7,   41) (  0, 6,   11) :    34411    36062     6869     8218     11 :   98.5  9.31e-03
 0 :        1172 : (   22,    6) : (  0, 7,   41) (  0, 6,   12) :    34411    36062     8219    10055      0 :    0.0  4.55e-01
 1 :        1173 : (   22,    7) : (  0, 7,   41) (  0, 6,   14) :    34411    36062    10056    11954     12 :   98.6  1.20e-02
 0 :        1174 : (   22,    8) : (  0, 7,   41) (  0, 6,   15) :    34411    36062    11955    13812      0 :    0.0  4.35e-01
 0 :        1175 : (   22,    9) : (  0, 7,   41) (  0, 6,   16) :    34411    36062    13813    15162      0 :    0.0  3.41e-01
 1 :        1176 : (   22,   10) : (  0, 7,   41) (  0, 6,   26) :    34411    36062    15163    17042     11 :   98.7  1.16e-02
 1 :        1177 : (   22,   11) : (  0, 7,   41) (  0, 6,   27) :    34411    36062    17043    18216      8 :   98.8  7.43e-03
 1 :        1178 : (   22,   12) : (  0, 7,   41) (  0, 6,   28) :    34411    36062    18217    20483     10 :   99.0  1.14e-02
 1 :        1179 : (   22,   13) : (  0, 7,   41) (  0, 6,   29) :    34411    36062    20484    22354     11 :   98.7  1.13e-02
 1 :        1180 : (   22,   14) : (  0, 7,   41) (  0, 6,   31) :    34411    36062    22355    24605     10 :   99.0  1.16e-02
 1 :        1181 : (   22,   15) : (  0, 7,   41) (  0, 6,   32) :    34411    36062    24606    25765      7 :   99.0  6.83e-03
 1 :        1182 : (   22,   16) : (  0, 7,   41) (  0, 7,   19) :    34411    36062    25766    27455     11 :   98.7  1.05e-02
 1 :        1183 : (   22,   17) : (  0, 7,   41) (  0, 7,   20) :    34411    36062    27456    28389      9 :   98.5  7.23e-03
 1 :        1184 : (   22,   18) : (  0, 7,   41) (  0, 7,   25) :    34411    36062    28390    30099     11 :   98.7  1.07e-02
 1 :        1185 : (   22,   19) : (  0, 7,   41) (  0, 7,   26) :    34411    36062    30100    31020     10 :   98.3  7.68e-03
 0 :        1186 : (   22,   20) : (  0, 7,   41) (  0, 7,   35) :    34411    36062    31021    32680      0 :    0.0  3.89e-01
 1 :        1187 : (   22,   21) : (  0, 7,   41) (  0, 7,   40) :    34411    36062    32681    34410     12 :   98.6  1.14e-02
 0 :        1188 : (   22,   22) : (  0, 7,   41) (  0, 7,   41) :    34411    36062    34411    36062      0 :    0.0  4.10e-01
 1 :        1189 : (   22,   23) : (  0, 7,   41) (  0, 7,   46) :    34411    36062    36063    37795     11 :   98.7  1.10e-02
 1 :        1190 : (   22,   24) : (  0, 7,   41) (  0, 7,   50) :    34411    36062    37796    38258      7 :   98.1  5.35e-03
 1 :        1191 : (   22,   25) : (  0, 7,   41) (  0, 7,   59) :    34411    36062    38259    39857      9 :   98.9  8.70e-03
 1 :        1192 : (   22,   26) : (  0, 7,   41) (  0, 7,   60) :    34411    36062    39858    40314      7 :   98.0  5.19e-03
 1 :        1193 : (   22,   27) : (  0, 7,   41) (  0, 8,   65) :    34411    36062    40315    42013     10 :   98.8  9.55e-03
 1 :        1194 : (   22,   28) : (  0, 7,   41) (  0, 8,   66) :    34411    36062    42014    42768      8 :   98.5  6.40e-03
 1 :        1195 : (   22,   29) : (  0, 7,   41) (  0, 8,   67) :    34411    36062    42769    43712      8 :   98.7  6.48e-03
 1 :        1196 : (   22,   30) : (  0, 7,   41) (  0, 8,   68) :    34411    36062    43713    45403     11 :   98.7  1.03e-02
 1 :        1197 : (   22,   31) : (  0, 7,   41) (  0, 8,   71) :    34411    36062    45404    47057     15 :   98.2  1.27e-02
 0 :        1198 : (   22,   32) : (  0, 7,   41) (  0, 8,   72) :    34411    36062    47058    49013      0 :    0.0  4.82e-01
 1 :        1199 : (   22,   33) : (  0, 7,   41) (  0, 8,   73) :    34411    36062    49014    49752      7 :   98.6  6.33e-03
 1 :        1200 : (   22,   34) : (  0, 7,   41) (  0, 8,   74) :    34411    36062    49753    51606     10 :   98.9  1.01e-02
 1 :        1201 : (   22,   35) : (  0, 7,   41) (  0, 8,   75) :    34411    36062    51607    53340     10 :   98.8  9.89e-03
 1 :        1202 : (   22,   36) : (  0, 7,   41) (  0, 8,   76) :    34411    36062    53341    54448      8 :   98.8  7.15e-03
 1 :        1203 : (   22,   37) : (  0, 7,   41) (  0, 8,   77) :    34411    36062    54449    56151     12 :   98.6  1.08e-02
 1 :        1204 : (   22,   38) : (  0, 7,   41) (  0, 8,   78) :    34411    36062    56152    58105     13 :   98.5  1.24e-02
 0 :        1205 : (   22,   39) : (  0, 7,   41) (  0, 8,   83) :    34411    36062    58106    60074      0 :    0.0  4.85e-01
 0 :        1206 : (   22,   40) : (  0, 7,   41) (  0, 8,   84) :    34411    36062    60075    61735      0 :    0.0  4.18e-01
 0 :        1207 : (   22,   41) : (  0, 7,   41) (  0, 8,   85) :    34411    36062    61736    62505      0 :    0.0  1.82e-01
 1 :        1208 : (   22,   42) : (  0, 7,   41) (  0, 8,   86) :    34411    36062    62506    64201     14 :   98.3  1.23e-02
 0 :        1209 : (   22,   43) : (  0, 7,   41) (  0, 8,   87) :    34411    36062    64202    65898      0 :    0.0  4.22e-01
 1 :        1210 : (   22,   44) : (  0, 7,   41) (  0, 8,   88) :    34411    36062    65899    66838     11 :   98.2  1.11e-02
 1 :        1211 : (   22,   45) : (  0, 7,   41) (  0, 8,   89) :    34411    36062    66839    68824     14 :   98.4  1.36e-02
 1 :        1212 : (   22,   46) : (  0, 7,   41) (  0, 8,   90) :    34411    36062    68825    70511     14 :   98.3  2.12e-02
 1 :        1213 : (   22,   47) : (  0, 7,   41) (  0, 8,   93) :    34411    36062    70512    72369     13 :   98.5  1.24e-02
 1 :        1214 : (   22,   48) : (  0, 7,   41) (  0, 8,   94) :    34411    36062    72370    73108      9 :   98.2  6.89e-03
 1 :        1215 : (   22,   49) : (  0, 7,   41) (  0, 8,   95) :    34411    36062    73109    74219      9 :   98.6  7.53e-03
 1 :        1216 : (   22,   50) : (  0, 7,   41) (  0, 8,   96) :    34411    36062    74220    76059     11 :   98.7  1.06e-02
 1 :        1217 : (   22,   51) : (  0, 7,   41) (  0, 8,   97) :    34411    36062    76060    77572      9 :   98.9  8.82e-03
 1 :        1218 : (   22,   52) : (  0, 7,   41) (  0, 8,   98) :    34411    36062    77573    77654      6 :   92.3  3.98e-03
 1 :        1219 : (   23,    0) : (  0, 7,   46) (  0, 5,    1) :    36063    37795        0     1752     10 :   98.9  1.04e-02
 1 :        1220 : (   23,    1) : (  0, 7,   46) (  0, 5,    2) :    36063    37795     1753     2514      7 :   98.7  6.49e-03
 1 :        1221 : (   23,    2) : (  0, 7,   46) (  0, 5,    3) :    36063    37795     2515     4234     10 :   98.8  9.98e-03
 1 :        1222 : (   23,    3) : (  0, 7,   46) (  0, 5,    4) :    36063    37795     4235     4987      7 :   98.7  6.26e-03
 1 :        1223 : (   23,    4) : (  0, 7,   46) (  0, 6,    9) :    36063    37795     4988     6868     10 :   98.9  1.04e-02
 1 :        1224 : (   23,    5) : (  0, 7,   46) (  0, 6,   11) :    36063    37795     6869     8218      9 :   98.8  8.50e-03
 1 :        1225 : (   23,    6) : (  0, 7,   46) (  0, 6,   12) :    36063    37795     8219    10055     11 :   98.8  1.13e-02
 1 :        1226 : (   23,    7) : (  0, 7,   46) (  0, 6,   14) :    36063    37795    10056    11954     10 :   98.9  1.05e-02
 1 :        1227 : (   23,    8) : (  0, 7,   46) (  0, 6,   15) :    36063    37795    11955    13812     12 :   98.7  1.20e-02
 1 :        1228 : (   23,    9) : (  0, 7,   46) (  0, 6,   16) :    36063    37795    13813    15162     10 :   98.7  9.15e-03
 0 :        1229 : (   23,   10) : (  0, 7,   46) (  0, 6,   26) :    36063    37795    15163    17042      0 :    0.0  5.23e-01
 1 :        1230 : (   23,   11) : (  0, 7,   46) (  0, 6,   27) :    36063    37795    17043    18216      9 :   98.7  8.87e-03
 1 :        1231 : (   23,   12) : (  0, 7,   46) (  0, 6,   28) :    36063    37795    18217    20483     12 :   98.8  1.33e-02
 0 :        1232 : (   23,   13) : (  0, 7,   46) (  0, 6,   29) :    36063    37795    20484    22354      0 :    0.0  4.73e-01
 1 :        1233 : (   23,   14) : (  0, 7,   46) (  0, 6,   31) :    36063    37795    22355    24605     13 :   98.7  1.43e-02
 1 :        1234 : (   23,   15) : (  0, 7,   46) (  0, 6,   32) :    36063    37795    24606    25765     10 :   98.6  8.69e-03
 1 :        1235 : (   23,   16) : (  0, 7,   46) (  0, 7,   19) :    36063    37795    25766    27455     10 :   98.8  1.02e-02
 1 :        1236 : (   23,   17) : (  0, 7,   46) (  0, 7,   20) :    36063    37795    27456    28389      8 :   98.7  6.97e-03
 1 :        1237 : (   23,   18) : (  0, 7,   46) (  0, 7,   25) :    36063    37795    28390    30099     10 :   98.8  1.03e-02
 1 :        1238 : (   23,   19) : (  0, 7,   46) (  0, 7,   26) :    36063    37795    30100    31020      8 :   98.7  7.00e-03
 1 :        1239 : (   23,   20) : (  0, 7,   46) (  0, 7,   35) :    36063    37795    31021    32680     11 :   98.7  1.06e-02
 0 :        1240 : (   23,   21) : (  0, 7,   46) (  0, 7,   40) :    36063    37795    32681    34410      0 :    0.0  4.62e-01
 1 :        1241 : (   23,   22) : (  0, 7,   46) (  0, 7,   41) :    36063    37795    34411    36062     11 :   98.7  1.11e-02
 0 :        1242 : (   23,   23) : (  0, 7,   46) (  0, 7,   46) :    36063    37795    36063    37795      0 :    0.0  4.38e-01
 1 :        1243 : (   23,   24) : (  0, 7,   46) (  0, 7,   50) :    36063    37795    37796    38258      8 :   97.8  6.01e-03
 0 :        1244 : (   23,   25) : (  0, 7,   46) (  0, 7,   59) :    36063    37795    38259    39857      0 :    0.0  4.28e-01
 1 :        1245 : (   23,   26) : (  0, 7,   46) (  0, 7,   60) :    36063    37795    39858    40314     10 :   97.2  6.82e-03
 1 :        1246 : (   23,   27) : (  0, 7,   46) (  0, 8,   65) :    36063    37795    40315    42013     10 :   98.8  1.00e-02
 1 :        1247 : (   23,   28) : (  0, 7,   46) (  0, 8,   66) :    36063    37795    42014    42768      8 :   98.5  6.68e-03
 1 :        1248 : (   23,   29) : (  0, 7,   46) (  0, 8,   67) :    36063    37795    42769    43712      8 :   98.7  6.71e-03
 1 :        1249 : (   23,   30) : (  0, 7,   46) (  0, 8,   68) :    36063    37795    43713    45403     11 :   98.7  1.06e-02
 1 :        1250 : (   23,   31) : (  0, 7,   46) (  0, 8,   71) :    36063    37795    45404    47057     11 :   98.7  1.05e-02
 1 :        1251 : (   23,   32) : (  0, 7,   46) (  0, 8,   72) :    36063    37795    47058    49013     14 :   98.5  1.38e-02
 1 :        1252 : (   23,   33) : (  0, 7,   46) (  0, 8,   73) :    36063    37795    49014    49752      8 :   98.5  6.52e-03
 1 :        1253 : (   23,   34) : (  0, 7,   46) (  0, 8,   74) :    36063    37795    49753    51606     11 :   98.8  1.08e-02
 1 :        1254 : (   23,   35) : (  0, 7,   46) (  0, 8,   75) :    36063    37795    51607    53340     11 :   98.7  1.08e-02
 1 :        1255 : (   23,   36) : (  0, 7,   46) (  0, 8,   76) :    36063    37795    53341    54448      9 :   98.7  7.95e-03
 1 :        1256 : (   23,   37) : (  0, 7,   46) (  0, 8,   77) :    36063    37795    54449    56151     15 :   98.3  1.31e-02
 0 :        1257 : (   23,   38) : (  0, 7,   46) (  0, 8,   78) :    36063    37795    56152    58105      0 :    0.0  5.19e-01
 1 :        1258 : (   23,   39) : (  0, 7,   46) (  0, 8,   83) :    36063    37795    58106    60074     13 :   98.6  1.35e-02
 1 :        1259 : (   23,   40) : (  0, 7,   46) (  0, 8,   84) :    36063    37795    60075    61735     15 :   98.2  1.32e-02
 1 :        1260 : (   23,   41) : (  0, 7,   46) (  0, 8,   85) :    36063    37795    61736    62505      7 :   98.7  6.30e-03
 1 :        1261 : (   23,   42) : (  0, 7,   46) (  0, 8,   86) :    36063    37795    62506    64201     11 :   98.7  1.05e-02
 1 :        1262 : (   23,   43) : (  0, 7,   46) (  0, 8,   87) :    36063    37795    64202    65898     14 :   98.4  1.28e-02
 1 :        1263 : (   23,   44) : (  0, 7,   46) (  0, 8,   88) :    36063    37795    65899    66838     10 :   98.4  7.83e-03
 0 :        1264 : (   23,   45) : (  0, 7,   46) (  0, 8,   89) :    36063    37795    66839    68824      0 :    0.0  5.02e-01
 0 :        1265 : (   23,   46) : (  0, 7,   46) (  0, 8,   90) :    36063    37795    68825    70511      0 :    0.0  4.75e-01
 0 :        1266 : (   23,   47) : (  0, 7,   46) (  0, 8,   93) :    36063    37795    70512    72369      0 :    0.0  4.95e-01
 1 :        1267 : (   23,   48) : (  0, 7,   46) (  0, 8,   94) :    36063    37795    72370    73108     10 :   98.1  7.93e-03
 0 :        1268 : (   23,   49) : (  0, 7,   46) (  0, 8,   95) :    36063    37795    73109    74219      0 :    0.0  2.83e-01
 1 :        1269 : (   23,   50) : (  0, 7,   46) (  0, 8,   96) :    36063    37795    74220    76059     16 :   98.2  1.44e-02
 1 :        1270 : (   23,   51) : (  0, 7,   46) (  0, 8,   97) :    36063    37795    76060    77572     10 :   98.8  9.71e-03
 1 :        1271 : (   23,   52) : (  0, 7,   46) (  0, 8,   98) :    36063    37795    77573    77654      7 :   91.1  4.54e-03
 1 :        1272 : (   24,    0) : (  0, 7,   50) (  0, 5,    1) :    37796    38258        0     1752      6 :   98.4  5.19e-03
 1 :        1273 : (   24,    1) : (  0, 7,   50) (  0, 5,    2) :    37796    38258     1753     2514      6 :   97.9  3.08e-03
 1 :        1274 : (   24,    2) : (  0, 7,   50) (  0, 5,    3) :    37796    38258     2515     4234      6 :   98.4  4.76e-03
 1 :        1275 : (   24,    3) : (  0, 7,   50) (  0, 5,    4) :    37796    38258     4235     4987      6 :   97.9  2.88e-03
 1 :        1276 : (   24,    4) : (  0, 7,   50) (  0, 6,    9) :    37796    38258     4988     6868      6 :   98.4  5.04e-03
 1 :        1277 : (   24,    5) : (  0, 7,   50) (  0, 6,   11) :    37796    38258     6869     8218      6 :   98.3  4.10e-03
 1 :        1278 : (   24,    6) : (  0, 7,   50) (  0, 6,   12) :    37796    38258     8219    10055      7 :   98.1  5.63e-03
 1 :        1279 : (   24,    7) : (  0, 7,   50) (  0, 6,   14) :    37796    38258    10056    11954      7 :   98.1  5.65e-03
 1 :        1280 : (   24,    8) : (  0, 7,   50) (  0, 6,   15) :    37796    38258    11955    13812      6 :   98.4  5.39e-03
 1 :        1281 : (   24,    9) : (  0, 7,   50) (  0, 6,   16) :    37796    38258    13813    15162      6 :   98.3  4.13e-03
 0 :        1282 : (   24,   10) : (  0, 7,   50) (  0, 6,   26) :    37796    38258    15163    17042      0 :    0.0  1.23e-01
 0 :        1283 : (   24,   11) : (  0, 7,   50) (  0, 6,   27) :    37796    38258    17043    18216      0 :    0.0  7.70e-02
 0 :        1284 : (   24,   12) : (  0, 7,   50) (  0, 6,   28) :    37796    38258    18217    20483      0 :    0.0  1.71e-01
 1 :        1285 : (   24,   13) : (  0, 7,   50) (  0, 6,   29) :    37796    38258    20484    22354      9 :   97.6  7.09e-03
 1 :        1286 : (   24,   14) : (  0, 7,   50) (  0, 6,   31) :    37796    38258    22355    24605      9 :   97.7  8.05e-03
 1 :        1287 : (   24,   15) : (  0, 7,   50) (  0, 6,   32) :    37796    38258    24606    25765      8 :   97.6  4.34e-03
 1 :        1288 : (   24,   16) : (  0, 7,   50) (  0, 7,   19) :    37796    38258    25766    27455      7 :   98.1  5.30e-03
 1 :        1289 : (   24,   17) : (  0, 7,   50) (  0, 7,   20) :    37796    38258    27456    28389      6 :   98.1  3.17e-03
 1 :        1290 : (   24,   18) : (  0, 7,   50) (  0, 7,   25) :    37796    38258    28390    30099      7 :   98.1  5.30e-03
 1 :        1291 : (   24,   19) : (  0, 7,   50) (  0, 7,   26) :    37796    38258    30100    31020      6 :   98.1  3.13e-03
 1 :        1292 : (   24,   20) : (  0, 7,   50) (  0, 7,   35) :    37796    38258    31021    32680      7 :   98.1  5.05e-03
 1 :        1293 : (   24,   21) : (  0, 7,   50) (  0, 7,   40) :    37796    38258    32681    34410     10 :   97.3  6.53e-03
 1 :        1294 : (   24,   22) : (  0, 7,   50) (  0, 7,   41) :    37796    38258    34411    36062      7 :   98.1  5.08e-03
 1 :        1295 : (   24,   23) : (  0, 7,   50) (  0, 7,   46) :    37796    38258    36063    37795      9 :   97.5  6.16e-03
 0 :        1296 : (   24,   24) : (  0, 7,   50) (  0, 7,   50) :    37796    38258    37796    38258      0 :    0.0  3.08e-02
 1 :        1297 : (   24,   25) : (  0, 7,   50) (  0, 7,   59) :    37796    38258    38259    39857      7 :   98.1  4.60e-03
 1 :        1298 : (   24,   26) : (  0, 7,   50) (  0, 7,   60) :    37796    38258    39858    40314      7 :   97.0  2.24e-03
 1 :        1299 : (   24,   27) : (  0, 7,   50) (  0, 8,   65) :    37796    38258    40315    42013      7 :   98.1  4.80e-03
 1 :        1300 : (   24,   28) : (  0, 7,   50) (  0, 8,   66) :    37796    38258    42014    42768      6 :   97.9  2.71e-03
 1 :        1301 : (   24,   29) : (  0, 7,   50) (  0, 8,   67) :    37796    38258    42769    43712      6 :   98.1  2.83e-03
 1 :        1302 : (   24,   30) : (  0, 7,   50) (  0, 8,   68) :    37796    38258    43713    45403      8 :   97.8  5.40e-03
 1 :        1303 : (   24,   31) : (  0, 7,   50) (  0, 8,   71) :    37796    38258    45404    47057      8 :   97.8  5.41e-03
 1 :        1304 : (   24,   32) : (  0, 7,   50) (  0, 8,   72) :    37796    38258    47058    49013      7 :   98.1  5.72e-03
 1 :        1305 : (   24,   33) : (  0, 7,   50) (  0, 8,   73) :    37796    38258    49014    49752      9 :   96.8  3.25e-03
 1 :        1306 : (   24,   34) : (  0, 7,   50) (  0, 8,   74) :    37796    38258    49753    51606      9 :   97.6  6.00e-03
 1 :        1307 : (   24,   35) : (  0, 7,   50) (  0, 8,   75) :    37796    38258    51607    53340     10 :   97.3  6.30e-03
 1 :        1308 : (   24,   36) : (  0, 7,   50) (  0, 8,   76) :    37796    38258    53341    54448     11 :   96.6  4.73e-03
 1 :        1309 : (   24,   37) : (  0, 7,   50) (  0, 8,   77) :    37796    38258    54449    56151      9 :   97.5  5.70e-03
 1 :        1310 : (   24,   38) : (  0, 7,   50) (  0, 8,   78) :    37796    38258    56152    58105      8 :   97.9  6.03e-03
 1 :        1311 : (   24,   39) : (  0, 7,   50) (  0, 8,   83) :    37796    38258    58106    60074      7 :   98.1  5.81e-03
 1 :        1312 : (   24,   40) : (  0, 7,   50) (  0, 8,   84) :    37796    38258    60075    61735      6 :   98.3  4.63e-03
 1 :        1313 : (   24,   41) : (  0, 7,   50) (  0, 8,   85) :    37796    38258    61736    62505      6 :   97.9  2.80e-03
 1 :        1314 : (   24,   42) : (  0, 7,   50) (  0, 8,   86) :    37796    38258    62506    64201      6 :   98.4  4.46e-03
 1 :        1315 : (   24,   43) : (  0, 7,   50) (  0, 8,   87) :    37796    38258    64202    65898      6 :   98.4  4.75e-03
 1 :        1316 : (   24,   44) : (  0, 7,   50) (  0, 8,   88) :    37796    38258    65899    66838      6 :   98.1  2.98e-03
 1 :        1317 : (   24,   45) : (  0, 7,   50) (  0, 8,   89) :    37796    38258    66839    68824      9 :   97.6  6.58e-03
 1 :        1318 : (   24,   46) : (  0, 7,   50) (  0, 8,   90) :    37796    38258    68825    70511      7 :   98.1  5.18e-03
 1 :        1319 : (   24,   47) : (  0, 7,   50) (  0, 8,   93) :    37796    38258    70512    72369      6 :   98.4  5.03e-03
 1 :        1320 : (   24,   48) : (  0, 7,   50) (  0, 8,   94) :    37796    38258    72370    73108      6 :   97.9  2.77e-03
 1 :        1321 : (   24,   49) : (  0, 7,   50) (  0, 8,   95) :    37796    38258    73109    74219      6 :   98.2  3.24e-03
 1 :        1322 : (   24,   50) : (  0, 7,   50) (  0, 8,   96) :    37796    38258    74220    76059      7 :   98.1  5.18e-03
 0 :        1323 : (   24,   51) : (  0, 7,   50) (  0, 8,   97) :    37796    38258    76060    77572      0 :    0.0  9.89e-02
 0 :        1324 : (   24,   52) : (  0, 7,   50) (  0, 8,   98) :    37796    38258    77573    77654      0 :    0.0  6.23e-03
 1 :        1325 : (   25,    0) : (  0, 7,   59) (  0, 5,    1) :    38259    39857        0     1752      8 :   99.0  7.95e-03
 1 :        1326 : (   25,    1) : (  0, 7,   59) (  0, 5,    2) :    38259    39857     1753     2514      6 :   98.8  5.19e-03
 1 :        1327 : (   25,    2) : (  0, 7,   59) (  0, 5,    3) :    38259    39857     2515     4234      8 :   99.0  7.82e-03
 1 :        1328 : (   25,    3) : (  0, 7,   59) (  0, 5,    4) :    38259    39857     4235     4987      6 :   98.8  5.05e-03
 1 :        1329 : (   25,    4) : (  0, 7,   59) (  0, 6,    9) :    38259    39857     4988     6868      8 :   99.1  8.52e-03
 1 :        1330 : (   25,    5) : (  0, 7,   59) (  0, 6,   11) :    38259    39857     6869     8218      8 :   98.9  6.91e-03
 1 :        1331 : (   25,    6) : (  0, 7,   59) (  0, 6,   12) :    38259    39857     8219    10055      9 :   98.9  9.23e-03
 1 :        1332 : (   25,    7) : (  0, 7,   59) (  0, 6,   14) :    38259    39857    10056    11954      8 :   99.1  8.59e-03
 1 :        1333 : (   25,    8) : (  0, 7,   59) (  0, 6,   15) :    38259    39857    11955    13812      9 :   99.0  9.35e-03
 1 :        1334 : (   25,    9) : (  0, 7,   59) (  0, 6,   16) :    38259    39857    13813    15162     10 :   98.6  8.47e-03
 1 :        1335 : (   25,   10) : (  0, 7,   59) (  0, 6,   26) :    38259    39857    15163    17042     11 :   98.7  1.47e-02
 1 :        1336 : (   25,   11) : (  0, 7,   59) (  0, 6,   27) :    38259    39857    17043    18216      8 :   98.8  1.97e-02
 1 :        1337 : (   25,   12) : (  0, 7,   59) (  0, 6,   28) :    38259    39857    18217    20483     10 :   98.9  2.18e-02
 0 :        1338 : (   25,   13) : (  0, 7,   59) (  0, 6,   29) :    38259    39857    20484    22354      0 :    0.0  4.50e-01
 1 :        1339 : (   25,   14) : (  0, 7,   59) (  0, 6,   31) :    38259    39857    22355    24605     13 :   98.6  1.41e-02
 1 :        1340 : (   25,   15) : (  0, 7,   59) (  0, 6,   32) :    38259    39857    24606    25765     12 :   98.2  9.04e-03
 1 :        1341 : (   25,   16) : (  0, 7,   59) (  0, 7,   19) :    38259    39857    25766    27455      8 :   99.0  8.34e-03
 1 :        1342 : (   25,   17) : (  0, 7,   59) (  0, 7,   20) :    38259    39857    27456    28389      7 :   98.8  6.04e-03
 1 :        1343 : (   25,   18) : (  0, 7,   59) (  0, 7,   25) :    38259    39857    28390    30099      8 :   99.0  8.52e-03
 1 :        1344 : (   25,   19) : (  0, 7,   59) (  0, 7,   26) :    38259    39857    30100    31020      7 :   98.8  6.03e-03
 1 :        1345 : (   25,   20) : (  0, 7,   59) (  0, 7,   35) :    38259    39857    31021    32680      9 :   98.9  8.85e-03
 1 :        1346 : (   25,   21) : (  0, 7,   59) (  0, 7,   40) :    38259    39857    32681    34410     11 :   98.7  1.04e-02
 1 :        1347 : (   25,   22) : (  0, 7,   59) (  0, 7,   41) :    38259    39857    34411    36062      9 :   98.9  8.89e-03
 0 :        1348 : (   25,   23) : (  0, 7,   59) (  0, 7,   46) :    38259    39857    36063    37795      0 :    0.0  3.86e-01
 1 :        1349 : (   25,   24) : (  0, 7,   59) (  0, 7,   50) :    38259    39857    37796    38258      6 :   98.3  4.84e-03
 0 :        1350 : (   25,   25) : (  0, 7,   59) (  0, 7,   59) :    38259    39857    38259    39857      0 :    0.0  3.80e-01
 0 :        1351 : (   25,   26) : (  0, 7,   59) (  0, 7,   60) :    38259    39857    39858    40314      0 :    0.0  1.04e-01
 1 :        1352 : (   25,   27) : (  0, 7,   59) (  0, 8,   65) :    38259    39857    40315    42013      8 :   99.0  8.36e-03
 1 :        1353 : (   25,   28) : (  0, 7,   59) (  0, 8,   66) :    38259    39857    42014    42768      6 :   98.8  5.46e-03
 1 :        1354 : (   25,   29) : (  0, 7,   59) (  0, 8,   67) :    38259    39857    42769    43712      7 :   98.8  5.87e-03
 1 :        1355 : (   25,   30) : (  0, 7,   59) (  0, 8,   68) :    38259    39857    43713    45403      8 :   99.0  8.24e-03
 1 :        1356 : (   25,   31) : (  0, 7,   59) (  0, 8,   71) :    38259    39857    45404    47057      9 :   98.9  8.88e-03
 1 :        1357 : (   25,   32) : (  0, 7,   59) (  0, 8,   72) :    38259    39857    47058    49013      9 :   99.0  9.83e-03
 1 :        1358 : (   25,   33) : (  0, 7,   59) (  0, 8,   73) :    38259    39857    49014    49752      6 :   98.8  5.35e-03
 1 :        1359 : (   25,   34) : (  0, 7,   59) (  0, 8,   74) :    38259    39857    49753    51606      9 :   99.0  9.11e-03
 1 :        1360 : (   25,   35) : (  0, 7,   59) (  0, 8,   75) :    38259    39857    51607    53340      8 :   99.0  8.44e-03
 1 :        1361 : (   25,   36) : (  0, 7,   59) (  0, 8,   76) :    38259    39857    53341    54448      8 :   98.8  7.05e-03
 1 :        1362 : (   25,   37) : (  0, 7,   59) (  0, 8,   77) :    38259    39857    54449    56151      9 :   98.9  8.75e-03
 1 :        1363 : (   25,   38) : (  0, 7,   59) (  0, 8,   78) :    38259    39857    56152    58105     10 :   98.9  1.02e-02
 1 :        1364 : (   25,   39) : (  0, 7,   59) (  0, 8,   83) :    38259    39857    58106    60074     11 :   98.8  1.12e-02
 1 :        1365 : (   25,   40) : (  0, 7,   59) (  0, 8,   84) :    38259    39857    60075    61735     11 :   98.6  1.00e-02
 1 :        1366 : (   25,   41) : (  0, 7,   59) (  0, 8,   85) :    38259    39857    61736    62505      7 :   98.7  5.88e-03
 1 :        1367 : (   25,   42) : (  0, 7,   59) (  0, 8,   86) :    38259    39857    62506    64201      9 :   98.9  8.77e-03
 1 :        1368 : (   25,   43) : (  0, 7,   59) (  0, 8,   87) :    38259    39857    64202    65898     12 :   98.5  1.10e-02
 1 :        1369 : (   25,   44) : (  0, 7,   59) (  0, 8,   88) :    38259    39857    65899    66838     10 :   98.3  7.36e-03
 1 :        1370 : (   25,   45) : (  0, 7,   59) (  0, 8,   89) :    38259    39857    66839    68824     11 :   98.8  1.10e-02
 1 :        1371 : (   25,   46) : (  0, 7,   59) (  0, 8,   90) :    38259    39857    68825    70511     13 :   98.4  1.14e-02
 1 :        1372 : (   25,   47) : (  0, 7,   59) (  0, 8,   93) :    38259    39857    70512    72369     13 :   98.5  1.19e-02
 1 :        1373 : (   25,   48) : (  0, 7,   59) (  0, 8,   94) :    38259    39857    72370    73108     10 :   98.0  6.99e-03
 0 :        1374 : (   25,   49) : (  0, 7,   59) (  0, 8,   95) :    38259    39857    73109    74219      0 :    0.0  2.48e-01
 0 :        1375 : (   25,   50) : (  0, 7,   59) (  0, 8,   96) :    38259    39857    74220    76059      0 :    0.0  4.56e-01
 1 :        1376 : (   25,   51) : (  0, 7,   59) (  0, 8,   97) :    38259    39857    76060    77572      9 :   98.8  9.12e-03
 1 :        1377 : (   25,   52) : (  0, 7,   59) (  0, 8,   98) :    38259    39857    77573    77654      6 :   92.3  3.96e-03
 1 :        1378 : (   26,    0) : (  0, 7,   60) (  0, 5,    1) :    39858    40314        0     1752      6 :   98.3  5.23e-03
 1 :        1379 : (   26,    1) : (  0, 7,   60) (  0, 5,    2) :    39858    40314     1753     2514      6 :   97.9  2.99e-03
 1 :        1380 : (   26,    2) : (  0, 7,   60) (  0, 5,    3) :    39858    40314     2515     4234      6 :   98.3  4.78e-03
 1 :        1381 : (   26,    3) : (  0, 7,   60) (  0, 5,    4) :    39858    40314     4235     4987      6 :   97.9  2.90e-03
 1 :        1382 : (   26,    4) : (  0, 7,   60) (  0, 6,    9) :    39858    40314     4988     6868      6 :   98.4  5.05e-03
 1 :        1383 : (   26,    5) : (  0, 7,   60) (  0, 6,   11) :    39858    40314     6869     8218      6 :   98.2  4.10e-03
 1 :        1384 : (   26,    6) : (  0, 7,   60) (  0, 6,   12) :    39858    40314     8219    10055      6 :   98.4  5.18e-03
 1 :        1385 : (   26,    7) : (  0, 7,   60) (  0, 6,   14) :    39858    40314    10056    11954      6 :   98.4  5.24e-03
 1 :        1386 : (   26,    8) : (  0, 7,   60) (  0, 6,   15) :    39858    40314    11955    13812      7 :   98.1  5.83e-03
 1 :        1387 : (   26,    9) : (  0, 7,   60) (  0, 6,   16) :    39858    40314    13813    15162      7 :   97.9  4.45e-03
 1 :        1388 : (   26,   10) : (  0, 7,   60) (  0, 6,   26) :    39858    40314    15163    17042      9 :   97.6  6.77e-03
 1 :        1389 : (   26,   11) : (  0, 7,   60) (  0, 6,   27) :    39858    40314    17043    18216      8 :   97.6  4.22e-03
 1 :        1390 : (   26,   12) : (  0, 7,   60) (  0, 6,   28) :    39858    40314    18217    20483      9 :   97.6  7.32e-03
 0 :        1391 : (   26,   13) : (  0, 7,   60) (  0, 6,   29) :    39858    40314    20484    22354      0 :    0.0  1.43e-01
 0 :        1392 : (   26,   14) : (  0, 7,   60) (  0, 6,   31) :    39858    40314    22355    24605      0 :    0.0  1.45e-01
 0 :        1393 : (   26,   15) : (  0, 7,   60) (  0, 6,   32) :    39858    40314    24606    25765      0 :    0.0  9.71e-02
 1 :        1394 : (   26,   16) : (  0, 7,   60) (  0, 7,   19) :    39858    40314    25766    27455      6 :   98.3  5.19e-03
 1 :        1395 : (   26,   17) : (  0, 7,   60) (  0, 7,   20) :    39858    40314    27456    28389      6 :   98.0  3.19e-03
 1 :        1396 : (   26,   18) : (  0, 7,   60) (  0, 7,   25) :    39858    40314    28390    30099      6 :   98.3  4.92e-03
 1 :        1397 : (   26,   19) : (  0, 7,   60) (  0, 7,   26) :    39858    40314    30100    31020      6 :   98.0  3.32e-03
 1 :        1398 : (   26,   20) : (  0, 7,   60) (  0, 7,   35) :    39858    40314    31021    32680      6 :   98.3  4.30e-03
 1 :        1399 : (   26,   21) : (  0, 7,   60) (  0, 7,   40) :    39858    40314    32681    34410      8 :   97.8  5.44e-03
 1 :        1400 : (   26,   22) : (  0, 7,   60) (  0, 7,   41) :    39858    40314    34411    36062      7 :   98.0  4.87e-03
 1 :        1401 : (   26,   23) : (  0, 7,   60) (  0, 7,   46) :    39858    40314    36063    37795     12 :   96.7  7.04e-03
 1 :        1402 : (   26,   24) : (  0, 7,   60) (  0, 7,   50) :    39858    40314    37796    38258      8 :   96.5  2.40e-03
 0 :        1403 : (   26,   25) : (  0, 7,   60) (  0, 7,   59) :    39858    40314    38259    39857      0 :    0.0  1.03e-01
 0 :        1404 : (   26,   26) : (  0, 7,   60) (  0, 7,   60) :    39858    40314    39858    40314      0 :    0.0  2.98e-02
 1 :        1405 : (   26,   27) : (  0, 7,   60) (  0, 8,   65) :    39858    40314    40315    42013      6 :   98.3  4.38e-03
 1 :        1406 : (   26,   28) : (  0, 7,   60) (  0, 8,   66) :    39858    40314    42014    42768      6 :   97.9  2.63e-03
 1 :        1407 : (   26,   29) : (  0, 7,   60) (  0, 8,   67) :    39858    40314    42769    43712      6 :   98.1  2.78e-03
 1 :        1408 : (   26,   30) : (  0, 7,   60) (  0, 8,   68) :    39858    40314    43713    45403      7 :   98.1  4.87e-03
 1 :        1409 : (   26,   31) : (  0, 7,   60) (  0, 8,   71) :    39858    40314    45404    47057      6 :   98.3  4.46e-03
 1 :        1410 : (   26,   32) : (  0, 7,   60) (  0, 8,   72) :    39858    40314    47058    49013      7 :   98.1  5.69e-03
 1 :        1411 : (   26,   33) : (  0, 7,   60) (  0, 8,   73) :    39858    40314    49014    49752      6 :   97.9  2.67e-03
 1 :        1412 : (   26,   34) : (  0, 7,   60) (  0, 8,   74) :    39858    40314    49753    51606      7 :   98.1  5.13e-03
 1 :        1413 : (   26,   35) : (  0, 7,   60) (  0, 8,   75) :    39858    40314    51607    53340      6 :   98.3  4.63e-03
 1 :        1414 : (   26,   36) : (  0, 7,   60) (  0, 8,   76) :    39858    40314    53341    54448      6 :   98.1  3.39e-03
 1 :        1415 : (   26,   37) : (  0, 7,   60) (  0, 8,   77) :    39858    40314    54449    56151      9 :   97.5  5.64e-03
 1 :        1416 : (   26,   38) : (  0, 7,   60) (  0, 8,   78) :    39858    40314    56152    58105      8 :   97.8  5.98e-03
 1 :        1417 : (   26,   39) : (  0, 7,   60) (  0, 8,   83) :    39858    40314    58106    60074      9 :   97.6  6.65e-03
 1 :        1418 : (   26,   40) : (  0, 7,   60) (  0, 8,   84) :    39858    40314    60075    61735      8 :   97.8  5.38e-03
 1 :        1419 : (   26,   41) : (  0, 7,   60) (  0, 8,   85) :    39858    40314    61736    62505      6 :   97.9  2.78e-03
 1 :        1420 : (   26,   42) : (  0, 7,   60) (  0, 8,   86) :    39858    40314    62506    64201      7 :   98.1  4.85e-03
 1 :        1421 : (   26,   43) : (  0, 7,   60) (  0, 8,   87) :    39858    40314    64202    65898      9 :   97.5  6.02e-03
 1 :        1422 : (   26,   44) : (  0, 7,   60) (  0, 8,   88) :    39858    40314    65899    66838      7 :   97.7  3.20e-03
 1 :        1423 : (   26,   45) : (  0, 7,   60) (  0, 8,   89) :    39858    40314    66839    68824      9 :   97.6  6.73e-03
 1 :        1424 : (   26,   46) : (  0, 7,   60) (  0, 8,   90) :    39858    40314    68825    70511      9 :   97.5  6.10e-03
 1 :        1425 : (   26,   47) : (  0, 7,   60) (  0, 8,   93) :    39858    40314    70512    72369      9 :   97.5  6.27e-03
 1 :        1426 : (   26,   48) : (  0, 7,   60) (  0, 8,   94) :    39858    40314    72370    73108      9 :   96.8  3.23e-03
 1 :        1427 : (   26,   49) : (  0, 7,   60) (  0, 8,   95) :    39858    40314    73109    74219     11 :   96.6  4.56e-03
 1 :        1428 : (   26,   50) : (  0, 7,   60) (  0, 8,   96) :    39858    40314    74220    76059     11 :   97.0  6.91e-03
 1 :        1429 : (   26,   51) : (  0, 7,   60) (  0, 8,   97) :    39858    40314    76060    77572      8 :   97.7  5.13e-03
 1 :        1430 : (   26,   52) : (  0, 7,   60) (  0, 8,   98) :    39858    40314    77573    77654      7 :   89.9  1.47e-03
 1 :        1431 : (   27,    0) : (  0, 8,   65) (  0, 5,    1) :    40315    42013        0     1752     10 :   98.8  9.80e-03
 1 :        1432 : (   27,    1) : (  0, 8,   65) (  0, 5,    2) :    40315    42013     1753     2514      8 :   98.5  6.50e-03
 1 :        1433 : (   27,    2) : (  0, 8,   65) (  0, 5,    3) :    40315    42013     2515     4234      9 :   98.9  8.84e-03
 1 :        1434 : (   27,    3) : (  0, 8,   65) (  0, 5,    4) :    40315    42013     4235     4987      7 :   98.7  5.89e-03
 1 :        1435 : (   27,    4) : (  0, 8,   65) (  0, 6,    9) :    40315    42013     4988     6868     12 :   98.7  1.17e-02
 0 :        1436 : (   27,    5) : (  0, 8,   65) (  0, 6,   11) :    40315    42013     6869     8218      0 :    0.0  3.27e-01
 1 :        1437 : (   27,    6) : (  0, 8,   65) (  0, 6,   12) :    40315    42013     8219    10055     15 :   98.3  1.35e-02
 1 :        1438 : (   27,    7) : (  0, 8,   65) (  0, 6,   14) :    40315    42013    10056    11954      9 :   99.0  9.87e-03
 1 :        1439 : (   27,    8) : (  0, 8,   65) (  0, 6,   15) :    40315    42013    11955    13812     11 :   98.8  1.06e-02
 1 :        1440 : (   27,    9) : (  0, 8,   65) (  0, 6,   16) :    40315    42013    13813    15162      9 :   98.8  8.30e-03
 1 :        1441 : (   27,   10) : (  0, 8,   65) (  0, 6,   26) :    40315    42013    15163    17042     11 :   98.8  1.11e-02
 1 :        1442 : (   27,   11) : (  0, 8,   65) (  0, 6,   27) :    40315    42013    17043    18216      7 :   99.0  6.72e-03
 1 :        1443 : (   27,   12) : (  0, 8,   65) (  0, 6,   28) :    40315    42013    18217    20483      9 :   99.1  2.14e-02
 1 :        1444 : (   27,   13) : (  0, 8,   65) (  0, 6,   29) :    40315    42013    20484    22354     10 :   98.9  1.35e-02
 1 :        1445 : (   27,   14) : (  0, 8,   65) (  0, 6,   31) :    40315    42013    22355    24605      9 :   99.1  1.20e-02
 1 :        1446 : (   27,   15) : (  0, 8,   65) (  0, 6,   32) :    40315    42013    24606    25765      7 :   99.0  1.39e-02
 1 :        1447 : (   27,   16) : (  0, 8,   65) (  0, 7,   19) :    40315    42013    25766    27455     10 :   98.8  1.15e-02
 1 :        1448 : (   27,   17) : (  0, 8,   65) (  0, 7,   20) :    40315    42013    27456    28389      9 :   98.5  7.35e-03
 1 :        1449 : (   27,   18) : (  0, 8,   65) (  0, 7,   25) :    40315    42013    28390    30099     10 :   98.8  1.01e-02
 1 :        1450 : (   27,   19) : (  0, 8,   65) (  0, 7,   26) :    40315    42013    30100    31020      8 :   98.7  6.79e-03
 1 :        1451 : (   27,   20) : (  0, 8,   65) (  0, 7,   35) :    40315    42013    31021    32680     15 :   98.2  1.29e-02
 1 :        1452 : (   27,   21) : (  0, 8,   65) (  0, 7,   40) :    40315    42013    32681    34410     11 :   98.7  1.07e-02
 1 :        1453 : (   27,   22) : (  0, 8,   65) (  0, 7,   41) :    40315    42013    34411    36062     11 :   98.7  1.03e-02
 1 :        1454 : (   27,   23) : (  0, 8,   65) (  0, 7,   46) :    40315    42013    36063    37795     11 :   98.7  1.07e-02
 1 :        1455 : (   27,   24) : (  0, 8,   65) (  0, 7,   50) :    40315    42013    37796    38258      7 :   98.1  5.33e-03
 1 :        1456 : (   27,   25) : (  0, 8,   65) (  0, 7,   59) :    40315    42013    38259    39857      8 :   99.0  1.73e-02
 1 :        1457 : (   27,   26) : (  0, 8,   65) (  0, 7,   60) :    40315    42013    39858    40314      6 :   98.3  8.45e-03
 0 :        1458 : (   27,   27) : (  0, 8,   65) (  0, 8,   65) :    40315    42013    40315    42013      0 :    0.0  4.21e-01
 0 :        1459 : (   27,   28) : (  0, 8,   65) (  0, 8,   66) :    40315    42013    42014    42768      0 :    0.0  1.84e-01
 0 :        1460 : (   27,   29) : (  0, 8,   65) (  0, 8,   67) :    40315    42013    42769    43712      0 :    0.0  2.53e-01
 0 :        1461 : (   27,   30) : (  0, 8,   65) (  0, 8,   68) :    40315    42013    43713    45403      0 :    0.0  4.10e-01
 1 :        1462 : (   27,   31) : (  0, 8,   65) (  0, 8,   71) :    40315    42013    45404    47057     13 :   98.4  1.18e-02
 1 :        1463 : (   27,   32) : (  0, 8,   65) (  0, 8,   72) :    40315    42013    47058    49013     11 :   98.8  1.15e-02
 1 :        1464 : (   27,   33) : (  0, 8,   65) (  0, 8,   73) :    40315    42013    49014    49752     11 :   97.9  7.69e-03
 1 :        1465 : (   27,   34) : (  0, 8,   65) (  0, 8,   74) :    40315    42013    49753    51606     14 :   98.4  1.26e-02
 1 :        1466 : (   27,   35) : (  0, 8,   65) (  0, 8,   75) :    40315    42013    51607    53340     11 :   98.7  1.06e-02
 1 :        1467 : (   27,   36) : (  0, 8,   65) (  0, 8,   76) :    40315    42013    53341    54448      9 :   98.7  7.79e-03
 1 :        1468 : (   27,   37) : (  0, 8,   65) (  0, 8,   77) :    40315    42013    54449    56151     12 :   98.6  1.09e-02
 1 :        1469 : (   27,   38) : (  0, 8,   65) (  0, 8,   78) :    40315    42013    56152    58105     11 :   98.8  1.12e-02
 1 :        1470 : (   27,   39) : (  0, 8,   65) (  0, 8,   83) :    40315    42013    58106    60074     11 :   98.8  1.15e-02
 1 :        1471 : (   27,   40) : (  0, 8,   65) (  0, 8,   84) :    40315    42013    60075    61735     11 :   98.7  1.04e-02
 1 :        1472 : (   27,   41) : (  0, 8,   65) (  0, 8,   85) :    40315    42013    61736    62505      7 :   98.7  6.16e-03
 1 :        1473 : (   27,   42) : (  0, 8,   65) (  0, 8,   86) :    40315    42013    62506    64201      9 :   98.9  9.05e-03
 1 :        1474 : (   27,   43) : (  0, 8,   65) (  0, 8,   87) :    40315    42013    64202    65898      9 :   98.9  9.42e-03
 1 :        1475 : (   27,   44) : (  0, 8,   65) (  0, 8,   88) :    40315    42013    65899    66838      7 :   98.8  6.25e-03
 1 :        1476 : (   27,   45) : (  0, 8,   65) (  0, 8,   89) :    40315    42013    66839    68824     11 :   98.8  1.13e-02
 1 :        1477 : (   27,   46) : (  0, 8,   65) (  0, 8,   90) :    40315    42013    68825    70511     11 :   98.7  1.06e-02
 1 :        1478 : (   27,   47) : (  0, 8,   65) (  0, 8,   93) :    40315    42013    70512    72369      9 :   99.0  1.13e-02
 1 :        1479 : (   27,   48) : (  0, 8,   65) (  0, 8,   94) :    40315    42013    72370    73108      6 :   98.8  1.76e-02
 1 :        1480 : (   27,   49) : (  0, 8,   65) (  0, 8,   95) :    40315    42013    73109    74219      7 :   99.0  6.78e-03
 1 :        1481 : (   27,   50) : (  0, 8,   65) (  0, 8,   96) :    40315    42013    74220    76059      9 :   99.0  9.67e-03
 1 :        1482 : (   27,   51) : (  0, 8,   65) (  0, 8,   97) :    40315    42013    76060    77572      9 :   98.9  1.82e-02
 1 :        1483 : (   27,   52) : (  0, 8,   65) (  0, 8,   98) :    40315    42013    77573    77654      6 :   92.3  4.21e-03
 1 :        1484 : (   28,    0) : (  0, 8,   66) (  0, 5,    1) :    42014    42768        0     1752      6 :   98.9  6.00e-03
 1 :        1485 : (   28,    1) : (  0, 8,   66) (  0, 5,    2) :    42014    42768     1753     2514      7 :   98.2  3.99e-03
 1 :        1486 : (   28,    2) : (  0, 8,   66) (  0, 5,    3) :    42014    42768     2515     4234      6 :   98.9  5.62e-03
 1 :        1487 : (   28,    3) : (  0, 8,   66) (  0, 5,    4) :    42014    42768     4235     4987      7 :   98.1  3.82e-03
 1 :        1488 : (   28,    4) : (  0, 8,   66) (  0, 6,    9) :    42014    42768     4988     6868      9 :   98.3  7.22e-03
 0 :        1489 : (   28,    5) : (  0, 8,   66) (  0, 6,   11) :    42014    42768     6869     8218      0 :    0.0  1.44e-01
 0 :        1490 : (   28,    6) : (  0, 8,   66) (  0, 6,   12) :    42014    42768     8219    10055      0 :    0.0  1.95e-01
 1 :        1491 : (   28,    7) : (  0, 8,   66) (  0, 6,   14) :    42014    42768    10056    11954      6 :   98.9  6.05e-03
 1 :        1492 : (   28,    8) : (  0, 8,   66) (  0, 6,   15) :    42014    42768    11955    13812      9 :   98.3  7.56e-03
 1 :        1493 : (   28,    9) : (  0, 8,   66) (  0, 6,   16) :    42014    42768    13813    15162      7 :   98.6  5.36e-03
 1 :        1494 : (   28,   10) : (  0, 8,   66) (  0, 6,   26) :    42014    42768    15163    17042      8 :   98.5  7.16e-03
 1 :        1495 : (   28,   11) : (  0, 8,   66) (  0, 6,   27) :    42014    42768    17043    18216      6 :   98.7  4.43e-03
 1 :        1496 : (   28,   12) : (  0, 8,   66) (  0, 6,   28) :    42014    42768    18217    20483      6 :   98.9  6.57e-03
 1 :        1497 : (   28,   13) : (  0, 8,   66) (  0, 6,   29) :    42014    42768    20484    22354      6 :   98.9  6.19e-03
 1 :        1498 : (   28,   14) : (  0, 8,   66) (  0, 6,   31) :    42014    42768    22355    24605      6 :   98.9  6.82e-03
 1 :        1499 : (   28,   15) : (  0, 8,   66) (  0, 6,   32) :    42014    42768    24606    25765      6 :   98.7  4.52e-03
 1 :        1500 : (   28,   16) : (  0, 8,   66) (  0, 7,   19) :    42014    42768    25766    27455      8 :   98.5  6.43e-03
 1 :        1501 : (   28,   17) : (  0, 8,   66) (  0, 7,   20) :    42014    42768    27456    28389      8 :   98.1  4.44e-03
 1 :        1502 : (   28,   18) : (  0, 8,   66) (  0, 7,   25) :    42014    42768    28390    30099      7 :   98.7  6.10e-03
 1 :        1503 : (   28,   19) : (  0, 8,   66) (  0, 7,   26) :    42014    42768    30100    31020      6 :   98.6  3.84e-03
 0 :        1504 : (   28,   20) : (  0, 8,   66) (  0, 7,   35) :    42014    42768    31021    32680      0 :    0.0  1.99e-01
 1 :        1505 : (   28,   21) : (  0, 8,   66) (  0, 7,   40) :    42014    42768    32681    34410      8 :   98.5  6.84e-03
 1 :        1506 : (   28,   22) : (  0, 8,   66) (  0, 7,   41) :    42014    42768    34411    36062      9 :   98.3  6.86e-03
 1 :        1507 : (   28,   23) : (  0, 8,   66) (  0, 7,   46) :    42014    42768    36063    37795      7 :   98.7  6.16e-03
 1 :        1508 : (   28,   24) : (  0, 8,   66) (  0, 7,   50) :    42014    42768    37796    38258      6 :   97.9  2.89e-03
 1 :        1509 : (   28,   25) : (  0, 8,   66) (  0, 7,   59) :    42014    42768    38259    39857      6 :   98.8  4.99e-03
 1 :        1510 : (   28,   26) : (  0, 8,   66) (  0, 7,   60) :    42014    42768    39858    40314      6 :   97.9  2.77e-03
 0 :        1511 : (   28,   27) : (  0, 8,   66) (  0, 8,   65) :    42014    42768    40315    42013      0 :    0.0  2.03e-01
 0 :        1512 : (   28,   28) : (  0, 8,   66) (  0, 8,   66) :    42014    42768    42014    42768      0 :    0.0  8.08e-02
 0 :        1513 : (   28,   29) : (  0, 8,   66) (  0, 8,   67) :    42014    42768    42769    43712      0 :    0.0  1.01e-01
 0 :        1514 : (   28,   30) : (  0, 8,   66) (  0, 8,   68) :    42014    42768    43713    45403      0 :    0.0  1.79e-01
 0 :        1515 : (   28,   31) : (  0, 8,   66) (  0, 8,   71) :    42014    42768    45404    47057      0 :    0.0  1.75e-01
 1 :        1516 : (   28,   32) : (  0, 8,   66) (  0, 8,   72) :    42014    42768    47058    49013     11 :   98.0  8.69e-03
 1 :        1517 : (   28,   33) : (  0, 8,   66) (  0, 8,   73) :    42014    42768    49014    49752      9 :   97.6  4.14e-03
 1 :        1518 : (   28,   34) : (  0, 8,   66) (  0, 8,   74) :    42014    42768    49753    51606     10 :   98.1  7.44e-03
 1 :        1519 : (   28,   35) : (  0, 8,   66) (  0, 8,   75) :    42014    42768    51607    53340      8 :   98.5  6.39e-03
 1 :        1520 : (   28,   36) : (  0, 8,   66) (  0, 8,   76) :    42014    42768    53341    54448      8 :   98.2  4.93e-03
 1 :        1521 : (   28,   37) : (  0, 8,   66) (  0, 8,   77) :    42014    42768    54449    56151     10 :   98.1  7.19e-03
 1 :        1522 : (   28,   38) : (  0, 8,   66) (  0, 8,   78) :    42014    42768    56152    58105      8 :   98.5  6.97e-03
 1 :        1523 : (   28,   39) : (  0, 8,   66) (  0, 8,   83) :    42014    42768    58106    60074      9 :   98.4  7.74e-03
 1 :        1524 : (   28,   40) : (  0, 8,   66) (  0, 8,   84) :    42014    42768    60075    61735      8 :   98.5  6.23e-03
 1 :        1525 : (   28,   41) : (  0, 8,   66) (  0, 8,   85) :    42014    42768    61736    62505      6 :   98.4  3.55e-03
 1 :        1526 : (   28,   42) : (  0, 8,   66) (  0, 8,   86) :    42014    42768    62506    64201      6 :   98.9  5.22e-03
 1 :        1527 : (   28,   43) : (  0, 8,   66) (  0, 8,   87) :    42014    42768    64202    65898      6 :   98.9  5.51e-03
 1 :        1528 : (   28,   44) : (  0, 8,   66) (  0, 8,   88) :    42014    42768    65899    66838      6 :   98.6  3.75e-03
 1 :        1529 : (   28,   45) : (  0, 8,   66) (  0, 8,   89) :    42014    42768    66839    68824      9 :   98.4  7.44e-03
 1 :        1530 : (   28,   46) : (  0, 8,   66) (  0, 8,   90) :    42014    42768    68825    70511      7 :   98.7  5.91e-03
 1 :        1531 : (   28,   47) : (  0, 8,   66) (  0, 8,   93) :    42014    42768    70512    72369      6 :   98.9  5.78e-03
 1 :        1532 : (   28,   48) : (  0, 8,   66) (  0, 8,   94) :    42014    42768    72370    73108      6 :   98.4  3.51e-03
 1 :        1533 : (   28,   49) : (  0, 8,   66) (  0, 8,   95) :    42014    42768    73109    74219      6 :   98.7  4.00e-03
 1 :        1534 : (   28,   50) : (  0, 8,   66) (  0, 8,   96) :    42014    42768    74220    76059      6 :   98.9  5.60e-03
 1 :        1535 : (   28,   51) : (  0, 8,   66) (  0, 8,   97) :    42014    42768    76060    77572      6 :   98.8  5.13e-03
 1 :        1536 : (   28,   52) : (  0, 8,   66) (  0, 8,   98) :    42014    42768    77573    77654      5 :   93.2  1.96e-03
 1 :        1537 : (   29,    0) : (  0, 8,   67) (  0, 5,    1) :    42769    43712        0     1752      7 :   98.9  6.25e-03
 1 :        1538 : (   29,    1) : (  0, 8,   67) (  0, 5,    2) :    42769    43712     1753     2514      6 :   98.6  4.04e-03
 1 :        1539 : (   29,    2) : (  0, 8,   67) (  0, 5,    3) :    42769    43712     2515     4234      7 :   98.9  9.88e-03
 1 :        1540 : (   29,    3) : (  0, 8,   67) (  0, 5,    4) :    42769    43712     4235     4987      6 :   98.6  8.85e-03
 1 :        1541 : (   29,    4) : (  0, 8,   67) (  0, 6,    9) :    42769    43712     4988     6868     10 :   98.4  1.28e-02
 1 :        1542 : (   29,    5) : (  0, 8,   67) (  0, 6,   11) :    42769    43712     6869     8218     11 :   98.0  7.14e-03
 1 :        1543 : (   29,    6) : (  0, 8,   67) (  0, 6,   12) :    42769    43712     8219    10055     10 :   98.4  1.51e-02
 1 :        1544 : (   29,    7) : (  0, 8,   67) (  0, 6,   14) :    42769    43712    10056    11954      7 :   98.9  8.90e-03
 1 :        1545 : (   29,    8) : (  0, 8,   67) (  0, 6,   15) :    42769    43712    11955    13812      8 :   98.7  7.48e-03
 1 :        1546 : (   29,    9) : (  0, 8,   67) (  0, 6,   16) :    42769    43712    13813    15162      8 :   98.6  6.05e-03
 1 :        1547 : (   29,   10) : (  0, 8,   67) (  0, 6,   26) :    42769    43712    15163    17042      9 :   98.6  7.97e-03
 1 :        1548 : (   29,   11) : (  0, 8,   67) (  0, 6,   27) :    42769    43712    17043    18216      8 :   98.5  5.47e-03
 1 :        1549 : (   29,   12) : (  0, 8,   67) (  0, 6,   28) :    42769    43712    18217    20483      7 :   98.9  7.54e-03
 1 :        1550 : (   29,   13) : (  0, 8,   67) (  0, 6,   29) :    42769    43712    20484    22354      7 :   98.9  7.01e-03
 1 :        1551 : (   29,   14) : (  0, 8,   67) (  0, 6,   31) :    42769    43712    22355    24605      7 :   98.9  7.73e-03
 1 :        1552 : (   29,   15) : (  0, 8,   67) (  0, 6,   32) :    42769    43712    24606    25765      7 :   98.7  5.25e-03
 1 :        1553 : (   29,   16) : (  0, 8,   67) (  0, 7,   19) :    42769    43712    25766    27455      7 :   98.8  6.35e-03
 1 :        1554 : (   29,   17) : (  0, 8,   67) (  0, 7,   20) :    42769    43712    27456    28389      8 :   98.3  4.97e-03
 1 :        1555 : (   29,   18) : (  0, 8,   67) (  0, 7,   25) :    42769    43712    28390    30099      7 :   98.8  6.39e-03
 1 :        1556 : (   29,   19) : (  0, 8,   67) (  0, 7,   26) :    42769    43712    30100    31020      7 :   98.5  4.55e-03
 1 :        1557 : (   29,   20) : (  0, 8,   67) (  0, 7,   35) :    42769    43712    31021    32680     11 :   98.2  8.11e-03
 1 :        1558 : (   29,   21) : (  0, 8,   67) (  0, 7,   40) :    42769    43712    32681    34410     10 :   98.4  7.98e-03
 1 :        1559 : (   29,   22) : (  0, 8,   67) (  0, 7,   41) :    42769    43712    34411    36062      7 :   98.8  6.14e-03
 1 :        1560 : (   29,   23) : (  0, 8,   67) (  0, 7,   46) :    42769    43712    36063    37795      8 :   98.7  7.00e-03
 1 :        1561 : (   29,   24) : (  0, 8,   67) (  0, 7,   50) :    42769    43712    37796    38258      8 :   97.4  3.68e-03
 1 :        1562 : (   29,   25) : (  0, 8,   67) (  0, 7,   59) :    42769    43712    38259    39857      7 :   98.8  5.82e-03
 1 :        1563 : (   29,   26) : (  0, 8,   67) (  0, 7,   60) :    42769    43712    39858    40314      6 :   98.1  3.08e-03
 0 :        1564 : (   29,   27) : (  0, 8,   67) (  0, 8,   65) :    42769    43712    40315    42013      0 :    0.0  2.23e-01
 0 :        1565 : (   29,   28) : (  0, 8,   67) (  0, 8,   66) :    42769    43712    42014    42768      0 :    0.0  1.00e-01
 0 :        1566 : (   29,   29) : (  0, 8,   67) (  0, 8,   67) :    42769    43712    42769    43712      0 :    0.0  1.24e-01
 0 :        1567 : (   29,   30) : (  0, 8,   67) (  0, 8,   68) :    42769    43712    43713    45403      0 :    0.0  2.67e-01
 1 :        1568 : (   29,   31) : (  0, 8,   67) (  0, 8,   71) :    42769    43712    45404    47057     12 :   98.0  9.05e-03
 1 :        1569 : (   29,   32) : (  0, 8,   67) (  0, 8,   72) :    42769    43712    47058    49013     10 :   98.4  8.65e-03
 0 :        1570 : (   29,   33) : (  0, 8,   67) (  0, 8,   73) :    42769    43712    49014    49752      0 :    0.0  9.80e-02
 0 :        1571 : (   29,   34) : (  0, 8,   67) (  0, 8,   74) :    42769    43712    49753    51606      0 :    0.0  2.43e-01
 1 :        1572 : (   29,   35) : (  0, 8,   67) (  0, 8,   75) :    42769    43712    51607    53340     12 :   98.0  8.93e-03
 1 :        1573 : (   29,   36) : (  0, 8,   67) (  0, 8,   76) :    42769    43712    53341    54448     10 :   98.0  6.13e-03
 1 :        1574 : (   29,   37) : (  0, 8,   67) (  0, 8,   77) :    42769    43712    54449    56151     12 :   98.0  8.51e-03
 1 :        1575 : (   29,   38) : (  0, 8,   67) (  0, 8,   78) :    42769    43712    56152    58105     10 :   98.4  8.39e-03
 1 :        1576 : (   29,   39) : (  0, 8,   67) (  0, 8,   83) :    42769    43712    58106    60074      8 :   98.7  7.56e-03
 1 :        1577 : (   29,   40) : (  0, 8,   67) (  0, 8,   84) :    42769    43712    60075    61735      7 :   98.8  6.29e-03
 1 :        1578 : (   29,   41) : (  0, 8,   67) (  0, 8,   85) :    42769    43712    61736    62505      6 :   98.6  3.97e-03
 1 :        1579 : (   29,   42) : (  0, 8,   67) (  0, 8,   86) :    42769    43712    62506    64201      7 :   98.8  6.18e-03
 1 :        1580 : (   29,   43) : (  0, 8,   67) (  0, 8,   87) :    42769    43712    64202    65898      7 :   98.8  6.42e-03
 1 :        1581 : (   29,   44) : (  0, 8,   67) (  0, 8,   88) :    42769    43712    65899    66838      7 :   98.5  4.50e-03
 1 :        1582 : (   29,   45) : (  0, 8,   67) (  0, 8,   89) :    42769    43712    66839    68824      9 :   98.6  8.19e-03
 1 :        1583 : (   29,   46) : (  0, 8,   67) (  0, 8,   90) :    42769    43712    68825    70511      7 :   98.8  6.37e-03
 1 :        1584 : (   29,   47) : (  0, 8,   67) (  0, 8,   93) :    42769    43712    70512    72369      7 :   98.9  6.64e-03
 1 :        1585 : (   29,   48) : (  0, 8,   67) (  0, 8,   94) :    42769    43712    72370    73108      6 :   98.6  3.84e-03
 1 :        1586 : (   29,   49) : (  0, 8,   67) (  0, 8,   95) :    42769    43712    73109    74219      7 :   98.6  4.81e-03
 1 :        1587 : (   29,   50) : (  0, 8,   67) (  0, 8,   96) :    42769    43712    74220    76059      7 :   98.9  6.40e-03
 1 :        1588 : (   29,   51) : (  0, 8,   67) (  0, 8,   97) :    42769    43712    76060    77572     10 :   98.3  7.40e-03
 1 :        1589 : (   29,   52) : (  0, 8,   67) (  0, 8,   98) :    42769    43712    77573    77654      7 :   90.7  2.58e-03
 1 :        1590 : (   30,    0) : (  0, 8,   68) (  0, 5,    1) :    43713    45403        0     1752      9 :   99.0  9.56e-03
 1 :        1591 : (   30,    1) : (  0, 8,   68) (  0, 5,    2) :    43713    45403     1753     2514      7 :   98.7  6.23e-03
 1 :        1592 : (   30,    2) : (  0, 8,   68) (  0, 5,    3) :    43713    45403     2515     4234      9 :   98.9  9.22e-03
 1 :        1593 : (   30,    3) : (  0, 8,   68) (  0, 5,    4) :    43713    45403     4235     4987      7 :   98.7  6.09e-03
 1 :        1594 : (   30,    4) : (  0, 8,   68) (  0, 6,    9) :    43713    45403     4988     6868     11 :   98.8  1.14e-02
 1 :        1595 : (   30,    5) : (  0, 8,   68) (  0, 6,   11) :    43713    45403     6869     8218     14 :   98.1  1.09e-02
 1 :        1596 : (   30,    6) : (  0, 8,   68) (  0, 6,   12) :    43713    45403     8219    10055     15 :   98.3  1.38e-02
 1 :        1597 : (   30,    7) : (  0, 8,   68) (  0, 6,   14) :    43713    45403    10056    11954     10 :   98.9  1.05e-02
 1 :        1598 : (   30,    8) : (  0, 8,   68) (  0, 6,   15) :    43713    45403    11955    13812     11 :   98.8  1.13e-02
 1 :        1599 : (   30,    9) : (  0, 8,   68) (  0, 6,   16) :    43713    45403    13813    15162     10 :   98.7  9.03e-03
 1 :        1600 : (   30,   10) : (  0, 8,   68) (  0, 6,   26) :    43713    45403    15163    17042     12 :   98.7  1.21e-02
 1 :        1601 : (   30,   11) : (  0, 8,   68) (  0, 6,   27) :    43713    45403    17043    18216      9 :   98.7  7.92e-03
 1 :        1602 : (   30,   12) : (  0, 8,   68) (  0, 6,   28) :    43713    45403    18217    20483     10 :   99.0  1.19e-02
 1 :        1603 : (   30,   13) : (  0, 8,   68) (  0, 6,   29) :    43713    45403    20484    22354     11 :   98.8  1.10e-02
 1 :        1604 : (   30,   14) : (  0, 8,   68) (  0, 6,   31) :    43713    45403    22355    24605      9 :   99.1  1.10e-02
 1 :        1605 : (   30,   15) : (  0, 8,   68) (  0, 6,   32) :    43713    45403    24606    25765      8 :   98.8  7.43e-03
 1 :        1606 : (   30,   16) : (  0, 8,   68) (  0, 7,   19) :    43713    45403    25766    27455     11 :   98.7  1.07e-02
 1 :        1607 : (   30,   17) : (  0, 8,   68) (  0, 7,   20) :    43713    45403    27456    28389      9 :   98.5  7.40e-03
 1 :        1608 : (   30,   18) : (  0, 8,   68) (  0, 7,   25) :    43713    45403    28390    30099     10 :   98.8  1.03e-02
 1 :        1609 : (   30,   19) : (  0, 8,   68) (  0, 7,   26) :    43713    45403    30100    31020      8 :   98.7  6.94e-03
 0 :        1610 : (   30,   20) : (  0, 8,   68) (  0, 7,   35) :    43713    45403    31021    32680      0 :    0.0  4.25e-01
 1 :        1611 : (   30,   21) : (  0, 8,   68) (  0, 7,   40) :    43713    45403    32681    34410     13 :   98.5  1.28e-02
 1 :        1612 : (   30,   22) : (  0, 8,   68) (  0, 7,   41) :    43713    45403    34411    36062     11 :   98.7  1.06e-02
 1 :        1613 : (   30,   23) : (  0, 8,   68) (  0, 7,   46) :    43713    45403    36063    37795     11 :   98.7  1.09e-02
 1 :        1614 : (   30,   24) : (  0, 8,   68) (  0, 7,   50) :    43713    45403    37796    38258      8 :   97.8  5.80e-03
 1 :        1615 : (   30,   25) : (  0, 8,   68) (  0, 7,   59) :    43713    45403    38259    39857      9 :   98.9  8.86e-03
 1 :        1616 : (   30,   26) : (  0, 8,   68) (  0, 7,   60) :    43713    45403    39858    40314      7 :   98.1  5.33e-03
 0 :        1617 : (   30,   27) : (  0, 8,   68) (  0, 8,   65) :    43713    45403    40315    42013      0 :    0.0  4.37e-01
 0 :        1618 : (   30,   28) : (  0, 8,   68) (  0, 8,   66) :    43713    45403    42014    42768      0 :    0.0  1.84e-01
 0 :        1619 : (   30,   29) : (  0, 8,   68) (  0, 8,   67) :    43713    45403    42769    43712      0 :    0.0  2.52e-01
 0 :        1620 : (   30,   30) : (  0, 8,   68) (  0, 8,   68) :    43713    45403    43713    45403      0 :    0.0  4.32e-01
 0 :        1621 : (   30,   31) : (  0, 8,   68) (  0, 8,   71) :    43713    45403    45404    47057      0 :    0.0  3.99e-01
 1 :        1622 : (   30,   32) : (  0, 8,   68) (  0, 8,   72) :    43713    45403    47058    49013     16 :   98.2  1.54e-02
 0 :        1623 : (   30,   33) : (  0, 8,   68) (  0, 8,   73) :    43713    45403    49014    49752      0 :    0.0  1.80e-01
 0 :        1624 : (   30,   34) : (  0, 8,   68) (  0, 8,   74) :    43713    45403    49753    51606      0 :    0.0  4.72e-01
 1 :        1625 : (   30,   35) : (  0, 8,   68) (  0, 8,   75) :    43713    45403    51607    53340     13 :   98.5  1.24e-02
 1 :        1626 : (   30,   36) : (  0, 8,   68) (  0, 8,   76) :    43713    45403    53341    54448     11 :   98.4  8.93e-03
 0 :        1627 : (   30,   37) : (  0, 8,   68) (  0, 8,   77) :    43713    45403    54449    56151      0 :    0.0  4.58e-01
 1 :        1628 : (   30,   38) : (  0, 8,   68) (  0, 8,   78) :    43713    45403    56152    58105     14 :   98.5  1.40e-02
 1 :        1629 : (   30,   39) : (  0, 8,   68) (  0, 8,   83) :    43713    45403    58106    60074     12 :   98.7  1.24e-02
 1 :        1630 : (   30,   40) : (  0, 8,   68) (  0, 8,   84) :    43713    45403    60075    61735     11 :   98.7  1.06e-02
 1 :        1631 : (   30,   41) : (  0, 8,   68) (  0, 8,   85) :    43713    45403    61736    62505      6 :   98.9  5.78e-03
 1 :        1632 : (   30,   42) : (  0, 8,   68) (  0, 8,   86) :    43713    45403    62506    64201     10 :   98.8  9.88e-03
 1 :        1633 : (   30,   43) : (  0, 8,   68) (  0, 8,   87) :    43713    45403    64202    65898     11 :   98.7  1.08e-02
 1 :        1634 : (   30,   44) : (  0, 8,   68) (  0, 8,   88) :    43713    45403    65899    66838      7 :   98.8  6.36e-03
 1 :        1635 : (   30,   45) : (  0, 8,   68) (  0, 8,   89) :    43713    45403    66839    68824     11 :   98.8  1.15e-02
 1 :        1636 : (   30,   46) : (  0, 8,   68) (  0, 8,   90) :    43713    45403    68825    70511     11 :   98.7  1.07e-02
 1 :        1637 : (   30,   47) : (  0, 8,   68) (  0, 8,   93) :    43713    45403    70512    72369     11 :   98.8  1.12e-02
 1 :        1638 : (   30,   48) : (  0, 8,   68) (  0, 8,   94) :    43713    45403    72370    73108      6 :   98.8  5.64e-03
 1 :        1639 : (   30,   49) : (  0, 8,   68) (  0, 8,   95) :    43713    45403    73109    74219      7 :   99.0  6.76e-03
 1 :        1640 : (   30,   50) : (  0, 8,   68) (  0, 8,   96) :    43713    45403    74220    76059      9 :   99.0  9.51e-03
 1 :        1641 : (   30,   51) : (  0, 8,   68) (  0, 8,   97) :    43713    45403    76060    77572     10 :   98.7  9.67e-03
 1 :        1642 : (   30,   52) : (  0, 8,   68) (  0, 8,   98) :    43713    45403    77573    77654      7 :   91.0  4.43e-03
 1 :        1643 : (   31,    0) : (  0, 8,   71) (  0, 5,    1) :    45404    47057        0     1752     10 :   98.8  1.01e-02
 1 :        1644 : (   31,    1) : (  0, 8,   71) (  0, 5,    2) :    45404    47057     1753     2514      8 :   98.5  6.67e-03
 1 :        1645 : (   31,    2) : (  0, 8,   71) (  0, 5,    3) :    45404    47057     2515     4234      9 :   98.9  9.11e-03
 1 :        1646 : (   31,    3) : (  0, 8,   71) (  0, 5,    4) :    45404    47057     4235     4987      7 :   98.6  6.06e-03
 1 :        1647 : (   31,    4) : (  0, 8,   71) (  0, 6,    9) :    45404    47057     4988     6868     11 :   98.8  1.08e-02
 1 :        1648 : (   31,    5) : (  0, 8,   71) (  0, 6,   11) :    45404    47057     6869     8218     13 :   98.3  1.04e-02
 1 :        1649 : (   31,    6) : (  0, 8,   71) (  0, 6,   12) :    45404    47057     8219    10055     15 :   98.3  1.36e-02
 1 :        1650 : (   31,    7) : (  0, 8,   71) (  0, 6,   14) :    45404    47057    10056    11954      9 :   99.0  9.75e-03
 1 :        1651 : (   31,    8) : (  0, 8,   71) (  0, 6,   15) :    45404    47057    11955    13812     13 :   98.5  1.25e-02
 1 :        1652 : (   31,    9) : (  0, 8,   71) (  0, 6,   16) :    45404    47057    13813    15162     10 :   98.7  8.92e-03
 1 :        1653 : (   31,   10) : (  0, 8,   71) (  0, 6,   26) :    45404    47057    15163    17042     12 :   98.6  1.19e-02
 1 :        1654 : (   31,   11) : (  0, 8,   71) (  0, 6,   27) :    45404    47057    17043    18216      9 :   98.7  7.81e-03
 1 :        1655 : (   31,   12) : (  0, 8,   71) (  0, 6,   28) :    45404    47057    18217    20483     10 :   99.0  1.13e-02
 1 :        1656 : (   31,   13) : (  0, 8,   71) (  0, 6,   29) :    45404    47057    20484    22354     12 :   98.6  1.20e-02
 1 :        1657 : (   31,   14) : (  0, 8,   71) (  0, 6,   31) :    45404    47057    22355    24605     10 :   99.0  1.16e-02
 1 :        1658 : (   31,   15) : (  0, 8,   71) (  0, 6,   32) :    45404    47057    24606    25765      7 :   99.0  6.86e-03
 1 :        1659 : (   31,   16) : (  0, 8,   71) (  0, 7,   19) :    45404    47057    25766    27455     10 :   98.8  9.88e-03
 1 :        1660 : (   31,   17) : (  0, 8,   71) (  0, 7,   20) :    45404    47057    27456    28389      9 :   98.5  7.29e-03
 1 :        1661 : (   31,   18) : (  0, 8,   71) (  0, 7,   25) :    45404    47057    28390    30099     10 :   98.8  1.01e-02
 1 :        1662 : (   31,   19) : (  0, 8,   71) (  0, 7,   26) :    45404    47057    30100    31020      8 :   98.6  6.79e-03
 0 :        1663 : (   31,   20) : (  0, 8,   71) (  0, 7,   35) :    45404    47057    31021    32680      0 :    0.0  3.88e-01
 1 :        1664 : (   31,   21) : (  0, 8,   71) (  0, 7,   40) :    45404    47057    32681    34410     14 :   98.3  2.26e-02
 1 :        1665 : (   31,   22) : (  0, 8,   71) (  0, 7,   41) :    45404    47057    34411    36062     12 :   98.5  1.81e-02
 1 :        1666 : (   31,   23) : (  0, 8,   71) (  0, 7,   46) :    45404    47057    36063    37795     11 :   98.7  1.27e-02
 1 :        1667 : (   31,   24) : (  0, 8,   71) (  0, 7,   50) :    45404    47057    37796    38258      8 :   97.8  5.85e-03
 1 :        1668 : (   31,   25) : (  0, 8,   71) (  0, 7,   59) :    45404    47057    38259    39857     10 :   98.8  9.43e-03
 1 :        1669 : (   31,   26) : (  0, 8,   71) (  0, 7,   60) :    45404    47057    39858    40314      7 :   98.0  5.30e-03
 1 :        1670 : (   31,   27) : (  0, 8,   71) (  0, 8,   65) :    45404    47057    40315    42013     13 :   98.4  1.14e-02
 0 :        1671 : (   31,   28) : (  0, 8,   71) (  0, 8,   66) :    45404    47057    42014    42768      0 :    0.0  1.76e-01
 1 :        1672 : (   31,   29) : (  0, 8,   71) (  0, 8,   67) :    45404    47057    42769    43712     13 :   97.8  8.93e-03
 0 :        1673 : (   31,   30) : (  0, 8,   71) (  0, 8,   68) :    45404    47057    43713    45403      0 :    0.0  3.91e-01
 0 :        1674 : (   31,   31) : (  0, 8,   71) (  0, 8,   71) :    45404    47057    45404    47057      0 :    0.0  4.31e-01
 0 :        1675 : (   31,   32) : (  0, 8,   71) (  0, 8,   72) :    45404    47057    47058    49013      0 :    0.0  4.53e-01
 1 :        1676 : (   31,   33) : (  0, 8,   71) (  0, 8,   73) :    45404    47057    49014    49752     11 :   97.8  7.88e-03
 0 :        1677 : (   31,   34) : (  0, 8,   71) (  0, 8,   74) :    45404    47057    49753    51606      0 :    0.0  4.55e-01
 1 :        1678 : (   31,   35) : (  0, 8,   71) (  0, 8,   75) :    45404    47057    51607    53340     12 :   98.6  1.16e-02
 1 :        1679 : (   31,   36) : (  0, 8,   71) (  0, 8,   76) :    45404    47057    53341    54448     11 :   98.3  8.77e-03
 0 :        1680 : (   31,   37) : (  0, 8,   71) (  0, 8,   77) :    45404    47057    54449    56151      0 :    0.0  4.09e-01
 0 :        1681 : (   31,   38) : (  0, 8,   71) (  0, 8,   78) :    45404    47057    56152    58105      0 :    0.0  4.62e-01
 1 :        1682 : (   31,   39) : (  0, 8,   71) (  0, 8,   83) :    45404    47057    58106    60074     15 :   98.3  1.44e-02
 1 :        1683 : (   31,   40) : (  0, 8,   71) (  0, 8,   84) :    45404    47057    60075    61735     12 :   98.6  1.10e-02
 1 :        1684 : (   31,   41) : (  0, 8,   71) (  0, 8,   85) :    45404    47057    61736    62505      8 :   98.5  6.46e-03
 1 :        1685 : (   31,   42) : (  0, 8,   71) (  0, 8,   86) :    45404    47057    62506    64201      9 :   98.9  9.05e-03
 1 :        1686 : (   31,   43) : (  0, 8,   71) (  0, 8,   87) :    45404    47057    64202    65898     12 :   98.6  1.13e-02
 1 :        1687 : (   31,   44) : (  0, 8,   71) (  0, 8,   88) :    45404    47057    65899    66838      8 :   98.7  6.68e-03
 1 :        1688 : (   31,   45) : (  0, 8,   71) (  0, 8,   89) :    45404    47057    66839    68824     14 :   98.4  1.33e-02
 1 :        1689 : (   31,   46) : (  0, 8,   71) (  0, 8,   90) :    45404    47057    68825    70511     11 :   98.7  1.05e-02
 1 :        1690 : (   31,   47) : (  0, 8,   71) (  0, 8,   93) :    45404    47057    70512    72369     11 :   98.7  1.09e-02
 1 :        1691 : (   31,   48) : (  0, 8,   71) (  0, 8,   94) :    45404    47057    72370    73108      6 :   98.8  5.51e-03
 1 :        1692 : (   31,   49) : (  0, 8,   71) (  0, 8,   95) :    45404    47057    73109    74219      7 :   98.9  1.56e-02
 1 :        1693 : (   31,   50) : (  0, 8,   71) (  0, 8,   96) :    45404    47057    74220    76059      9 :   99.0  1.40e-02
 1 :        1694 : (   31,   51) : (  0, 8,   71) (  0, 8,   97) :    45404    47057    76060    77572     11 :   98.6  1.34e-02
 1 :        1695 : (   31,   52) : (  0, 8,   71) (  0, 8,   98) :    45404    47057    77573    77654      7 :   91.0  8.50e-03
 1 :        1696 : (   32,    0) : (  0, 8,   72) (  0, 5,    1) :    47058    49013        0     1752      9 :   99.0  1.22e-02
 1 :        1697 : (   32,    1) : (  0, 8,   72) (  0, 5,    2) :    47058    49013     1753     2514      7 :   98.7  7.20e-03
 1 :        1698 : (   32,    2) : (  0, 8,   72) (  0, 5,    3) :    47058    49013     2515     4234      9 :   99.0  1.00e-02
 1 :        1699 : (   32,    3) : (  0, 8,   72) (  0, 5,    4) :    47058    49013     4235     4987      7 :   98.7  6.84e-03
 1 :        1700 : (   32,    4) : (  0, 8,   72) (  0, 6,    9) :    47058    49013     4988     6868     11 :   98.9  1.19e-02
 1 :        1701 : (   32,    5) : (  0, 8,   72) (  0, 6,   11) :    47058    49013     6869     8218     11 :   98.6  1.04e-02
 1 :        1702 : (   32,    6) : (  0, 8,   72) (  0, 6,   12) :    47058    49013     8219    10055     14 :   98.5  1.42e-02
 1 :        1703 : (   32,    7) : (  0, 8,   72) (  0, 6,   14) :    47058    49013    10056    11954     10 :   99.0  1.14e-02
 1 :        1704 : (   32,    8) : (  0, 8,   72) (  0, 6,   15) :    47058    49013    11955    13812     14 :   98.5  1.44e-02
 1 :        1705 : (   32,    9) : (  0, 8,   72) (  0, 6,   16) :    47058    49013    13813    15162     11 :   98.6  1.05e-02
 1 :        1706 : (   32,   10) : (  0, 8,   72) (  0, 6,   26) :    47058    49013    15163    17042     12 :   98.7  1.32e-02
 1 :        1707 : (   32,   11) : (  0, 8,   72) (  0, 6,   27) :    47058    49013    17043    18216      7 :   99.0  7.64e-03
 1 :        1708 : (   32,   12) : (  0, 8,   72) (  0, 6,   28) :    47058    49013    18217    20483     11 :   99.0  1.38e-02
 1 :        1709 : (   32,   13) : (  0, 8,   72) (  0, 6,   29) :    47058    49013    20484    22354     12 :   98.7  2.38e-02
 1 :        1710 : (   32,   14) : (  0, 8,   72) (  0, 6,   31) :    47058    49013    22355    24605     11 :   98.9  1.39e-02
 1 :        1711 : (   32,   15) : (  0, 8,   72) (  0, 6,   32) :    47058    49013    24606    25765      8 :   98.9  1.50e-02
 1 :        1712 : (   32,   16) : (  0, 8,   72) (  0, 7,   19) :    47058    49013    25766    27455     11 :   98.8  1.44e-02
 1 :        1713 : (   32,   17) : (  0, 8,   72) (  0, 7,   20) :    47058    49013    27456    28389      9 :   98.6  8.30e-03
 1 :        1714 : (   32,   18) : (  0, 8,   72) (  0, 7,   25) :    47058    49013    28390    30099     10 :   98.9  1.11e-02
 1 :        1715 : (   32,   19) : (  0, 8,   72) (  0, 7,   26) :    47058    49013    30100    31020      9 :   98.6  8.13e-03
 0 :        1716 : (   32,   20) : (  0, 8,   72) (  0, 7,   35) :    47058    49013    31021    32680      0 :    0.0  4.96e-01
 1 :        1717 : (   32,   21) : (  0, 8,   72) (  0, 7,   40) :    47058    49013    32681    34410     13 :   98.6  1.33e-02
 0 :        1718 : (   32,   22) : (  0, 8,   72) (  0, 7,   41) :    47058    49013    34411    36062      0 :    0.0  5.19e-01
 1 :        1719 : (   32,   23) : (  0, 8,   72) (  0, 7,   46) :    47058    49013    36063    37795     13 :   98.6  1.36e-02
 1 :        1720 : (   32,   24) : (  0, 8,   72) (  0, 7,   50) :    47058    49013    37796    38258      8 :   97.9  6.67e-03
 1 :        1721 : (   32,   25) : (  0, 8,   72) (  0, 7,   59) :    47058    49013    38259    39857     10 :   98.9  1.04e-02
 1 :        1722 : (   32,   26) : (  0, 8,   72) (  0, 7,   60) :    47058    49013    39858    40314      7 :   98.1  5.99e-03
 1 :        1723 : (   32,   27) : (  0, 8,   72) (  0, 8,   65) :    47058    49013    40315    42013     11 :   98.8  1.12e-02
 1 :        1724 : (   32,   28) : (  0, 8,   72) (  0, 8,   66) :    47058    49013    42014    42768     11 :   98.0  8.73e-03
 1 :        1725 : (   32,   29) : (  0, 8,   72) (  0, 8,   67) :    47058    49013    42769    43712     10 :   98.4  8.43e-03
 1 :        1726 : (   32,   30) : (  0, 8,   72) (  0, 8,   68) :    47058    49013    43713    45403     14 :   98.5  1.34e-02
 0 :        1727 : (   32,   31) : (  0, 8,   72) (  0, 8,   71) :    47058    49013    45404    47057      0 :    0.0  5.19e-01
 0 :        1728 : (   32,   32) : (  0, 8,   72) (  0, 8,   72) :    47058    49013    47058    49013      0 :    0.0  6.07e-01
 1 :        1729 : (   32,   33) : (  0, 8,   72) (  0, 8,   73) :    47058    49013    49014    49752      8 :   98.5  7.57e-03
 1 :        1730 : (   32,   34) : (  0, 8,   72) (  0, 8,   74) :    47058    49013    49753    51606     14 :   98.5  1.39e-02
 1 :        1731 : (   32,   35) : (  0, 8,   72) (  0, 8,   75) :    47058    49013    51607    53340     11 :   98.8  1.15e-02
 1 :        1732 : (   32,   36) : (  0, 8,   72) (  0, 8,   76) :    47058    49013    53341    54448      9 :   98.7  8.63e-03
 0 :        1733 : (   32,   37) : (  0, 8,   72) (  0, 8,   77) :    47058    49013    54449    56151      0 :    0.0  5.34e-01
 0 :        1734 : (   32,   38) : (  0, 8,   72) (  0, 8,   78) :    47058    49013    56152    58105      0 :    0.0  6.16e-01
 0 :        1735 : (   32,   39) : (  0, 8,   72) (  0, 8,   83) :    47058    49013    58106    60074      0 :    0.0  6.13e-01
 1 :        1736 : (   32,   40) : (  0, 8,   72) (  0, 8,   84) :    47058    49013    60075    61735     15 :   98.3  1.47e-02
 1 :        1737 : (   32,   41) : (  0, 8,   72) (  0, 8,   85) :    47058    49013    61736    62505      9 :   98.4  8.04e-03
 1 :        1738 : (   32,   42) : (  0, 8,   72) (  0, 8,   86) :    47058    49013    62506    64201     10 :   98.9  1.08e-02
 1 :        1739 : (   32,   43) : (  0, 8,   72) (  0, 8,   87) :    47058    49013    64202    65898     12 :   98.7  1.24e-02
 1 :        1740 : (   32,   44) : (  0, 8,   72) (  0, 8,   88) :    47058    49013    65899    66838      9 :   98.6  8.05e-03
 0 :        1741 : (   32,   45) : (  0, 8,   72) (  0, 8,   89) :    47058    49013    66839    68824      0 :    0.0  5.93e-01
 1 :        1742 : (   32,   46) : (  0, 8,   72) (  0, 8,   90) :    47058    49013    68825    70511     14 :   98.5  1.39e-02
 1 :        1743 : (   32,   47) : (  0, 8,   72) (  0, 8,   93) :    47058    49013    70512    72369     12 :   98.7  1.82e-02
 1 :        1744 : (   32,   48) : (  0, 8,   72) (  0, 8,   94) :    47058    49013    72370    73108      7 :   98.7  1.18e-02
 1 :        1745 : (   32,   49) : (  0, 8,   72) (  0, 8,   95) :    47058    49013    73109    74219      9 :   98.7  1.16e-02
 1 :        1746 : (   32,   50) : (  0, 8,   72) (  0, 8,   96) :    47058    49013    74220    76059     12 :   98.7  2.15e-02
 1 :        1747 : (   32,   51) : (  0, 8,   72) (  0, 8,   97) :    47058    49013    76060    77572      9 :   98.9  1.02e-02
 1 :        1748 : (   32,   52) : (  0, 8,   72) (  0, 8,   98) :    47058    49013    77573    77654      7 :   91.1  5.16e-03
 1 :        1749 : (   33,    0) : (  0, 8,   73) (  0, 5,    1) :    49014    49752        0     1752      6 :   98.8  5.85e-03
 1 :        1750 : (   33,    1) : (  0, 8,   73) (  0, 5,    2) :    49014    49752     1753     2514      6 :   98.4  7.40e-03
 1 :        1751 : (   33,    2) : (  0, 8,   73) (  0, 5,    3) :    49014    49752     2515     4234      6 :   98.8  1.50e-02
 1 :        1752 : (   33,    3) : (  0, 8,   73) (  0, 5,    4) :    49014    49752     4235     4987      6 :   98.4  3.92e-03
 1 :        1753 : (   33,    4) : (  0, 8,   73) (  0, 6,    9) :    49014    49752     4988     6868      7 :   98.7  1.29e-02
 1 :        1754 : (   33,    5) : (  0, 8,   73) (  0, 6,   11) :    49014    49752     6869     8218      8 :   98.3  7.69e-03
 1 :        1755 : (   33,    6) : (  0, 8,   73) (  0, 6,   12) :    49014    49752     8219    10055      8 :   98.5  7.00e-03
 1 :        1756 : (   33,    7) : (  0, 8,   73) (  0, 6,   14) :    49014    49752    10056    11954      6 :   98.9  5.91e-03
 1 :        1757 : (   33,    8) : (  0, 8,   73) (  0, 6,   15) :    49014    49752    11955    13812      6 :   98.9  6.02e-03
 1 :        1758 : (   33,    9) : (  0, 8,   73) (  0, 6,   16) :    49014    49752    13813    15162      6 :   98.7  4.84e-03
 1 :        1759 : (   33,   10) : (  0, 8,   73) (  0, 6,   26) :    49014    49752    15163    17042     10 :   98.1  7.98e-03
 1 :        1760 : (   33,   11) : (  0, 8,   73) (  0, 6,   27) :    49014    49752    17043    18216      8 :   98.2  4.94e-03
 1 :        1761 : (   33,   12) : (  0, 8,   73) (  0, 6,   28) :    49014    49752    18217    20483      6 :   98.9  6.45e-03
 1 :        1762 : (   33,   13) : (  0, 8,   73) (  0, 6,   29) :    49014    49752    20484    22354      7 :   98.7  6.58e-03
 1 :        1763 : (   33,   14) : (  0, 8,   73) (  0, 6,   31) :    49014    49752    22355    24605      6 :   98.9  6.68e-03
 1 :        1764 : (   33,   15) : (  0, 8,   73) (  0, 6,   32) :    49014    49752    24606    25765      6 :   98.7  4.46e-03
 1 :        1765 : (   33,   16) : (  0, 8,   73) (  0, 7,   19) :    49014    49752    25766    27455      6 :   98.8  5.43e-03
 1 :        1766 : (   33,   17) : (  0, 8,   73) (  0, 7,   20) :    49014    49752    27456    28389      6 :   98.5  3.82e-03
 1 :        1767 : (   33,   18) : (  0, 8,   73) (  0, 7,   25) :    49014    49752    28390    30099      6 :   98.8  5.53e-03
 1 :        1768 : (   33,   19) : (  0, 8,   73) (  0, 7,   26) :    49014    49752    30100    31020      6 :   98.5  3.75e-03
 1 :        1769 : (   33,   20) : (  0, 8,   73) (  0, 7,   35) :    49014    49752    31021    32680      8 :   98.4  6.19e-03
 1 :        1770 : (   33,   21) : (  0, 8,   73) (  0, 7,   40) :    49014    49752    32681    34410     10 :   98.1  7.40e-03
 1 :        1771 : (   33,   22) : (  0, 8,   73) (  0, 7,   41) :    49014    49752    34411    36062      7 :   98.6  5.81e-03
 1 :        1772 : (   33,   23) : (  0, 8,   73) (  0, 7,   46) :    49014    49752    36063    37795      7 :   98.6  6.05e-03
 1 :        1773 : (   33,   24) : (  0, 8,   73) (  0, 7,   50) :    49014    49752    37796    38258      8 :   97.2  3.14e-03
 1 :        1774 : (   33,   25) : (  0, 8,   73) (  0, 7,   59) :    49014    49752    38259    39857      6 :   98.8  4.94e-03
 1 :        1775 : (   33,   26) : (  0, 8,   73) (  0, 7,   60) :    49014    49752    39858    40314      6 :   97.9  2.79e-03
 1 :        1776 : (   33,   27) : (  0, 8,   73) (  0, 8,   65) :    49014    49752    40315    42013     10 :   98.1  6.93e-03
 1 :        1777 : (   33,   28) : (  0, 8,   73) (  0, 8,   66) :    49014    49752    42014    42768      9 :   97.6  4.11e-03
 0 :        1778 : (   33,   29) : (  0, 8,   73) (  0, 8,   67) :    49014    49752    42769    43712      0 :    0.0  9.74e-02
 0 :        1779 : (   33,   30) : (  0, 8,   73) (  0, 8,   68) :    49014    49752    43713    45403      0 :    0.0  1.74e-01
 1 :        1780 : (   33,   31) : (  0, 8,   73) (  0, 8,   71) :    49014    49752    45404    47057     10 :   98.0  6.93e-03
 1 :        1781 : (   33,   32) : (  0, 8,   73) (  0, 8,   72) :    49014    49752    47058    49013      9 :   98.3  7.54e-03
 0 :        1782 : (   33,   33) : (  0, 8,   73) (  0, 8,   73) :    49014    49752    49014    49752      0 :    0.0  7.65e-02
 0 :        1783 : (   33,   34) : (  0, 8,   73) (  0, 8,   74) :    49014    49752    49753    51606      0 :    0.0  1.92e-01
 0 :        1784 : (   33,   35) : (  0, 8,   73) (  0, 8,   75) :    49014    49752    51607    53340      0 :    0.0  1.97e-01
 0 :        1785 : (   33,   36) : (  0, 8,   73) (  0, 8,   76) :    49014    49752    53341    54448      0 :    0.0  1.15e-01
 1 :        1786 : (   33,   37) : (  0, 8,   73) (  0, 8,   77) :    49014    49752    54449    56151     12 :   97.7  7.97e-03
 1 :        1787 : (   33,   38) : (  0, 8,   73) (  0, 8,   78) :    49014    49752    56152    58105      8 :   98.5  6.94e-03
 1 :        1788 : (   33,   39) : (  0, 8,   73) (  0, 8,   83) :    49014    49752    58106    60074      7 :   98.7  6.58e-03
 1 :        1789 : (   33,   40) : (  0, 8,   73) (  0, 8,   84) :    49014    49752    60075    61735      6 :   98.8  5.31e-03
 1 :        1790 : (   33,   41) : (  0, 8,   73) (  0, 8,   85) :    49014    49752    61736    62505      6 :   98.4  3.49e-03
 1 :        1791 : (   33,   42) : (  0, 8,   73) (  0, 8,   86) :    49014    49752    62506    64201      6 :   98.8  5.11e-03
 1 :        1792 : (   33,   43) : (  0, 8,   73) (  0, 8,   87) :    49014    49752    64202    65898      6 :   98.8  5.38e-03
 1 :        1793 : (   33,   44) : (  0, 8,   73) (  0, 8,   88) :    49014    49752    65899    66838      6 :   98.5  3.74e-03
 1 :        1794 : (   33,   45) : (  0, 8,   73) (  0, 8,   89) :    49014    49752    66839    68824      7 :   98.7  6.35e-03
 1 :        1795 : (   33,   46) : (  0, 8,   73) (  0, 8,   90) :    49014    49752    68825    70511      6 :   98.8  5.49e-03
 1 :        1796 : (   33,   47) : (  0, 8,   73) (  0, 8,   93) :    49014    49752    70512    72369      6 :   98.9  5.76e-03
 1 :        1797 : (   33,   48) : (  0, 8,   73) (  0, 8,   94) :    49014    49752    72370    73108      6 :   98.4  3.37e-03
 1 :        1798 : (   33,   49) : (  0, 8,   73) (  0, 8,   95) :    49014    49752    73109    74219      6 :   98.6  3.88e-03
 1 :        1799 : (   33,   50) : (  0, 8,   73) (  0, 8,   96) :    49014    49752    74220    76059      6 :   98.9  5.39e-03
 1 :        1800 : (   33,   51) : (  0, 8,   73) (  0, 8,   97) :    49014    49752    76060    77572     11 :   97.8  7.15e-03
 1 :        1801 : (   33,   52) : (  0, 8,   73) (  0, 8,   98) :    49014    49752    77573    77654      8 :   89.2  2.21e-03
 1 :        1802 : (   34,    0) : (  0, 8,   74) (  0, 5,    1) :    49753    51606        0     1752      9 :   99.0  9.64e-03
 1 :        1803 : (   34,    1) : (  0, 8,   74) (  0, 5,    2) :    49753    51606     1753     2514      8 :   98.5  6.95e-03
 1 :        1804 : (   34,    2) : (  0, 8,   74) (  0, 5,    3) :    49753    51606     2515     4234      9 :   99.0  9.42e-03
 1 :        1805 : (   34,    3) : (  0, 8,   74) (  0, 5,    4) :    49753    51606     4235     4987      7 :   98.7  6.31e-03
 1 :        1806 : (   34,    4) : (  0, 8,   74) (  0, 6,    9) :    49753    51606     4988     6868     11 :   98.8  1.16e-02
 1 :        1807 : (   34,    5) : (  0, 8,   74) (  0, 6,   11) :    49753    51606     6869     8218     12 :   98.5  9.98e-03
 1 :        1808 : (   34,    6) : (  0, 8,   74) (  0, 6,   12) :    49753    51606     8219    10055     12 :   98.7  1.21e-02
 1 :        1809 : (   34,    7) : (  0, 8,   74) (  0, 6,   14) :    49753    51606    10056    11954      9 :   99.0  1.02e-02
 1 :        1810 : (   34,    8) : (  0, 8,   74) (  0, 6,   15) :    49753    51606    11955    13812     12 :   98.7  1.22e-02
 1 :        1811 : (   34,    9) : (  0, 8,   74) (  0, 6,   16) :    49753    51606    13813    15162     10 :   98.7  9.30e-03
 1 :        1812 : (   34,   10) : (  0, 8,   74) (  0, 6,   26) :    49753    51606    15163    17042     14 :   98.5  1.38e-02
 1 :        1813 : (   34,   11) : (  0, 8,   74) (  0, 6,   27) :    49753    51606    17043    18216      9 :   98.7  1.23e-02
 1 :        1814 : (   34,   12) : (  0, 8,   74) (  0, 6,   28) :    49753    51606    18217    20483     11 :   98.9  2.27e-02
 1 :        1815 : (   34,   13) : (  0, 8,   74) (  0, 6,   29) :    49753    51606    20484    22354     11 :   98.8  1.49e-02
 1 :        1816 : (   34,   14) : (  0, 8,   74) (  0, 6,   31) :    49753    51606    22355    24605     11 :   98.9  1.89e-02
 1 :        1817 : (   34,   15) : (  0, 8,   74) (  0, 6,   32) :    49753    51606    24606    25765      8 :   98.9  8.23e-03
 1 :        1818 : (   34,   16) : (  0, 8,   74) (  0, 7,   19) :    49753    51606    25766    27455     10 :   98.9  1.05e-02
 1 :        1819 : (   34,   17) : (  0, 8,   74) (  0, 7,   20) :    49753    51606    27456    28389      9 :   98.6  7.75e-03
 1 :        1820 : (   34,   18) : (  0, 8,   74) (  0, 7,   25) :    49753    51606    28390    30099     10 :   98.9  1.06e-02
 1 :        1821 : (   34,   19) : (  0, 8,   74) (  0, 7,   26) :    49753    51606    30100    31020      7 :   98.9  6.80e-03
 1 :        1822 : (   34,   20) : (  0, 8,   74) (  0, 7,   35) :    49753    51606    31021    32680     14 :   98.4  1.28e-02
 0 :        1823 : (   34,   21) : (  0, 8,   74) (  0, 7,   40) :    49753    51606    32681    34410      0 :    0.0  4.90e-01
 1 :        1824 : (   34,   22) : (  0, 8,   74) (  0, 7,   41) :    49753    51606    34411    36062     11 :   98.7  1.14e-02
 1 :        1825 : (   34,   23) : (  0, 8,   74) (  0, 7,   46) :    49753    51606    36063    37795     11 :   98.8  1.14e-02
 1 :        1826 : (   34,   24) : (  0, 8,   74) (  0, 7,   50) :    49753    51606    37796    38258      9 :   97.6  6.58e-03
 1 :        1827 : (   34,   25) : (  0, 8,   74) (  0, 7,   59) :    49753    51606    38259    39857      9 :   99.0  9.19e-03
 1 :        1828 : (   34,   26) : (  0, 8,   74) (  0, 7,   60) :    49753    51606    39858    40314      7 :   98.1  5.66e-03
 1 :        1829 : (   34,   27) : (  0, 8,   74) (  0, 8,   65) :    49753    51606    40315    42013     13 :   98.5  1.21e-02
 1 :        1830 : (   34,   28) : (  0, 8,   74) (  0, 8,   66) :    49753    51606    42014    42768     10 :   98.1  7.78e-03
 0 :        1831 : (   34,   29) : (  0, 8,   74) (  0, 8,   67) :    49753    51606    42769    43712      0 :    0.0  2.55e-01
 0 :        1832 : (   34,   30) : (  0, 8,   74) (  0, 8,   68) :    49753    51606    43713    45403      0 :    0.0  4.88e-01
 0 :        1833 : (   34,   31) : (  0, 8,   74) (  0, 8,   71) :    49753    51606    45404    47057      0 :    0.0  4.45e-01
 1 :        1834 : (   34,   32) : (  0, 8,   74) (  0, 8,   72) :    49753    51606    47058    49013     14 :   98.5  1.44e-02
 0 :        1835 : (   34,   33) : (  0, 8,   74) (  0, 8,   73) :    49753    51606    49014    49752      0 :    0.0  2.53e-01
 0 :        1836 : (   34,   34) : (  0, 8,   74) (  0, 8,   74) :    49753    51606    49753    51606      0 :    0.0  4.99e-01
 0 :        1837 : (   34,   35) : (  0, 8,   74) (  0, 8,   75) :    49753    51606    51607    53340      0 :    0.0  4.91e-01
 0 :        1838 : (   34,   36) : (  0, 8,   74) (  0, 8,   76) :    49753    51606    53341    54448      0 :    0.0  2.99e-01
 0 :        1839 : (   34,   37) : (  0, 8,   74) (  0, 8,   77) :    49753    51606    54449    56151      0 :    0.0  4.82e-01
 1 :        1840 : (   34,   38) : (  0, 8,   74) (  0, 8,   78) :    49753    51606    56152    58105     15 :   98.4  1.50e-02
 1 :        1841 : (   34,   39) : (  0, 8,   74) (  0, 8,   83) :    49753    51606    58106    60074     12 :   98.7  1.28e-02
 1 :        1842 : (   34,   40) : (  0, 8,   74) (  0, 8,   84) :    49753    51606    60075    61735     11 :   98.7  1.08e-02
 1 :        1843 : (   34,   41) : (  0, 8,   74) (  0, 8,   85) :    49753    51606    61736    62505      7 :   98.7  6.44e-03
 1 :        1844 : (   34,   42) : (  0, 8,   74) (  0, 8,   86) :    49753    51606    62506    64201     10 :   98.9  1.01e-02
 1 :        1845 : (   34,   43) : (  0, 8,   74) (  0, 8,   87) :    49753    51606    64202    65898     10 :   98.9  1.05e-02
 1 :        1846 : (   34,   44) : (  0, 8,   74) (  0, 8,   88) :    49753    51606    65899    66838      7 :   98.9  6.71e-03
 1 :        1847 : (   34,   45) : (  0, 8,   74) (  0, 8,   89) :    49753    51606    66839    68824     12 :   98.7  1.25e-02
 1 :        1848 : (   34,   46) : (  0, 8,   74) (  0, 8,   90) :    49753    51606    68825    70511     11 :   98.8  1.10e-02
 1 :        1849 : (   34,   47) : (  0, 8,   74) (  0, 8,   93) :    49753    51606    70512    72369     11 :   98.8  1.16e-02
 1 :        1850 : (   34,   48) : (  0, 8,   74) (  0, 8,   94) :    49753    51606    72370    73108      6 :   98.9  5.91e-03
 1 :        1851 : (   34,   49) : (  0, 8,   74) (  0, 8,   95) :    49753    51606    73109    74219      9 :   98.7  8.00e-03
 1 :        1852 : (   34,   50) : (  0, 8,   74) (  0, 8,   96) :    49753    51606    74220    76059      9 :   99.0  9.88e-03
 1 :        1853 : (   34,   51) : (  0, 8,   74) (  0, 8,   97) :    49753    51606    76060    77572     12 :   98.6  1.12e-02
 1 :        1854 : (   34,   52) : (  0, 8,   74) (  0, 8,   98) :    49753    51606    77573    77654      9 :   88.5  5.45e-03
 1 :        1855 : (   35,    0) : (  0, 8,   75) (  0, 5,    1) :    51607    53340        0     1752      9 :   99.0  9.69e-03
 1 :        1856 : (   35,    1) : (  0, 8,   75) (  0, 5,    2) :    51607    53340     1753     2514      6 :   98.9  5.96e-03
 1 :        1857 : (   35,    2) : (  0, 8,   75) (  0, 5,    3) :    51607    53340     2515     4234      9 :   99.0  9.38e-03
 1 :        1858 : (   35,    3) : (  0, 8,   75) (  0, 5,    4) :    51607    53340     4235     4987      6 :   98.9  5.77e-03
 1 :        1859 : (   35,    4) : (  0, 8,   75) (  0, 6,    9) :    51607    53340     4988     6868      9 :   99.0  9.80e-03
 1 :        1860 : (   35,    5) : (  0, 8,   75) (  0, 6,   11) :    51607    53340     6869     8218     10 :   98.7  9.01e-03
 1 :        1861 : (   35,    6) : (  0, 8,   75) (  0, 6,   12) :    51607    53340     8219    10055     10 :   98.9  1.05e-02
 1 :        1862 : (   35,    7) : (  0, 8,   75) (  0, 6,   14) :    51607    53340    10056    11954      9 :   99.0  1.00e-02
 1 :        1863 : (   35,    8) : (  0, 8,   75) (  0, 6,   15) :    51607    53340    11955    13812      9 :   99.0  1.01e-02
 1 :        1864 : (   35,    9) : (  0, 8,   75) (  0, 6,   16) :    51607    53340    13813    15162      8 :   98.9  8.06e-03
 1 :        1865 : (   35,   10) : (  0, 8,   75) (  0, 6,   26) :    51607    53340    15163    17042     15 :   98.3  1.43e-02
 1 :        1866 : (   35,   11) : (  0, 8,   75) (  0, 6,   27) :    51607    53340    17043    18216     10 :   98.6  8.55e-03
 1 :        1867 : (   35,   12) : (  0, 8,   75) (  0, 6,   28) :    51607    53340    18217    20483     12 :   98.8  1.29e-02
 1 :        1868 : (   35,   13) : (  0, 8,   75) (  0, 6,   29) :    51607    53340    20484    22354     11 :   98.8  1.15e-02
 1 :        1869 : (   35,   14) : (  0, 8,   75) (  0, 6,   31) :    51607    53340    22355    24605      9 :   99.1  1.10e-02
 1 :        1870 : (   35,   15) : (  0, 8,   75) (  0, 6,   32) :    51607    53340    24606    25765      7 :   99.0  7.07e-03
 1 :        1871 : (   35,   16) : (  0, 8,   75) (  0, 7,   19) :    51607    53340    25766    27455      9 :   98.9  9.60e-03
 1 :        1872 : (   35,   17) : (  0, 8,   75) (  0, 7,   20) :    51607    53340    27456    28389      7 :   98.8  1.04e-02
 1 :        1873 : (   35,   18) : (  0, 8,   75) (  0, 7,   25) :    51607    53340    28390    30099      9 :   99.0  1.84e-02
 1 :        1874 : (   35,   19) : (  0, 8,   75) (  0, 7,   26) :    51607    53340    30100    31020      7 :   98.8  7.15e-03
 1 :        1875 : (   35,   20) : (  0, 8,   75) (  0, 7,   35) :    51607    53340    31021    32680     11 :   98.7  1.90e-02
 1 :        1876 : (   35,   21) : (  0, 8,   75) (  0, 7,   40) :    51607    53340    32681    34410     15 :   98.3  1.39e-02
 1 :        1877 : (   35,   22) : (  0, 8,   75) (  0, 7,   41) :    51607    53340    34411    36062      9 :   98.9  2.17e-02
 1 :        1878 : (   35,   23) : (  0, 8,   75) (  0, 7,   46) :    51607    53340    36063    37795     11 :   98.7  1.21e-02
 1 :        1879 : (   35,   24) : (  0, 8,   75) (  0, 7,   50) :    51607    53340    37796    38258     11 :   97.0  1.44e-02
 1 :        1880 : (   35,   25) : (  0, 8,   75) (  0, 7,   59) :    51607    53340    38259    39857      8 :   99.0  1.01e-02
 1 :        1881 : (   35,   26) : (  0, 8,   75) (  0, 7,   60) :    51607    53340    39858    40314      6 :   98.3  5.17e-03
 1 :        1882 : (   35,   27) : (  0, 8,   75) (  0, 8,   65) :    51607    53340    40315    42013     12 :   98.6  1.11e-02
 1 :        1883 : (   35,   28) : (  0, 8,   75) (  0, 8,   66) :    51607    53340    42014    42768      8 :   98.5  6.60e-03
 1 :        1884 : (   35,   29) : (  0, 8,   75) (  0, 8,   67) :    51607    53340    42769    43712     12 :   98.0  8.64e-03
 1 :        1885 : (   35,   30) : (  0, 8,   75) (  0, 8,   68) :    51607    53340    43713    45403     14 :   98.4  1.25e-02
 1 :        1886 : (   35,   31) : (  0, 8,   75) (  0, 8,   71) :    51607    53340    45404    47057     12 :   98.6  1.11e-02
 1 :        1887 : (   35,   32) : (  0, 8,   75) (  0, 8,   72) :    51607    53340    47058    49013     12 :   98.7  1.24e-02
 0 :        1888 : (   35,   33) : (  0, 8,   75) (  0, 8,   73) :    51607    53340    49014    49752      0 :    0.0  1.87e-01
 0 :        1889 : (   35,   34) : (  0, 8,   75) (  0, 8,   74) :    51607    53340    49753    51606      0 :    0.0  4.65e-01
 0 :        1890 : (   35,   35) : (  0, 8,   75) (  0, 8,   75) :    51607    53340    51607    53340      0 :    0.0  4.58e-01
 0 :        1891 : (   35,   36) : (  0, 8,   75) (  0, 8,   76) :    51607    53340    53341    54448      0 :    0.0  2.79e-01
 1 :        1892 : (   35,   37) : (  0, 8,   75) (  0, 8,   77) :    51607    53340    54449    56151     14 :   98.4  1.25e-02
 1 :        1893 : (   35,   38) : (  0, 8,   75) (  0, 8,   78) :    51607    53340    56152    58105     12 :   98.7  1.21e-02
 1 :        1894 : (   35,   39) : (  0, 8,   75) (  0, 8,   83) :    51607    53340    58106    60074     10 :   98.9  1.10e-02
 1 :        1895 : (   35,   40) : (  0, 8,   75) (  0, 8,   84) :    51607    53340    60075    61735     10 :   98.8  9.97e-03
 1 :        1896 : (   35,   41) : (  0, 8,   75) (  0, 8,   85) :    51607    53340    61736    62505      6 :   98.9  5.81e-03
 1 :        1897 : (   35,   42) : (  0, 8,   75) (  0, 8,   86) :    51607    53340    62506    64201      9 :   99.0  9.26e-03
 1 :        1898 : (   35,   43) : (  0, 8,   75) (  0, 8,   87) :    51607    53340    64202    65898      9 :   99.0  9.58e-03
 1 :        1899 : (   35,   44) : (  0, 8,   75) (  0, 8,   88) :    51607    53340    65899    66838      7 :   98.9  6.41e-03
 1 :        1900 : (   35,   45) : (  0, 8,   75) (  0, 8,   89) :    51607    53340    66839    68824     11 :   98.8  1.15e-02
 1 :        1901 : (   35,   46) : (  0, 8,   75) (  0, 8,   90) :    51607    53340    68825    70511      9 :   98.9  1.97e-02
 1 :        1902 : (   35,   47) : (  0, 8,   75) (  0, 8,   93) :    51607    53340    70512    72369      9 :   99.0  1.35e-02
 1 :        1903 : (   35,   48) : (  0, 8,   75) (  0, 8,   94) :    51607    53340    72370    73108      6 :   98.8  5.84e-03
 1 :        1904 : (   35,   49) : (  0, 8,   75) (  0, 8,   95) :    51607    53340    73109    74219      7 :   99.0  6.84e-03
 1 :        1905 : (   35,   50) : (  0, 8,   75) (  0, 8,   96) :    51607    53340    74220    76059      9 :   99.0  1.83e-02
 0 :        1906 : (   35,   51) : (  0, 8,   75) (  0, 8,   97) :    51607    53340    76060    77572      0 :    0.0  4.05e-01
 0 :        1907 : (   35,   52) : (  0, 8,   75) (  0, 8,   98) :    51607    53340    77573    77654      0 :    0.0  2.33e-02
 1 :        1908 : (   36,    0) : (  0, 8,   76) (  0, 5,    1) :    53341    54448        0     1752      7 :   99.0  7.22e-03
 1 :        1909 : (   36,    1) : (  0, 8,   76) (  0, 5,    2) :    53341    54448     1753     2514      6 :   98.7  4.85e-03
 1 :        1910 : (   36,    2) : (  0, 8,   76) (  0, 5,    3) :    53341    54448     2515     4234      7 :   99.0  6.73e-03
 1 :        1911 : (   36,    3) : (  0, 8,   76) (  0, 5,    4) :    53341    54448     4235     4987      6 :   98.7  4.43e-03
 1 :        1912 : (   36,    4) : (  0, 8,   76) (  0, 6,    9) :    53341    54448     4988     6868      7 :   99.0  7.05e-03
 1 :        1913 : (   36,    5) : (  0, 8,   76) (  0, 6,   11) :    53341    54448     6869     8218      9 :   98.5  6.96e-03
 1 :        1914 : (   36,    6) : (  0, 8,   76) (  0, 6,   12) :    53341    54448     8219    10055      9 :   98.7  8.27e-03
 1 :        1915 : (   36,    7) : (  0, 8,   76) (  0, 6,   14) :    53341    54448    10056    11954      7 :   99.0  7.20e-03
 1 :        1916 : (   36,    8) : (  0, 8,   76) (  0, 6,   15) :    53341    54448    11955    13812      7 :   99.0  7.46e-03
 1 :        1917 : (   36,    9) : (  0, 8,   76) (  0, 6,   16) :    53341    54448    13813    15162      7 :   98.8  6.15e-03
 0 :        1918 : (   36,   10) : (  0, 8,   76) (  0, 6,   26) :    53341    54448    15163    17042      0 :    0.0  3.13e-01
 1 :        1919 : (   36,   11) : (  0, 8,   76) (  0, 6,   27) :    53341    54448    17043    18216      9 :   98.4  6.95e-03
 1 :        1920 : (   36,   12) : (  0, 8,   76) (  0, 6,   28) :    53341    54448    18217    20483      9 :   98.8  9.35e-03
 1 :        1921 : (   36,   13) : (  0, 8,   76) (  0, 6,   29) :    53341    54448    20484    22354      9 :   98.7  8.71e-03
 1 :        1922 : (   36,   14) : (  0, 8,   76) (  0, 6,   31) :    53341    54448    22355    24605      8 :   98.9  8.89e-03
 1 :        1923 : (   36,   15) : (  0, 8,   76) (  0, 6,   32) :    53341    54448    24606    25765      7 :   98.8  5.71e-03
 1 :        1924 : (   36,   16) : (  0, 8,   76) (  0, 7,   19) :    53341    54448    25766    27455      7 :   99.0  6.88e-03
 1 :        1925 : (   36,   17) : (  0, 8,   76) (  0, 7,   20) :    53341    54448    27456    28389      7 :   98.6  5.12e-03
 1 :        1926 : (   36,   18) : (  0, 8,   76) (  0, 7,   25) :    53341    54448    28390    30099      7 :   99.0  6.97e-03
 1 :        1927 : (   36,   19) : (  0, 8,   76) (  0, 7,   26) :    53341    54448    30100    31020      7 :   98.6  5.01e-03
 1 :        1928 : (   36,   20) : (  0, 8,   76) (  0, 7,   35) :    53341    54448    31021    32680     10 :   98.5  8.21e-03
 0 :        1929 : (   36,   21) : (  0, 8,   76) (  0, 7,   40) :    53341    54448    32681    34410      0 :    0.0  2.90e-01
 1 :        1930 : (   36,   22) : (  0, 8,   76) (  0, 7,   41) :    53341    54448    34411    36062      8 :   98.8  7.53e-03
 1 :        1931 : (   36,   23) : (  0, 8,   76) (  0, 7,   46) :    53341    54448    36063    37795     10 :   98.5  8.65e-03
 1 :        1932 : (   36,   24) : (  0, 8,   76) (  0, 7,   50) :    53341    54448    37796    38258     11 :   96.6  5.01e-03
 1 :        1933 : (   36,   25) : (  0, 8,   76) (  0, 7,   59) :    53341    54448    38259    39857      8 :   98.8  6.80e-03
 1 :        1934 : (   36,   26) : (  0, 8,   76) (  0, 7,   60) :    53341    54448    39858    40314      6 :   98.1  3.59e-03
 1 :        1935 : (   36,   27) : (  0, 8,   76) (  0, 8,   65) :    53341    54448    40315    42013      9 :   98.7  7.49e-03
 1 :        1936 : (   36,   28) : (  0, 8,   76) (  0, 8,   66) :    53341    54448    42014    42768      8 :   98.2  4.94e-03
 1 :        1937 : (   36,   29) : (  0, 8,   76) (  0, 8,   67) :    53341    54448    42769    43712     10 :   98.0  5.88e-03
 1 :        1938 : (   36,   30) : (  0, 8,   76) (  0, 8,   68) :    53341    54448    43713    45403     12 :   98.2  9.19e-03
 1 :        1939 : (   36,   31) : (  0, 8,   76) (  0, 8,   71) :    53341    54448    45404    47057     11 :   98.3  8.60e-03
 1 :        1940 : (   36,   32) : (  0, 8,   76) (  0, 8,   72) :    53341    54448    47058    49013      9 :   98.7  8.56e-03
 0 :        1941 : (   36,   33) : (  0, 8,   76) (  0, 8,   73) :    53341    54448    49014    49752      0 :    0.0  1.15e-01
 0 :        1942 : (   36,   34) : (  0, 8,   76) (  0, 8,   74) :    53341    54448    49753    51606      0 :    0.0  3.10e-01
 0 :        1943 : (   36,   35) : (  0, 8,   76) (  0, 8,   75) :    53341    54448    51607    53340      0 :    0.0  2.68e-01
 0 :        1944 : (   36,   36) : (  0, 8,   76) (  0, 8,   76) :    53341    54448    53341    54448      0 :    0.0  1.71e-01
 0 :        1945 : (   36,   37) : (  0, 8,   76) (  0, 8,   77) :    53341    54448    54449    56151      0 :    0.0  2.82e-01
 1 :        1946 : (   36,   38) : (  0, 8,   76) (  0, 8,   78) :    53341    54448    56152    58105     12 :   98.3  1.35e-02
 1 :        1947 : (   36,   39) : (  0, 8,   76) (  0, 8,   83) :    53341    54448    58106    60074      9 :   98.7  8.75e-03
 1 :        1948 : (   36,   40) : (  0, 8,   76) (  0, 8,   84) :    53341    54448    60075    61735      9 :   98.6  7.70e-03
 1 :        1949 : (   36,   41) : (  0, 8,   76) (  0, 8,   85) :    53341    54448    61736    62505      6 :   98.7  4.37e-03
 1 :        1950 : (   36,   42) : (  0, 8,   76) (  0, 8,   86) :    53341    54448    62506    64201      7 :   99.0  6.56e-03
 1 :        1951 : (   36,   43) : (  0, 8,   76) (  0, 8,   87) :    53341    54448    64202    65898      7 :   99.0  6.86e-03
 1 :        1952 : (   36,   44) : (  0, 8,   76) (  0, 8,   88) :    53341    54448    65899    66838      7 :   98.6  4.95e-03
 1 :        1953 : (   36,   45) : (  0, 8,   76) (  0, 8,   89) :    53341    54448    66839    68824     10 :   98.6  9.00e-03
 1 :        1954 : (   36,   46) : (  0, 8,   76) (  0, 8,   90) :    53341    54448    68825    70511      8 :   98.8  7.26e-03
 1 :        1955 : (   36,   47) : (  0, 8,   76) (  0, 8,   93) :    53341    54448    70512    72369      8 :   98.8  7.66e-03
 1 :        1956 : (   36,   48) : (  0, 8,   76) (  0, 8,   94) :    53341    54448    72370    73108      6 :   98.6  4.23e-03
 1 :        1957 : (   36,   49) : (  0, 8,   76) (  0, 8,   95) :    53341    54448    73109    74219      7 :   98.7  5.20e-03
 1 :        1958 : (   36,   50) : (  0, 8,   76) (  0, 8,   96) :    53341    54448    74220    76059      7 :   99.0  6.76e-03
 0 :        1959 : (   36,   51) : (  0, 8,   76) (  0, 8,   97) :    53341    54448    76060    77572      0 :    0.0  2.33e-01
 0 :        1960 : (   36,   52) : (  0, 8,   76) (  0, 8,   98) :    53341    54448    77573    77654      0 :    0.0  1.42e-02
 1 :        1961 : (   37,    0) : (  0, 8,   77) (  0, 5,    1) :    54449    56151        0     1752      9 :   99.0  9.24e-03
 1 :        1962 : (   37,    1) : (  0, 8,   77) (  0, 5,    2) :    54449    56151     1753     2514      6 :   98.9  5.75e-03
 1 :        1963 : (   37,    2) : (  0, 8,   77) (  0, 5,    3) :    54449    56151     2515     4234      9 :   98.9  9.06e-03
 1 :        1964 : (   37,    3) : (  0, 8,   77) (  0, 5,    4) :    54449    56151     4235     4987      6 :   98.9  5.61e-03
 1 :        1965 : (   37,    4) : (  0, 8,   77) (  0, 6,    9) :    54449    56151     4988     6868     10 :   98.9  1.01e-02
 1 :        1966 : (   37,    5) : (  0, 8,   77) (  0, 6,   11) :    54449    56151     6869     8218     11 :   98.5  9.32e-03
 1 :        1967 : (   37,    6) : (  0, 8,   77) (  0, 6,   12) :    54449    56151     8219    10055     12 :   98.6  1.16e-02
 1 :        1968 : (   37,    7) : (  0, 8,   77) (  0, 6,   14) :    54449    56151    10056    11954      9 :   99.0  9.67e-03
 1 :        1969 : (   37,    8) : (  0, 8,   77) (  0, 6,   15) :    54449    56151    11955    13812     12 :   98.6  1.18e-02
 1 :        1970 : (   37,    9) : (  0, 8,   77) (  0, 6,   16) :    54449    56151    13813    15162     10 :   98.7  8.87e-03
 1 :        1971 : (   37,   10) : (  0, 8,   77) (  0, 6,   26) :    54449    56151    15163    17042     15 :   98.3  1.40e-02
 1 :        1972 : (   37,   11) : (  0, 8,   77) (  0, 6,   27) :    54449    56151    17043    18216     10 :   98.6  8.29e-03
 1 :        1973 : (   37,   12) : (  0, 8,   77) (  0, 6,   28) :    54449    56151    18217    20483     11 :   98.9  1.24e-02
 1 :        1974 : (   37,   13) : (  0, 8,   77) (  0, 6,   29) :    54449    56151    20484    22354     12 :   98.7  1.16e-02
 1 :        1975 : (   37,   14) : (  0, 8,   77) (  0, 6,   31) :    54449    56151    22355    24605     11 :   98.9  1.24e-02
 1 :        1976 : (   37,   15) : (  0, 8,   77) (  0, 6,   32) :    54449    56151    24606    25765      8 :   98.8  7.40e-03
 1 :        1977 : (   37,   16) : (  0, 8,   77) (  0, 7,   19) :    54449    56151    25766    27455     10 :   98.8  9.95e-03
 1 :        1978 : (   37,   17) : (  0, 8,   77) (  0, 7,   20) :    54449    56151    27456    28389      9 :   98.5  7.30e-03
 1 :        1979 : (   37,   18) : (  0, 8,   77) (  0, 7,   25) :    54449    56151    28390    30099     10 :   98.8  1.62e-02
 1 :        1980 : (   37,   19) : (  0, 8,   77) (  0, 7,   26) :    54449    56151    30100    31020      7 :   98.8  1.26e-02
 1 :        1981 : (   37,   20) : (  0, 8,   77) (  0, 7,   35) :    54449    56151    31021    32680     14 :   98.3  1.39e-02
 0 :        1982 : (   37,   21) : (  0, 8,   77) (  0, 7,   40) :    54449    56151    32681    34410      0 :    0.0  4.55e-01
 1 :        1983 : (   37,   22) : (  0, 8,   77) (  0, 7,   41) :    54449    56151    34411    36062     11 :   98.7  1.08e-02
 1 :        1984 : (   37,   23) : (  0, 8,   77) (  0, 7,   46) :    54449    56151    36063    37795     15 :   98.3  1.33e-02
 1 :        1985 : (   37,   24) : (  0, 8,   77) (  0, 7,   50) :    54449    56151    37796    38258      8 :   97.8  5.81e-03
 1 :        1986 : (   37,   25) : (  0, 8,   77) (  0, 7,   59) :    54449    56151    38259    39857     10 :   98.8  9.36e-03
 1 :        1987 : (   37,   26) : (  0, 8,   77) (  0, 7,   60) :    54449    56151    39858    40314      7 :   98.1  5.24e-03
 1 :        1988 : (   37,   27) : (  0, 8,   77) (  0, 8,   65) :    54449    56151    40315    42013     13 :   98.5  1.15e-02
 1 :        1989 : (   37,   28) : (  0, 8,   77) (  0, 8,   66) :    54449    56151    42014    42768     10 :   98.1  7.34e-03
 1 :        1990 : (   37,   29) : (  0, 8,   77) (  0, 8,   67) :    54449    56151    42769    43712     11 :   98.2  7.94e-03
 0 :        1991 : (   37,   30) : (  0, 8,   77) (  0, 8,   68) :    54449    56151    43713    45403      0 :    0.0  4.37e-01
 0 :        1992 : (   37,   31) : (  0, 8,   77) (  0, 8,   71) :    54449    56151    45404    47057      0 :    0.0  4.27e-01
 0 :        1993 : (   37,   32) : (  0, 8,   77) (  0, 8,   72) :    54449    56151    47058    49013      0 :    0.0  5.01e-01
 1 :        1994 : (   37,   33) : (  0, 8,   77) (  0, 8,   73) :    54449    56151    49014    49752     12 :   97.7  8.63e-03
 0 :        1995 : (   37,   34) : (  0, 8,   77) (  0, 8,   74) :    54449    56151    49753    51606      0 :    0.0  4.53e-01
 1 :        1996 : (   37,   35) : (  0, 8,   77) (  0, 8,   75) :    54449    56151    51607    53340     13 :   98.5  1.21e-02
 0 :        1997 : (   37,   36) : (  0, 8,   77) (  0, 8,   76) :    54449    56151    53341    54448      0 :    0.0  3.08e-01
 0 :        1998 : (   37,   37) : (  0, 8,   77) (  0, 8,   77) :    54449    56151    54449    56151      0 :    0.0  4.15e-01
 0 :        1999 : (   37,   38) : (  0, 8,   77) (  0, 8,   78) :    54449    56151    56152    58105      0 :    0.0  5.02e-01
 1 :        2000 : (   37,   39) : (  0, 8,   77) (  0, 8,   83) :    54449    56151    58106    60074     14 :   98.5  1.39e-02
 1 :        2001 : (   37,   40) : (  0, 8,   77) (  0, 8,   84) :    54449    56151    60075    61735     11 :   98.7  1.05e-02
 1 :        2002 : (   37,   41) : (  0, 8,   77) (  0, 8,   85) :    54449    56151    61736    62505      8 :   98.5  6.64e-03
 1 :        2003 : (   37,   42) : (  0, 8,   77) (  0, 8,   86) :    54449    56151    62506    64201     10 :   98.8  9.73e-03
 1 :        2004 : (   37,   43) : (  0, 8,   77) (  0, 8,   87) :    54449    56151    64202    65898     11 :   98.7  1.07e-02
 1 :        2005 : (   37,   44) : (  0, 8,   77) (  0, 8,   88) :    54449    56151    65899    66838      7 :   98.8  6.30e-03
 1 :        2006 : (   37,   45) : (  0, 8,   77) (  0, 8,   89) :    54449    56151    66839    68824     16 :   98.3  1.48e-02
 1 :        2007 : (   37,   46) : (  0, 8,   77) (  0, 8,   90) :    54449    56151    68825    70511     12 :   98.6  1.11e-02
 1 :        2008 : (   37,   47) : (  0, 8,   77) (  0, 8,   93) :    54449    56151    70512    72369     10 :   98.9  1.04e-02
 1 :        2009 : (   37,   48) : (  0, 8,   77) (  0, 8,   94) :    54449    56151    72370    73108      7 :   98.6  6.04e-03
 1 :        2010 : (   37,   49) : (  0, 8,   77) (  0, 8,   95) :    54449    56151    73109    74219      8 :   98.8  7.10e-03
 1 :        2011 : (   37,   50) : (  0, 8,   77) (  0, 8,   96) :    54449    56151    74220    76059     10 :   98.9  1.01e-02
 1 :        2012 : (   37,   51) : (  0, 8,   77) (  0, 8,   97) :    54449    56151    76060    77572     11 :   98.6  1.01e-02
 1 :        2013 : (   37,   52) : (  0, 8,   77) (  0, 8,   98) :    54449    56151    77573    77654      9 :   88.5  4.98e-03
 1 :        2014 : (   38,    0) : (  0, 8,   78) (  0, 5,    1) :    56152    58105        0     1752     10 :   98.9  1.09e-02
 1 :        2015 : (   38,    1) : (  0, 8,   78) (  0, 5,    2) :    56152    58105     1753     2514      7 :   98.7  6.92e-03
 1 :        2016 : (   38,    2) : (  0, 8,   78) (  0, 5,    3) :    56152    58105     2515     4234      9 :   99.0  9.86e-03
 1 :        2017 : (   38,    3) : (  0, 8,   78) (  0, 5,    4) :    56152    58105     4235     4987      6 :   98.9  6.22e-03
 1 :        2018 : (   38,    4) : (  0, 8,   78) (  0, 6,    9) :    56152    58105     4988     6868     10 :   99.0  1.10e-02
 1 :        2019 : (   38,    5) : (  0, 8,   78) (  0, 6,   11) :    56152    58105     6869     8218     11 :   98.6  1.02e-02
 1 :        2020 : (   38,    6) : (  0, 8,   78) (  0, 6,   12) :    56152    58105     8219    10055     12 :   98.7  1.25e-02
 1 :        2021 : (   38,    7) : (  0, 8,   78) (  0, 6,   14) :    56152    58105    10056    11954     10 :   99.0  1.12e-02
 1 :        2022 : (   38,    8) : (  0, 8,   78) (  0, 6,   15) :    56152    58105    11955    13812     12 :   98.7  1.28e-02
 1 :        2023 : (   38,    9) : (  0, 8,   78) (  0, 6,   16) :    56152    58105    13813    15162     10 :   98.7  9.71e-03
 1 :        2024 : (   38,   10) : (  0, 8,   78) (  0, 6,   26) :    56152    58105    15163    17042     16 :   98.3  1.57e-02
 1 :        2025 : (   38,   11) : (  0, 8,   78) (  0, 6,   27) :    56152    58105    17043    18216      8 :   98.9  8.02e-03
 1 :        2026 : (   38,   12) : (  0, 8,   78) (  0, 6,   28) :    56152    58105    18217    20483     12 :   98.9  1.41e-02
 1 :        2027 : (   38,   13) : (  0, 8,   78) (  0, 6,   29) :    56152    58105    20484    22354     13 :   98.6  1.32e-02
 1 :        2028 : (   38,   14) : (  0, 8,   78) (  0, 6,   31) :    56152    58105    22355    24605     11 :   98.9  1.31e-02
 1 :        2029 : (   38,   15) : (  0, 8,   78) (  0, 6,   32) :    56152    58105    24606    25765      9 :   98.8  8.61e-03
 1 :        2030 : (   38,   16) : (  0, 8,   78) (  0, 7,   19) :    56152    58105    25766    27455     10 :   98.9  1.08e-02
 1 :        2031 : (   38,   17) : (  0, 8,   78) (  0, 7,   20) :    56152    58105    27456    28389      9 :   98.6  8.03e-03
 1 :        2032 : (   38,   18) : (  0, 8,   78) (  0, 7,   25) :    56152    58105    28390    30099     10 :   98.9  1.09e-02
 1 :        2033 : (   38,   19) : (  0, 8,   78) (  0, 7,   26) :    56152    58105    30100    31020      8 :   98.7  7.47e-03
 1 :        2034 : (   38,   20) : (  0, 8,   78) (  0, 7,   35) :    56152    58105    31021    32680     15 :   98.3  1.40e-02
 0 :        2035 : (   38,   21) : (  0, 8,   78) (  0, 7,   40) :    56152    58105    32681    34410      0 :    0.0  5.34e-01
 1 :        2036 : (   38,   22) : (  0, 8,   78) (  0, 7,   41) :    56152    58105    34411    36062     12 :   98.7  1.24e-02
 0 :        2037 : (   38,   23) : (  0, 8,   78) (  0, 7,   46) :    56152    58105    36063    37795      0 :    0.0  5.25e-01
 1 :        2038 : (   38,   24) : (  0, 8,   78) (  0, 7,   50) :    56152    58105    37796    38258      9 :   97.6  7.28e-03
 1 :        2039 : (   38,   25) : (  0, 8,   78) (  0, 7,   59) :    56152    58105    38259    39857     11 :   98.7  1.81e-02
 1 :        2040 : (   38,   26) : (  0, 8,   78) (  0, 7,   60) :    56152    58105    39858    40314      8 :   97.8  8.43e-03
 1 :        2041 : (   38,   27) : (  0, 8,   78) (  0, 8,   65) :    56152    58105    40315    42013     12 :   98.7  1.21e-02
 1 :        2042 : (   38,   28) : (  0, 8,   78) (  0, 8,   66) :    56152    58105    42014    42768      8 :   98.5  7.16e-03
 1 :        2043 : (   38,   29) : (  0, 8,   78) (  0, 8,   67) :    56152    58105    42769    43712     10 :   98.4  8.40e-03
 1 :        2044 : (   38,   30) : (  0, 8,   78) (  0, 8,   68) :    56152    58105    43713    45403     14 :   98.5  1.34e-02
 0 :        2045 : (   38,   31) : (  0, 8,   78) (  0, 8,   71) :    56152    58105    45404    47057      0 :    0.0  4.88e-01
 0 :        2046 : (   38,   32) : (  0, 8,   78) (  0, 8,   72) :    56152    58105    47058    49013      0 :    0.0  6.01e-01
 1 :        2047 : (   38,   33) : (  0, 8,   78) (  0, 8,   73) :    56152    58105    49014    49752      8 :   98.5  7.54e-03
 1 :        2048 : (   38,   34) : (  0, 8,   78) (  0, 8,   74) :    56152    58105    49753    51606     16 :   98.3  1.51e-02
 1 :        2049 : (   38,   35) : (  0, 8,   78) (  0, 8,   75) :    56152    58105    51607    53340     11 :   98.8  1.13e-02
 1 :        2050 : (   38,   36) : (  0, 8,   78) (  0, 8,   76) :    56152    58105    53341    54448     11 :   98.4  9.56e-03
 0 :        2051 : (   38,   37) : (  0, 8,   78) (  0, 8,   77) :    56152    58105    54449    56151      0 :    0.0  5.49e-01
 0 :        2052 : (   38,   38) : (  0, 8,   78) (  0, 8,   78) :    56152    58105    56152    58105      0 :    0.0  5.75e-01
 0 :        2053 : (   38,   39) : (  0, 8,   78) (  0, 8,   83) :    56152    58105    58106    60074      0 :    0.0  6.05e-01
 1 :        2054 : (   38,   40) : (  0, 8,   78) (  0, 8,   84) :    56152    58105    60075    61735     14 :   98.4  1.36e-02
 1 :        2055 : (   38,   41) : (  0, 8,   78) (  0, 8,   85) :    56152    58105    61736    62505      8 :   98.6  7.27e-03
 1 :        2056 : (   38,   42) : (  0, 8,   78) (  0, 8,   86) :    56152    58105    62506    64201     11 :   98.8  1.11e-02
 1 :        2057 : (   38,   43) : (  0, 8,   78) (  0, 8,   87) :    56152    58105    64202    65898     12 :   98.7  1.22e-02
 1 :        2058 : (   38,   44) : (  0, 8,   78) (  0, 8,   88) :    56152    58105    65899    66838      8 :   98.7  7.40e-03
 0 :        2059 : (   38,   45) : (  0, 8,   78) (  0, 8,   89) :    56152    58105    66839    68824      0 :    0.0  6.33e-01
 1 :        2060 : (   38,   46) : (  0, 8,   78) (  0, 8,   90) :    56152    58105    68825    70511     16 :   98.2  1.55e-02
 1 :        2061 : (   38,   47) : (  0, 8,   78) (  0, 8,   93) :    56152    58105    70512    72369     12 :   98.7  1.26e-02
 1 :        2062 : (   38,   48) : (  0, 8,   78) (  0, 8,   94) :    56152    58105    72370    73108      7 :   98.7  6.68e-03
 1 :        2063 : (   38,   49) : (  0, 8,   78) (  0, 8,   95) :    56152    58105    73109    74219     10 :   98.6  8.79e-03
 1 :        2064 : (   38,   50) : (  0, 8,   78) (  0, 8,   96) :    56152    58105    74220    76059     11 :   98.8  1.16e-02
 1 :        2065 : (   38,   51) : (  0, 8,   78) (  0, 8,   97) :    56152    58105    76060    77572     10 :   98.8  1.02e-02
 1 :        2066 : (   38,   52) : (  0, 8,   78) (  0, 8,   98) :    56152    58105    77573    77654      8 :   89.8  5.38e-03
 1 :        2067 : (   39,    0) : (  0, 8,   83) (  0, 5,    1) :    58106    60074        0     1752     10 :   98.9  1.12e-02
 1 :        2068 : (   39,    1) : (  0, 8,   83) (  0, 5,    2) :    58106    60074     1753     2514      7 :   98.7  7.06e-03
 1 :        2069 : (   39,    2) : (  0, 8,   83) (  0, 5,    3) :    58106    60074     2515     4234      9 :   99.0  1.00e-02
 1 :        2070 : (   39,    3) : (  0, 8,   83) (  0, 5,    4) :    58106    60074     4235     4987      7 :   98.7  6.83e-03
 1 :        2071 : (   39,    4) : (  0, 8,   83) (  0, 6,    9) :    58106    60074     4988     6868     10 :   99.0  1.12e-02
 1 :        2072 : (   39,    5) : (  0, 8,   83) (  0, 6,   11) :    58106    60074     6869     8218     10 :   98.8  9.81e-03
 1 :        2073 : (   39,    6) : (  0, 8,   83) (  0, 6,   12) :    58106    60074     8219    10055     14 :   98.5  1.42e-02
 1 :        2074 : (   39,    7) : (  0, 8,   83) (  0, 6,   14) :    58106    60074    10056    11954     11 :   98.9  1.21e-02
 1 :        2075 : (   39,    8) : (  0, 8,   83) (  0, 6,   15) :    58106    60074    11955    13812     15 :   98.4  1.50e-02
 1 :        2076 : (   39,    9) : (  0, 8,   83) (  0, 6,   16) :    58106    60074    13813    15162     11 :   98.6  1.05e-02
 1 :        2077 : (   39,   10) : (  0, 8,   83) (  0, 6,   26) :    58106    60074    15163    17042     12 :   98.8  1.31e-02
 1 :        2078 : (   39,   11) : (  0, 8,   83) (  0, 6,   27) :    58106    60074    17043    18216      8 :   98.9  8.21e-03
 1 :        2079 : (   39,   12) : (  0, 8,   83) (  0, 6,   28) :    58106    60074    18217    20483     10 :   99.1  1.23e-02
 1 :        2080 : (   39,   13) : (  0, 8,   83) (  0, 6,   29) :    58106    60074    20484    22354     13 :   98.6  1.39e-02
 1 :        2081 : (   39,   14) : (  0, 8,   83) (  0, 6,   31) :    58106    60074    22355    24605     10 :   99.0  1.27e-02
 1 :        2082 : (   39,   15) : (  0, 8,   83) (  0, 6,   32) :    58106    60074    24606    25765      8 :   98.9  8.21e-03
 1 :        2083 : (   39,   16) : (  0, 8,   83) (  0, 7,   19) :    58106    60074    25766    27455     10 :   98.9  1.10e-02
 1 :        2084 : (   39,   17) : (  0, 8,   83) (  0, 7,   20) :    58106    60074    27456    28389      9 :   98.6  8.15e-03
 1 :        2085 : (   39,   18) : (  0, 8,   83) (  0, 7,   25) :    58106    60074    28390    30099     10 :   98.9  1.10e-02
 1 :        2086 : (   39,   19) : (  0, 8,   83) (  0, 7,   26) :    58106    60074    30100    31020      8 :   98.7  7.63e-03
 0 :        2087 : (   39,   20) : (  0, 8,   83) (  0, 7,   35) :    58106    60074    31021    32680      0 :    0.0  5.19e-01
 1 :        2088 : (   39,   21) : (  0, 8,   83) (  0, 7,   40) :    58106    60074    32681    34410     13 :   98.6  1.36e-02
 0 :        2089 : (   39,   22) : (  0, 8,   83) (  0, 7,   41) :    58106    60074    34411    36062      0 :    0.0  5.20e-01
 1 :        2090 : (   39,   23) : (  0, 8,   83) (  0, 7,   46) :    58106    60074    36063    37795     14 :   98.5  1.42e-02
 1 :        2091 : (   39,   24) : (  0, 8,   83) (  0, 7,   50) :    58106    60074    37796    38258      6 :   98.4  5.79e-03
 1 :        2092 : (   39,   25) : (  0, 8,   83) (  0, 7,   59) :    58106    60074    38259    39857     10 :   98.9  1.04e-02
 1 :        2093 : (   39,   26) : (  0, 8,   83) (  0, 7,   60) :    58106    60074    39858    40314      8 :   97.8  6.45e-03
 1 :        2094 : (   39,   27) : (  0, 8,   83) (  0, 8,   65) :    58106    60074    40315    42013     11 :   98.8  1.13e-02
 1 :        2095 : (   39,   28) : (  0, 8,   83) (  0, 8,   66) :    58106    60074    42014    42768      8 :   98.5  7.20e-03
 1 :        2096 : (   39,   29) : (  0, 8,   83) (  0, 8,   67) :    58106    60074    42769    43712      8 :   98.7  7.38e-03
 1 :        2097 : (   39,   30) : (  0, 8,   83) (  0, 8,   68) :    58106    60074    43713    45403     12 :   98.7  1.21e-02
 1 :        2098 : (   39,   31) : (  0, 8,   83) (  0, 8,   71) :    58106    60074    45404    47057     15 :   98.3  1.40e-02
 0 :        2099 : (   39,   32) : (  0, 8,   83) (  0, 8,   72) :    58106    60074    47058    49013      0 :    0.0  6.06e-01
 1 :        2100 : (   39,   33) : (  0, 8,   83) (  0, 8,   73) :    58106    60074    49014    49752      8 :   98.5  7.74e-03
 1 :        2101 : (   39,   34) : (  0, 8,   83) (  0, 8,   74) :    58106    60074    49753    51606     12 :   98.7  1.26e-02
 1 :        2102 : (   39,   35) : (  0, 8,   83) (  0, 8,   75) :    58106    60074    51607    53340     11 :   98.8  1.16e-02
 1 :        2103 : (   39,   36) : (  0, 8,   83) (  0, 8,   76) :    58106    60074    53341    54448      9 :   98.7  8.59e-03
 1 :        2104 : (   39,   37) : (  0, 8,   83) (  0, 8,   77) :    58106    60074    54449    56151     14 :   98.5  1.33e-02
 0 :        2105 : (   39,   38) : (  0, 8,   83) (  0, 8,   78) :    58106    60074    56152    58105      0 :    0.0  5.81e-01
 0 :        2106 : (   39,   39) : (  0, 8,   83) (  0, 8,   83) :    58106    60074    58106    60074      0 :    0.0  6.09e-01
 0 :        2107 : (   39,   40) : (  0, 8,   83) (  0, 8,   84) :    58106    60074    60075    61735      0 :    0.0  5.18e-01
 1 :        2108 : (   39,   41) : (  0, 8,   83) (  0, 8,   85) :    58106    60074    61736    62505     11 :   98.0  9.31e-03
 1 :        2109 : (   39,   42) : (  0, 8,   83) (  0, 8,   86) :    58106    60074    62506    64201     12 :   98.7  1.21e-02
 1 :        2110 : (   39,   43) : (  0, 8,   83) (  0, 8,   87) :    58106    60074    64202    65898     17 :   98.1  1.59e-02
 1 :        2111 : (   39,   44) : (  0, 8,   83) (  0, 8,   88) :    58106    60074    65899    66838     11 :   98.3  9.07e-03
 0 :        2112 : (   39,   45) : (  0, 8,   83) (  0, 8,   89) :    58106    60074    66839    68824      0 :    0.0  6.38e-01
 0 :        2113 : (   39,   46) : (  0, 8,   83) (  0, 8,   90) :    58106    60074    68825    70511      0 :    0.0  5.03e-01
 1 :        2114 : (   39,   47) : (  0, 8,   83) (  0, 8,   93) :    58106    60074    70512    72369     14 :   98.5  1.46e-02
 1 :        2115 : (   39,   48) : (  0, 8,   83) (  0, 8,   94) :    58106    60074    72370    73108      9 :   98.3  7.88e-03
 1 :        2116 : (   39,   49) : (  0, 8,   83) (  0, 8,   95) :    58106    60074    73109    74219     10 :   98.6  9.02e-03
 1 :        2117 : (   39,   50) : (  0, 8,   83) (  0, 8,   96) :    58106    60074    74220    76059     11 :   98.8  1.16e-02
 1 :        2118 : (   39,   51) : (  0, 8,   83) (  0, 8,   97) :    58106    60074    76060    77572      9 :   98.9  9.75e-03
 1 :        2119 : (   39,   52) : (  0, 8,   83) (  0, 8,   98) :    58106    60074    77573    77654      6 :   92.4  4.75e-03
 1 :        2120 : (   40,    0) : (  0, 8,   84) (  0, 5,    1) :    60075    61735        0     1752     10 :   98.8  1.02e-02
 1 :        2121 : (   40,    1) : (  0, 8,   84) (  0, 5,    2) :    60075    61735     1753     2514      7 :   98.7  6.21e-03
 1 :        2122 : (   40,    2) : (  0, 8,   84) (  0, 5,    3) :    60075    61735     2515     4234     10 :   98.8  9.74e-03
 1 :        2123 : (   40,    3) : (  0, 8,   84) (  0, 5,    4) :    60075    61735     4235     4987      7 :   98.6  6.13e-03
 1 :        2124 : (   40,    4) : (  0, 8,   84) (  0, 6,    9) :    60075    61735     4988     6868     10 :   98.9  1.02e-02
 1 :        2125 : (   40,    5) : (  0, 8,   84) (  0, 6,   11) :    60075    61735     6869     8218     10 :   98.7  8.82e-03
 1 :        2126 : (   40,    6) : (  0, 8,   84) (  0, 6,   12) :    60075    61735     8219    10055     13 :   98.5  1.22e-02
 1 :        2127 : (   40,    7) : (  0, 8,   84) (  0, 6,   14) :    60075    61735    10056    11954     12 :   98.6  1.16e-02
 1 :        2128 : (   40,    8) : (  0, 8,   84) (  0, 6,   15) :    60075    61735    11955    13812     14 :   98.4  1.31e-02
 1 :        2129 : (   40,    9) : (  0, 8,   84) (  0, 6,   16) :    60075    61735    13813    15162     13 :   98.3  1.05e-02
 1 :        2130 : (   40,   10) : (  0, 8,   84) (  0, 6,   26) :    60075    61735    15163    17042     12 :   98.6  1.19e-02
 1 :        2131 : (   40,   11) : (  0, 8,   84) (  0, 6,   27) :    60075    61735    17043    18216      8 :   98.8  7.35e-03
 1 :        2132 : (   40,   12) : (  0, 8,   84) (  0, 6,   28) :    60075    61735    18217    20483     10 :   99.0  2.13e-02
 1 :        2133 : (   40,   13) : (  0, 8,   84) (  0, 6,   29) :    60075    61735    20484    22354     13 :   98.5  1.64e-02
 1 :        2134 : (   40,   14) : (  0, 8,   84) (  0, 6,   31) :    60075    61735    22355    24605     10 :   99.0  1.36e-02
 1 :        2135 : (   40,   15) : (  0, 8,   84) (  0, 6,   32) :    60075    61735    24606    25765      7 :   99.0  1.21e-02
 1 :        2136 : (   40,   16) : (  0, 8,   84) (  0, 7,   19) :    60075    61735    25766    27455     10 :   98.8  1.23e-02
 1 :        2137 : (   40,   17) : (  0, 8,   84) (  0, 7,   20) :    60075    61735    27456    28389      8 :   98.7  6.92e-03
 1 :        2138 : (   40,   18) : (  0, 8,   84) (  0, 7,   25) :    60075    61735    28390    30099     11 :   98.7  1.06e-02
 1 :        2139 : (   40,   19) : (  0, 8,   84) (  0, 7,   26) :    60075    61735    30100    31020      9 :   98.5  7.23e-03
 1 :        2140 : (   40,   20) : (  0, 8,   84) (  0, 7,   35) :    60075    61735    31021    32680     14 :   98.3  1.21e-02
 1 :        2141 : (   40,   21) : (  0, 8,   84) (  0, 7,   40) :    60075    61735    32681    34410     12 :   98.6  1.13e-02
 0 :        2142 : (   40,   22) : (  0, 8,   84) (  0, 7,   41) :    60075    61735    34411    36062      0 :    0.0  3.87e-01
 1 :        2143 : (   40,   23) : (  0, 8,   84) (  0, 7,   46) :    60075    61735    36063    37795     14 :   98.3  1.26e-02
 1 :        2144 : (   40,   24) : (  0, 8,   84) (  0, 7,   50) :    60075    61735    37796    38258      7 :   98.1  5.30e-03
 1 :        2145 : (   40,   25) : (  0, 8,   84) (  0, 7,   59) :    60075    61735    38259    39857     11 :   98.6  9.86e-03
 1 :        2146 : (   40,   26) : (  0, 8,   84) (  0, 7,   60) :    60075    61735    39858    40314      9 :   97.5  5.92e-03
 1 :        2147 : (   40,   27) : (  0, 8,   84) (  0, 8,   65) :    60075    61735    40315    42013     11 :   98.7  1.02e-02
 1 :        2148 : (   40,   28) : (  0, 8,   84) (  0, 8,   66) :    60075    61735    42014    42768      8 :   98.5  6.47e-03
 1 :        2149 : (   40,   29) : (  0, 8,   84) (  0, 8,   67) :    60075    61735    42769    43712      8 :   98.7  6.54e-03
 1 :        2150 : (   40,   30) : (  0, 8,   84) (  0, 8,   68) :    60075    61735    43713    45403     11 :   98.7  1.03e-02
 1 :        2151 : (   40,   31) : (  0, 8,   84) (  0, 8,   71) :    60075    61735    45404    47057     12 :   98.6  1.08e-02
 1 :        2152 : (   40,   32) : (  0, 8,   84) (  0, 8,   72) :    60075    61735    47058    49013     15 :   98.3  1.39e-02
 1 :        2153 : (   40,   33) : (  0, 8,   84) (  0, 8,   73) :    60075    61735    49014    49752      7 :   98.6  5.90e-03
 1 :        2154 : (   40,   34) : (  0, 8,   84) (  0, 8,   74) :    60075    61735    49753    51606     12 :   98.6  1.12e-02
 1 :        2155 : (   40,   35) : (  0, 8,   84) (  0, 8,   75) :    60075    61735    51607    53340      9 :   98.9  9.27e-03
 1 :        2156 : (   40,   36) : (  0, 8,   84) (  0, 8,   76) :    60075    61735    53341    54448      8 :   98.8  7.13e-03
 1 :        2157 : (   40,   37) : (  0, 8,   84) (  0, 8,   77) :    60075    61735    54449    56151     12 :   98.6  1.08e-02
 1 :        2158 : (   40,   38) : (  0, 8,   84) (  0, 8,   78) :    60075    61735    56152    58105     14 :   98.4  1.31e-02
 0 :        2159 : (   40,   39) : (  0, 8,   84) (  0, 8,   83) :    60075    61735    58106    60074      0 :    0.0  5.07e-01
 0 :        2160 : (   40,   40) : (  0, 8,   84) (  0, 8,   84) :    60075    61735    60075    61735      0 :    0.0  3.88e-01
 0 :        2161 : (   40,   41) : (  0, 8,   84) (  0, 8,   85) :    60075    61735    61736    62505      0 :    0.0  2.05e-01
 1 :        2162 : (   40,   42) : (  0, 8,   84) (  0, 8,   86) :    60075    61735    62506    64201     16 :   98.1  1.38e-02
 0 :        2163 : (   40,   43) : (  0, 8,   84) (  0, 8,   87) :    60075    61735    64202    65898      0 :    0.0  3.97e-01
 1 :        2164 : (   40,   44) : (  0, 8,   84) (  0, 8,   88) :    60075    61735    65899    66838     13 :   97.8  9.24e-03
 0 :        2165 : (   40,   45) : (  0, 8,   84) (  0, 8,   89) :    60075    61735    66839    68824      0 :    0.0  4.88e-01
 0 :        2166 : (   40,   46) : (  0, 8,   84) (  0, 8,   90) :    60075    61735    68825    70511      0 :    0.0  3.95e-01
 0 :        2167 : (   40,   47) : (  0, 8,   84) (  0, 8,   93) :    60075    61735    70512    72369      0 :    0.0  4.59e-01
 1 :        2168 : (   40,   48) : (  0, 8,   84) (  0, 8,   94) :    60075    61735    72370    73108     10 :   98.0  7.56e-03
 1 :        2169 : (   40,   49) : (  0, 8,   84) (  0, 8,   95) :    60075    61735    73109    74219     11 :   98.3  8.65e-03
 1 :        2170 : (   40,   50) : (  0, 8,   84) (  0, 8,   96) :    60075    61735    74220    76059     11 :   98.7  1.06e-02
 1 :        2171 : (   40,   51) : (  0, 8,   84) (  0, 8,   97) :    60075    61735    76060    77572      8 :   99.0  8.28e-03
 1 :        2172 : (   40,   52) : (  0, 8,   84) (  0, 8,   98) :    60075    61735    77573    77654      6 :   92.3  4.03e-03
 1 :        2173 : (   41,    0) : (  0, 8,   85) (  0, 5,    1) :    61736    62505        0     1752      6 :   98.9  5.98e-03
 1 :        2174 : (   41,    1) : (  0, 8,   85) (  0, 5,    2) :    61736    62505     1753     2514      6 :   98.4  3.82e-03
 1 :        2175 : (   41,    2) : (  0, 8,   85) (  0, 5,    3) :    61736    62505     2515     4234      6 :   98.9  5.55e-03
 1 :        2176 : (   41,    3) : (  0, 8,   85) (  0, 5,    4) :    61736    62505     4235     4987      8 :   97.9  4.19e-03
 1 :        2177 : (   41,    4) : (  0, 8,   85) (  0, 6,    9) :    61736    62505     4988     6868      7 :   98.7  6.30e-03
 1 :        2178 : (   41,    5) : (  0, 8,   85) (  0, 6,   11) :    61736    62505     6869     8218      8 :   98.4  5.59e-03
 1 :        2179 : (   41,    6) : (  0, 8,   85) (  0, 6,   12) :    61736    62505     8219    10055      9 :   98.3  7.40e-03
 1 :        2180 : (   41,    7) : (  0, 8,   85) (  0, 6,   14) :    61736    62505    10056    11954      9 :   98.4  7.42e-03
 0 :        2181 : (   41,    8) : (  0, 8,   85) (  0, 6,   15) :    61736    62505    11955    13812      0 :    0.0  2.24e-01
 0 :        2182 : (   41,    9) : (  0, 8,   85) (  0, 6,   16) :    61736    62505    13813    15162      0 :    0.0  1.46e-01
 1 :        2183 : (   41,   10) : (  0, 8,   85) (  0, 6,   26) :    61736    62505    15163    17042      7 :   98.7  6.84e-03
 1 :        2184 : (   41,   11) : (  0, 8,   85) (  0, 6,   27) :    61736    62505    17043    18216      6 :   98.7  4.49e-03
 1 :        2185 : (   41,   12) : (  0, 8,   85) (  0, 6,   28) :    61736    62505    18217    20483      6 :   99.0  6.68e-03
 1 :        2186 : (   41,   13) : (  0, 8,   85) (  0, 6,   29) :    61736    62505    20484    22354      8 :   98.5  7.34e-03
 1 :        2187 : (   41,   14) : (  0, 8,   85) (  0, 6,   31) :    61736    62505    22355    24605      6 :   99.0  1.59e-02
 1 :        2188 : (   41,   15) : (  0, 8,   85) (  0, 6,   32) :    61736    62505    24606    25765      6 :   98.7  7.25e-03
 1 :        2189 : (   41,   16) : (  0, 8,   85) (  0, 7,   19) :    61736    62505    25766    27455      6 :   98.9  5.70e-03
 1 :        2190 : (   41,   17) : (  0, 8,   85) (  0, 7,   20) :    61736    62505    27456    28389      8 :   98.1  4.66e-03
 1 :        2191 : (   41,   18) : (  0, 8,   85) (  0, 7,   25) :    61736    62505    28390    30099      7 :   98.7  6.23e-03
 1 :        2192 : (   41,   19) : (  0, 8,   85) (  0, 7,   26) :    61736    62505    30100    31020      8 :   98.1  1.13e-02
 1 :        2193 : (   41,   20) : (  0, 8,   85) (  0, 7,   35) :    61736    62505    31021    32680      8 :   98.5  8.54e-03
 1 :        2194 : (   41,   21) : (  0, 8,   85) (  0, 7,   40) :    61736    62505    32681    34410      7 :   98.7  6.33e-03
 0 :        2195 : (   41,   22) : (  0, 8,   85) (  0, 7,   41) :    61736    62505    34411    36062      0 :    0.0  1.79e-01
 1 :        2196 : (   41,   23) : (  0, 8,   85) (  0, 7,   46) :    61736    62505    36063    37795      8 :   98.5  6.67e-03
 1 :        2197 : (   41,   24) : (  0, 8,   85) (  0, 7,   50) :    61736    62505    37796    38258      6 :   97.9  2.92e-03
 1 :        2198 : (   41,   25) : (  0, 8,   85) (  0, 7,   59) :    61736    62505    38259    39857      8 :   98.5  5.93e-03
 1 :        2199 : (   41,   26) : (  0, 8,   85) (  0, 7,   60) :    61736    62505    39858    40314      7 :   97.6  3.00e-03
 1 :        2200 : (   41,   27) : (  0, 8,   85) (  0, 8,   65) :    61736    62505    40315    42013      6 :   98.9  5.28e-03
 1 :        2201 : (   41,   28) : (  0, 8,   85) (  0, 8,   66) :    61736    62505    42014    42768      6 :   98.4  3.51e-03
 1 :        2202 : (   41,   29) : (  0, 8,   85) (  0, 8,   67) :    61736    62505    42769    43712      6 :   98.6  3.65e-03
 1 :        2203 : (   41,   30) : (  0, 8,   85) (  0, 8,   68) :    61736    62505    43713    45403      7 :   98.7  5.78e-03
 1 :        2204 : (   41,   31) : (  0, 8,   85) (  0, 8,   71) :    61736    62505    45404    47057      7 :   98.7  5.86e-03
 1 :        2205 : (   41,   32) : (  0, 8,   85) (  0, 8,   72) :    61736    62505    47058    49013      9 :   98.4  7.66e-03
 1 :        2206 : (   41,   33) : (  0, 8,   85) (  0, 8,   73) :    61736    62505    49014    49752      6 :   98.4  3.45e-03
 1 :        2207 : (   41,   34) : (  0, 8,   85) (  0, 8,   74) :    61736    62505    49753    51606      6 :   98.9  5.54e-03
 1 :        2208 : (   41,   35) : (  0, 8,   85) (  0, 8,   75) :    61736    62505    51607    53340      6 :   98.9  5.50e-03
 1 :        2209 : (   41,   36) : (  0, 8,   85) (  0, 8,   76) :    61736    62505    53341    54448      6 :   98.7  4.37e-03
 1 :        2210 : (   41,   37) : (  0, 8,   85) (  0, 8,   77) :    61736    62505    54449    56151      8 :   98.5  6.31e-03
 1 :        2211 : (   41,   38) : (  0, 8,   85) (  0, 8,   78) :    61736    62505    56152    58105      8 :   98.6  7.01e-03
 1 :        2212 : (   41,   39) : (  0, 8,   85) (  0, 8,   83) :    61736    62505    58106    60074     11 :   98.0  8.74e-03
 0 :        2213 : (   41,   40) : (  0, 8,   85) (  0, 8,   84) :    61736    62505    60075    61735      0 :    0.0  1.79e-01
 0 :        2214 : (   41,   41) : (  0, 8,   85) (  0, 8,   85) :    61736    62505    61736    62505      0 :    0.0  8.36e-02
 0 :        2215 : (   41,   42) : (  0, 8,   85) (  0, 8,   86) :    61736    62505    62506    64201      0 :    0.0  1.84e-01
 0 :        2216 : (   41,   43) : (  0, 8,   85) (  0, 8,   87) :    61736    62505    64202    65898      0 :    0.0  2.06e-01
 0 :        2217 : (   41,   44) : (  0, 8,   85) (  0, 8,   88) :    61736    62505    65899    66838      0 :    0.0  1.02e-01
 1 :        2218 : (   41,   45) : (  0, 8,   85) (  0, 8,   89) :    61736    62505    66839    68824      9 :   98.4  7.67e-03
 1 :        2219 : (   41,   46) : (  0, 8,   85) (  0, 8,   90) :    61736    62505    68825    70511     11 :   97.9  7.83e-03
 1 :        2220 : (   41,   47) : (  0, 8,   85) (  0, 8,   93) :    61736    62505    70512    72369     10 :   98.2  7.76e-03
 1 :        2221 : (   41,   48) : (  0, 8,   85) (  0, 8,   94) :    61736    62505    72370    73108     10 :   97.3  4.57e-03
 1 :        2222 : (   41,   49) : (  0, 8,   85) (  0, 8,   95) :    61736    62505    73109    74219      8 :   98.2  4.71e-03
 1 :        2223 : (   41,   50) : (  0, 8,   85) (  0, 8,   96) :    61736    62505    74220    76059      8 :   98.5  6.60e-03
 1 :        2224 : (   41,   51) : (  0, 8,   85) (  0, 8,   97) :    61736    62505    76060    77572      6 :   98.8  5.19e-03
 1 :        2225 : (   41,   52) : (  0, 8,   85) (  0, 8,   98) :    61736    62505    77573    77654      5 :   93.3  1.98e-03
 1 :        2226 : (   42,    0) : (  0, 8,   86) (  0, 5,    1) :    62506    64201        0     1752      9 :   99.0  9.21e-03
 1 :        2227 : (   42,    1) : (  0, 8,   86) (  0, 5,    2) :    62506    64201     1753     2514      7 :   98.7  6.21e-03
 1 :        2228 : (   42,    2) : (  0, 8,   86) (  0, 5,    3) :    62506    64201     2515     4234     10 :   98.8  9.68e-03
 1 :        2229 : (   42,    3) : (  0, 8,   86) (  0, 5,    4) :    62506    64201     4235     4987      8 :   98.5  6.56e-03
 1 :        2230 : (   42,    4) : (  0, 8,   86) (  0, 6,    9) :    62506    64201     4988     6868      9 :   99.0  9.94e-03
 1 :        2231 : (   42,    5) : (  0, 8,   86) (  0, 6,   11) :    62506    64201     6869     8218     10 :   98.7  8.88e-03
 1 :        2232 : (   42,    6) : (  0, 8,   86) (  0, 6,   12) :    62506    64201     8219    10055     11 :   98.8  2.47e-02
 1 :        2233 : (   42,    7) : (  0, 8,   86) (  0, 6,   14) :    62506    64201    10056    11954     12 :   98.7  1.57e-02
 1 :        2234 : (   42,    8) : (  0, 8,   86) (  0, 6,   15) :    62506    64201    11955    13812     14 :   98.4  1.90e-02
 0 :        2235 : (   42,    9) : (  0, 8,   86) (  0, 6,   16) :    62506    64201    13813    15162      0 :    0.0  3.30e-01
 1 :        2236 : (   42,   10) : (  0, 8,   86) (  0, 6,   26) :    62506    64201    15163    17042     11 :   98.8  1.14e-02
 1 :        2237 : (   42,   11) : (  0, 8,   86) (  0, 6,   27) :    62506    64201    17043    18216      7 :   99.0  6.91e-03
 1 :        2238 : (   42,   12) : (  0, 8,   86) (  0, 6,   28) :    62506    64201    18217    20483      9 :   99.1  1.91e-02
 1 :        2239 : (   42,   13) : (  0, 8,   86) (  0, 6,   29) :    62506    64201    20484    22354     11 :   98.8  1.67e-02
 1 :        2240 : (   42,   14) : (  0, 8,   86) (  0, 6,   31) :    62506    64201    22355    24605      9 :   99.1  1.77e-02
 1 :        2241 : (   42,   15) : (  0, 8,   86) (  0, 6,   32) :    62506    64201    24606    25765      8 :   98.8  1.02e-02
 1 :        2242 : (   42,   16) : (  0, 8,   86) (  0, 7,   19) :    62506    64201    25766    27455     10 :   98.8  1.04e-02
 1 :        2243 : (   42,   17) : (  0, 8,   86) (  0, 7,   20) :    62506    64201    27456    28389      9 :   98.5  7.42e-03
 1 :        2244 : (   42,   18) : (  0, 8,   86) (  0, 7,   25) :    62506    64201    28390    30099     11 :   98.7  1.09e-02
 1 :        2245 : (   42,   19) : (  0, 8,   86) (  0, 7,   26) :    62506    64201    30100    31020      9 :   98.5  7.35e-03
 1 :        2246 : (   42,   20) : (  0, 8,   86) (  0, 7,   35) :    62506    64201    31021    32680     11 :   98.7  1.05e-02
 1 :        2247 : (   42,   21) : (  0, 8,   86) (  0, 7,   40) :    62506    64201    32681    34410     10 :   98.8  1.01e-02
 1 :        2248 : (   42,   22) : (  0, 8,   86) (  0, 7,   41) :    62506    64201    34411    36062     16 :   98.1  1.36e-02
 1 :        2249 : (   42,   23) : (  0, 8,   86) (  0, 7,   46) :    62506    64201    36063    37795     11 :   98.7  1.08e-02
 1 :        2250 : (   42,   24) : (  0, 8,   86) (  0, 7,   50) :    62506    64201    37796    38258      6 :   98.4  5.02e-03
 1 :        2251 : (   42,   25) : (  0, 8,   86) (  0, 7,   59) :    62506    64201    38259    39857     10 :   98.8  9.39e-03
 1 :        2252 : (   42,   26) : (  0, 8,   86) (  0, 7,   60) :    62506    64201    39858    40314      8 :   97.8  5.63e-03
 1 :        2253 : (   42,   27) : (  0, 8,   86) (  0, 8,   65) :    62506    64201    40315    42013      9 :   98.9  9.06e-03
 1 :        2254 : (   42,   28) : (  0, 8,   86) (  0, 8,   66) :    62506    64201    42014    42768      7 :   98.7  6.06e-03
 1 :        2255 : (   42,   29) : (  0, 8,   86) (  0, 8,   67) :    62506    64201    42769    43712      7 :   98.8  6.16e-03
 1 :        2256 : (   42,   30) : (  0, 8,   86) (  0, 8,   68) :    62506    64201    43713    45403     11 :   98.7  1.05e-02
 1 :        2257 : (   42,   31) : (  0, 8,   86) (  0, 8,   71) :    62506    64201    45404    47057     10 :   98.8  9.76e-03
 1 :        2258 : (   42,   32) : (  0, 8,   86) (  0, 8,   72) :    62506    64201    47058    49013     11 :   98.8  1.14e-02
 1 :        2259 : (   42,   33) : (  0, 8,   86) (  0, 8,   73) :    62506    64201    49014    49752      6 :   98.8  5.61e-03
 1 :        2260 : (   42,   34) : (  0, 8,   86) (  0, 8,   74) :    62506    64201    49753    51606      9 :   99.0  9.49e-03
 1 :        2261 : (   42,   35) : (  0, 8,   86) (  0, 8,   75) :    62506    64201    51607    53340      9 :   99.0  9.46e-03
 1 :        2262 : (   42,   36) : (  0, 8,   86) (  0, 8,   76) :    62506    64201    53341    54448      7 :   99.0  6.79e-03
 1 :        2263 : (   42,   37) : (  0, 8,   86) (  0, 8,   77) :    62506    64201    54449    56151     11 :   98.7  1.04e-02
 1 :        2264 : (   42,   38) : (  0, 8,   86) (  0, 8,   78) :    62506    64201    56152    58105     11 :   98.8  1.13e-02
 1 :        2265 : (   42,   39) : (  0, 8,   86) (  0, 8,   83) :    62506    64201    58106    60074     12 :   98.7  1.21e-02
 1 :        2266 : (   42,   40) : (  0, 8,   86) (  0, 8,   84) :    62506    64201    60075    61735     14 :   98.3  1.23e-02
 0 :        2267 : (   42,   41) : (  0, 8,   86) (  0, 8,   85) :    62506    64201    61736    62505      0 :    0.0  1.89e-01
 0 :        2268 : (   42,   42) : (  0, 8,   86) (  0, 8,   86) :    62506    64201    62506    64201      0 :    0.0  4.42e-01
 0 :        2269 : (   42,   43) : (  0, 8,   86) (  0, 8,   87) :    62506    64201    64202    65898      0 :    0.0  4.15e-01
 0 :        2270 : (   42,   44) : (  0, 8,   86) (  0, 8,   88) :    62506    64201    65899    66838      0 :    0.0  2.31e-01
 1 :        2271 : (   42,   45) : (  0, 8,   86) (  0, 8,   89) :    62506    64201    66839    68824     11 :   98.8  1.16e-02
 1 :        2272 : (   42,   46) : (  0, 8,   86) (  0, 8,   90) :    62506    64201    68825    70511     12 :   98.6  1.13e-02
 1 :        2273 : (   42,   47) : (  0, 8,   86) (  0, 8,   93) :    62506    64201    70512    72369     14 :   98.4  3.00e-02
 1 :        2274 : (   42,   48) : (  0, 8,   86) (  0, 8,   94) :    62506    64201    72370    73108     10 :   98.1  1.76e-02
 1 :        2275 : (   42,   49) : (  0, 8,   86) (  0, 8,   95) :    62506    64201    73109    74219     10 :   98.5  1.51e-02
 1 :        2276 : (   42,   50) : (  0, 8,   86) (  0, 8,   96) :    62506    64201    74220    76059     12 :   98.6  1.39e-02
 1 :        2277 : (   42,   51) : (  0, 8,   86) (  0, 8,   97) :    62506    64201    76060    77572      8 :   99.0  8.78e-03
 1 :        2278 : (   42,   52) : (  0, 8,   86) (  0, 8,   98) :    62506    64201    77573    77654      5 :   93.6  3.91e-03
 1 :        2279 : (   43,    0) : (  0, 8,   87) (  0, 5,    1) :    64202    65898        0     1752     10 :   98.8  1.05e-02
 1 :        2280 : (   43,    1) : (  0, 8,   87) (  0, 5,    2) :    64202    65898     1753     2514      7 :   98.7  6.48e-03
 1 :        2281 : (   43,    2) : (  0, 8,   87) (  0, 5,    3) :    64202    65898     2515     4234     10 :   98.8  1.01e-02
 1 :        2282 : (   43,    3) : (  0, 8,   87) (  0, 5,    4) :    64202    65898     4235     4987      7 :   98.7  6.37e-03
 1 :        2283 : (   43,    4) : (  0, 8,   87) (  0, 6,    9) :    64202    65898     4988     6868     10 :   98.9  1.05e-02
 1 :        2284 : (   43,    5) : (  0, 8,   87) (  0, 6,   11) :    64202    65898     6869     8218     11 :   98.5  9.71e-03
 1 :        2285 : (   43,    6) : (  0, 8,   87) (  0, 6,   12) :    64202    65898     8219    10055     12 :   98.6  1.20e-02
 1 :        2286 : (   43,    7) : (  0, 8,   87) (  0, 6,   14) :    64202    65898    10056    11954     11 :   98.8  1.13e-02
 1 :        2287 : (   43,    8) : (  0, 8,   87) (  0, 6,   15) :    64202    65898    11955    13812     14 :   98.4  1.36e-02
 1 :        2288 : (   43,    9) : (  0, 8,   87) (  0, 6,   16) :    64202    65898    13813    15162     14 :   98.1  1.15e-02
 1 :        2289 : (   43,   10) : (  0, 8,   87) (  0, 6,   26) :    64202    65898    15163    17042     12 :   98.7  1.25e-02
 1 :        2290 : (   43,   11) : (  0, 8,   87) (  0, 6,   27) :    64202    65898    17043    18216      7 :   99.0  7.09e-03
 1 :        2291 : (   43,   12) : (  0, 8,   87) (  0, 6,   28) :    64202    65898    18217    20483      9 :   99.1  1.09e-02
 1 :        2292 : (   43,   13) : (  0, 8,   87) (  0, 6,   29) :    64202    65898    20484    22354     12 :   98.7  1.24e-02
 1 :        2293 : (   43,   14) : (  0, 8,   87) (  0, 6,   31) :    64202    65898    22355    24605     12 :   98.8  1.34e-02
 1 :        2294 : (   43,   15) : (  0, 8,   87) (  0, 6,   32) :    64202    65898    24606    25765     10 :   98.5  8.71e-03
 1 :        2295 : (   43,   16) : (  0, 8,   87) (  0, 7,   19) :    64202    65898    25766    27455     10 :   98.8  1.02e-02
 1 :        2296 : (   43,   17) : (  0, 8,   87) (  0, 7,   20) :    64202    65898    27456    28389      8 :   98.7  7.04e-03
 1 :        2297 : (   43,   18) : (  0, 8,   87) (  0, 7,   25) :    64202    65898    28390    30099     10 :   98.8  1.04e-02
 1 :        2298 : (   43,   19) : (  0, 8,   87) (  0, 7,   26) :    64202    65898    30100    31020      9 :   98.5  2.10e-02
 1 :        2299 : (   43,   20) : (  0, 8,   87) (  0, 7,   35) :    64202    65898    31021    32680     11 :   98.7  1.15e-02
 1 :        2300 : (   43,   21) : (  0, 8,   87) (  0, 7,   40) :    64202    65898    32681    34410     12 :   98.6  2.03e-02
 0 :        2301 : (   43,   22) : (  0, 8,   87) (  0, 7,   41) :    64202    65898    34411    36062      0 :    0.0  4.03e-01
 1 :        2302 : (   43,   23) : (  0, 8,   87) (  0, 7,   46) :    64202    65898    36063    37795     13 :   98.5  1.25e-02
 1 :        2303 : (   43,   24) : (  0, 8,   87) (  0, 7,   50) :    64202    65898    37796    38258      6 :   98.4  5.22e-03
 1 :        2304 : (   43,   25) : (  0, 8,   87) (  0, 7,   59) :    64202    65898    38259    39857     11 :   98.7  1.02e-02
 1 :        2305 : (   43,   26) : (  0, 8,   87) (  0, 7,   60) :    64202    65898    39858    40314      8 :   97.8  5.80e-03
 1 :        2306 : (   43,   27) : (  0, 8,   87) (  0, 8,   65) :    64202    65898    40315    42013      9 :   98.9  9.32e-03
 1 :        2307 : (   43,   28) : (  0, 8,   87) (  0, 8,   66) :    64202    65898    42014    42768      8 :   98.5  6.64e-03
 1 :        2308 : (   43,   29) : (  0, 8,   87) (  0, 8,   67) :    64202    65898    42769    43712      7 :   98.8  6.32e-03
 1 :        2309 : (   43,   30) : (  0, 8,   87) (  0, 8,   68) :    64202    65898    43713    45403     10 :   98.8  1.02e-02
 1 :        2310 : (   43,   31) : (  0, 8,   87) (  0, 8,   71) :    64202    65898    45404    47057     11 :   98.7  1.98e-02
 1 :        2311 : (   43,   32) : (  0, 8,   87) (  0, 8,   72) :    64202    65898    47058    49013     12 :   98.7  1.73e-02
 1 :        2312 : (   43,   33) : (  0, 8,   87) (  0, 8,   73) :    64202    65898    49014    49752      7 :   98.6  8.18e-03
 1 :        2313 : (   43,   34) : (  0, 8,   87) (  0, 8,   74) :    64202    65898    49753    51606     11 :   98.8  1.83e-02
 1 :        2314 : (   43,   35) : (  0, 8,   87) (  0, 8,   75) :    64202    65898    51607    53340      9 :   99.0  9.68e-03
 1 :        2315 : (   43,   36) : (  0, 8,   87) (  0, 8,   76) :    64202    65898    53341    54448      7 :   99.0  7.04e-03
 1 :        2316 : (   43,   37) : (  0, 8,   87) (  0, 8,   77) :    64202    65898    54449    56151     12 :   98.6  1.12e-02
 1 :        2317 : (   43,   38) : (  0, 8,   87) (  0, 8,   78) :    64202    65898    56152    58105     12 :   98.7  1.22e-02
 1 :        2318 : (   43,   39) : (  0, 8,   87) (  0, 8,   83) :    64202    65898    58106    60074     17 :   98.1  1.59e-02
 0 :        2319 : (   43,   40) : (  0, 8,   87) (  0, 8,   84) :    64202    65898    60075    61735      0 :    0.0  4.05e-01
 0 :        2320 : (   43,   41) : (  0, 8,   87) (  0, 8,   85) :    64202    65898    61736    62505      0 :    0.0  1.90e-01
 0 :        2321 : (   43,   42) : (  0, 8,   87) (  0, 8,   86) :    64202    65898    62506    64201      0 :    0.0  4.37e-01
 0 :        2322 : (   43,   43) : (  0, 8,   87) (  0, 8,   87) :    64202    65898    64202    65898      0 :    0.0  4.37e-01
 0 :        2323 : (   43,   44) : (  0, 8,   87) (  0, 8,   88) :    64202    65898    65899    66838      0 :    0.0  2.67e-01
 1 :        2324 : (   43,   45) : (  0, 8,   87) (  0, 8,   89) :    64202    65898    66839    68824     14 :   98.5  1.43e-02
 0 :        2325 : (   43,   46) : (  0, 8,   87) (  0, 8,   90) :    64202    65898    68825    70511      0 :    0.0  4.12e-01
 0 :        2326 : (   43,   47) : (  0, 8,   87) (  0, 8,   93) :    64202    65898    70512    72369      0 :    0.0  4.77e-01
 0 :        2327 : (   43,   48) : (  0, 8,   87) (  0, 8,   94) :    64202    65898    72370    73108      0 :    0.0  1.82e-01
 1 :        2328 : (   43,   49) : (  0, 8,   87) (  0, 8,   95) :    64202    65898    73109    74219     11 :   98.4  9.15e-03
 1 :        2329 : (   43,   50) : (  0, 8,   87) (  0, 8,   96) :    64202    65898    74220    76059     13 :   98.5  1.25e-02
 1 :        2330 : (   43,   51) : (  0, 8,   87) (  0, 8,   97) :    64202    65898    76060    77572      8 :   99.0  8.58e-03
 1 :        2331 : (   43,   52) : (  0, 8,   87) (  0, 8,   98) :    64202    65898    77573    77654      6 :   92.3  4.15e-03
 1 :        2332 : (   44,    0) : (  0, 8,   88) (  0, 5,    1) :    65899    66838        0     1752      7 :   98.9  6.63e-03
 1 :        2333 : (   44,    1) : (  0, 8,   88) (  0, 5,    2) :    65899    66838     1753     2514      6 :   98.6  4.21e-03
 1 :        2334 : (   44,    2) : (  0, 8,   88) (  0, 5,    3) :    65899    66838     2515     4234      7 :   98.8  6.32e-03
 1 :        2335 : (   44,    3) : (  0, 8,   88) (  0, 5,    4) :    65899    66838     4235     4987      6 :   98.6  3.99e-03
 1 :        2336 : (   44,    4) : (  0, 8,   88) (  0, 6,    9) :    65899    66838     4988     6868      7 :   98.9  6.57e-03
 1 :        2337 : (   44,    5) : (  0, 8,   88) (  0, 6,   11) :    65899    66838     6869     8218      8 :   98.6  5.93e-03
 1 :        2338 : (   44,    6) : (  0, 8,   88) (  0, 6,   12) :    65899    66838     8219    10055      8 :   98.7  7.29e-03
 1 :        2339 : (   44,    7) : (  0, 8,   88) (  0, 6,   14) :    65899    66838    10056    11954      8 :   98.7  7.34e-03
 1 :        2340 : (   44,    8) : (  0, 8,   88) (  0, 6,   15) :    65899    66838    11955    13812     11 :   98.2  9.04e-03
 1 :        2341 : (   44,    9) : (  0, 8,   88) (  0, 6,   16) :    65899    66838    13813    15162     13 :   97.7  8.26e-03
 1 :        2342 : (   44,   10) : (  0, 8,   88) (  0, 6,   26) :    65899    66838    15163    17042      8 :   98.7  7.56e-03
 1 :        2343 : (   44,   11) : (  0, 8,   88) (  0, 6,   27) :    65899    66838    17043    18216      7 :   98.7  5.22e-03
 1 :        2344 : (   44,   12) : (  0, 8,   88) (  0, 6,   28) :    65899    66838    18217    20483      7 :   98.9  7.51e-03
 1 :        2345 : (   44,   13) : (  0, 8,   88) (  0, 6,   29) :    65899    66838    20484    22354      9 :   98.6  8.16e-03
 1 :        2346 : (   44,   14) : (  0, 8,   88) (  0, 6,   31) :    65899    66838    22355    24605      7 :   98.9  7.78e-03
 1 :        2347 : (   44,   15) : (  0, 8,   88) (  0, 6,   32) :    65899    66838    24606    25765      7 :   98.7  5.25e-03
 1 :        2348 : (   44,   16) : (  0, 8,   88) (  0, 7,   19) :    65899    66838    25766    27455      7 :   98.8  6.48e-03
 1 :        2349 : (   44,   17) : (  0, 8,   88) (  0, 7,   20) :    65899    66838    27456    28389      7 :   98.5  4.67e-03
 1 :        2350 : (   44,   18) : (  0, 8,   88) (  0, 7,   25) :    65899    66838    28390    30099      7 :   98.8  6.45e-03
 1 :        2351 : (   44,   19) : (  0, 8,   88) (  0, 7,   26) :    65899    66838    30100    31020      8 :   98.3  4.92e-03
 1 :        2352 : (   44,   20) : (  0, 8,   88) (  0, 7,   35) :    65899    66838    31021    32680      7 :   98.8  6.25e-03
 1 :        2353 : (   44,   21) : (  0, 8,   88) (  0, 7,   40) :    65899    66838    32681    34410      8 :   98.7  7.05e-03
 1 :        2354 : (   44,   22) : (  0, 8,   88) (  0, 7,   41) :    65899    66838    34411    36062     11 :   98.2  8.14e-03
 1 :        2355 : (   44,   23) : (  0, 8,   88) (  0, 7,   46) :    65899    66838    36063    37795     10 :   98.4  8.02e-03
 1 :        2356 : (   44,   24) : (  0, 8,   88) (  0, 7,   50) :    65899    66838    37796    38258      6 :   98.1  3.27e-03
 1 :        2357 : (   44,   25) : (  0, 8,   88) (  0, 7,   59) :    65899    66838    38259    39857     10 :   98.3  1.74e-02
 1 :        2358 : (   44,   26) : (  0, 8,   88) (  0, 7,   60) :    65899    66838    39858    40314      7 :   97.7  6.51e-03
 1 :        2359 : (   44,   27) : (  0, 8,   88) (  0, 8,   65) :    65899    66838    40315    42013      7 :   98.8  6.19e-03
 1 :        2360 : (   44,   28) : (  0, 8,   88) (  0, 8,   66) :    65899    66838    42014    42768      6 :   98.6  3.91e-03
 1 :        2361 : (   44,   29) : (  0, 8,   88) (  0, 8,   67) :    65899    66838    42769    43712      7 :   98.5  8.95e-03
 1 :        2362 : (   44,   30) : (  0, 8,   88) (  0, 8,   68) :    65899    66838    43713    45403      7 :   98.8  1.02e-02
 1 :        2363 : (   44,   31) : (  0, 8,   88) (  0, 8,   71) :    65899    66838    45404    47057      8 :   98.7  7.28e-03
 1 :        2364 : (   44,   32) : (  0, 8,   88) (  0, 8,   72) :    65899    66838    47058    49013      9 :   98.6  1.19e-02
 1 :        2365 : (   44,   33) : (  0, 8,   88) (  0, 8,   73) :    65899    66838    49014    49752      6 :   98.5  1.11e-02
 1 :        2366 : (   44,   34) : (  0, 8,   88) (  0, 8,   74) :    65899    66838    49753    51606      7 :   98.9  8.85e-03
 1 :        2367 : (   44,   35) : (  0, 8,   88) (  0, 8,   75) :    65899    66838    51607    53340      7 :   98.9  6.45e-03
 1 :        2368 : (   44,   36) : (  0, 8,   88) (  0, 8,   76) :    65899    66838    53341    54448      7 :   98.6  8.26e-03
 1 :        2369 : (   44,   37) : (  0, 8,   88) (  0, 8,   77) :    65899    66838    54449    56151      9 :   98.5  1.25e-02
 1 :        2370 : (   44,   38) : (  0, 8,   88) (  0, 8,   78) :    65899    66838    56152    58105      9 :   98.6  8.09e-03
 1 :        2371 : (   44,   39) : (  0, 8,   88) (  0, 8,   83) :    65899    66838    58106    60074     10 :   98.4  8.70e-03
 1 :        2372 : (   44,   40) : (  0, 8,   88) (  0, 8,   84) :    65899    66838    60075    61735     13 :   97.8  9.07e-03
 0 :        2373 : (   44,   41) : (  0, 8,   88) (  0, 8,   85) :    65899    66838    61736    62505      0 :    0.0  1.01e-01
 0 :        2374 : (   44,   42) : (  0, 8,   88) (  0, 8,   86) :    65899    66838    62506    64201      0 :    0.0  2.21e-01
 0 :        2375 : (   44,   43) : (  0, 8,   88) (  0, 8,   87) :    65899    66838    64202    65898      0 :    0.0  2.21e-01
 0 :        2376 : (   44,   44) : (  0, 8,   88) (  0, 8,   88) :    65899    66838    65899    66838      0 :    0.0  1.23e-01
 1 :        2377 : (   44,   45) : (  0, 8,   88) (  0, 8,   89) :    65899    66838    66839    68824     10 :   98.4  8.58e-03
 1 :        2378 : (   44,   46) : (  0, 8,   88) (  0, 8,   90) :    65899    66838    68825    70511     12 :   98.0  8.78e-03
 0 :        2379 : (   44,   47) : (  0, 8,   88) (  0, 8,   93) :    65899    66838    70512    72369      0 :    0.0  2.65e-01
 0 :        2380 : (   44,   48) : (  0, 8,   88) (  0, 8,   94) :    65899    66838    72370    73108      0 :    0.0  9.73e-02
 1 :        2381 : (   44,   49) : (  0, 8,   88) (  0, 8,   95) :    65899    66838    73109    74219     11 :   97.8  6.46e-03
 1 :        2382 : (   44,   50) : (  0, 8,   88) (  0, 8,   96) :    65899    66838    74220    76059     11 :   98.2  8.51e-03
 1 :        2383 : (   44,   51) : (  0, 8,   88) (  0, 8,   97) :    65899    66838    76060    77572      7 :   98.8  6.00e-03
 1 :        2384 : (   44,   52) : (  0, 8,   88) (  0, 8,   98) :    65899    66838    77573    77654      5 :   93.4  2.29e-03
 1 :        2385 : (   45,    0) : (  0, 8,   89) (  0, 5,    1) :    66839    68824        0     1752      9 :   99.0  1.01e-02
 1 :        2386 : (   45,    1) : (  0, 8,   89) (  0, 5,    2) :    66839    68824     1753     2514      6 :   98.9  6.40e-03
 1 :        2387 : (   45,    2) : (  0, 8,   89) (  0, 5,    3) :    66839    68824     2515     4234      9 :   99.0  1.00e-02
 1 :        2388 : (   45,    3) : (  0, 8,   89) (  0, 5,    4) :    66839    68824     4235     4987      6 :   98.9  6.27e-03
 1 :        2389 : (   45,    4) : (  0, 8,   89) (  0, 6,    9) :    66839    68824     4988     6868      9 :   99.1  1.04e-02
 1 :        2390 : (   45,    5) : (  0, 8,   89) (  0, 6,   11) :    66839    68824     6869     8218     10 :   98.8  9.76e-03
 1 :        2391 : (   45,    6) : (  0, 8,   89) (  0, 6,   12) :    66839    68824     8219    10055     12 :   98.7  1.27e-02
 1 :        2392 : (   45,    7) : (  0, 8,   89) (  0, 6,   14) :    66839    68824    10056    11954      9 :   99.1  1.07e-02
 1 :        2393 : (   45,    8) : (  0, 8,   89) (  0, 6,   15) :    66839    68824    11955    13812     13 :   98.6  1.37e-02
 1 :        2394 : (   45,    9) : (  0, 8,   89) (  0, 6,   16) :    66839    68824    13813    15162     10 :   98.8  1.02e-02
 1 :        2395 : (   45,   10) : (  0, 8,   89) (  0, 6,   26) :    66839    68824    15163    17042     12 :   98.8  1.23e-02
 1 :        2396 : (   45,   11) : (  0, 8,   89) (  0, 6,   27) :    66839    68824    17043    18216      8 :   98.9  8.06e-03
 1 :        2397 : (   45,   12) : (  0, 8,   89) (  0, 6,   28) :    66839    68824    18217    20483     11 :   99.0  1.35e-02
 1 :        2398 : (   45,   13) : (  0, 8,   89) (  0, 6,   29) :    66839    68824    20484    22354     14 :   98.5  1.39e-02
 1 :        2399 : (   45,   14) : (  0, 8,   89) (  0, 6,   31) :    66839    68824    22355    24605     11 :   99.0  1.33e-02
 1 :        2400 : (   45,   15) : (  0, 8,   89) (  0, 6,   32) :    66839    68824    24606    25765      9 :   98.8  8.71e-03
 1 :        2401 : (   45,   16) : (  0, 8,   89) (  0, 7,   19) :    66839    68824    25766    27455     10 :   98.9  1.09e-02
 1 :        2402 : (   45,   17) : (  0, 8,   89) (  0, 7,   20) :    66839    68824    27456    28389      8 :   98.7  7.55e-03
 1 :        2403 : (   45,   18) : (  0, 8,   89) (  0, 7,   25) :    66839    68824    28390    30099     10 :   98.9  1.10e-02
 1 :        2404 : (   45,   19) : (  0, 8,   89) (  0, 7,   26) :    66839    68824    30100    31020      8 :   98.7  7.79e-03
 1 :        2405 : (   45,   20) : (  0, 8,   89) (  0, 7,   35) :    66839    68824    31021    32680     13 :   98.6  1.27e-02
 0 :        2406 : (   45,   21) : (  0, 8,   89) (  0, 7,   40) :    66839    68824    32681    34410      0 :    0.0  5.57e-01
 1 :        2407 : (   45,   22) : (  0, 8,   89) (  0, 7,   41) :    66839    68824    34411    36062     14 :   98.4  2.34e-02
 0 :        2408 : (   45,   23) : (  0, 8,   89) (  0, 7,   46) :    66839    68824    36063    37795      0 :    0.0  5.66e-01
 1 :        2409 : (   45,   24) : (  0, 8,   89) (  0, 7,   50) :    66839    68824    37796    38258      7 :   98.1  6.68e-03
 1 :        2410 : (   45,   25) : (  0, 8,   89) (  0, 7,   59) :    66839    68824    38259    39857     11 :   98.8  1.11e-02
 1 :        2411 : (   45,   26) : (  0, 8,   89) (  0, 7,   60) :    66839    68824    39858    40314      8 :   97.8  6.55e-03
 1 :        2412 : (   45,   27) : (  0, 8,   89) (  0, 8,   65) :    66839    68824    40315    42013     10 :   98.9  1.07e-02
 1 :        2413 : (   45,   28) : (  0, 8,   89) (  0, 8,   66) :    66839    68824    42014    42768      8 :   98.5  7.25e-03
 1 :        2414 : (   45,   29) : (  0, 8,   89) (  0, 8,   67) :    66839    68824    42769    43712      9 :   98.6  7.93e-03
 1 :        2415 : (   45,   30) : (  0, 8,   89) (  0, 8,   68) :    66839    68824    43713    45403     11 :   98.8  1.14e-02
 1 :        2416 : (   45,   31) : (  0, 8,   89) (  0, 8,   71) :    66839    68824    45404    47057     14 :   98.4  1.34e-02
 0 :        2417 : (   45,   32) : (  0, 8,   89) (  0, 8,   72) :    66839    68824    47058    49013      0 :    0.0  6.55e-01
 1 :        2418 : (   45,   33) : (  0, 8,   89) (  0, 8,   73) :    66839    68824    49014    49752      8 :   98.5  1.02e-02
 1 :        2419 : (   45,   34) : (  0, 8,   89) (  0, 8,   74) :    66839    68824    49753    51606     12 :   98.7  1.29e-02
 1 :        2420 : (   45,   35) : (  0, 8,   89) (  0, 8,   75) :    66839    68824    51607    53340     10 :   98.9  1.12e-02
 1 :        2421 : (   45,   36) : (  0, 8,   89) (  0, 8,   76) :    66839    68824    53341    54448      9 :   98.7  8.73e-03
 1 :        2422 : (   45,   37) : (  0, 8,   89) (  0, 8,   77) :    66839    68824    54449    56151     15 :   98.4  1.40e-02
 0 :        2423 : (   45,   38) : (  0, 8,   89) (  0, 8,   78) :    66839    68824    56152    58105      0 :    0.0  5.97e-01
 0 :        2424 : (   45,   39) : (  0, 8,   89) (  0, 8,   83) :    66839    68824    58106    60074      0 :    0.0  6.26e-01
 0 :        2425 : (   45,   40) : (  0, 8,   89) (  0, 8,   84) :    66839    68824    60075    61735      0 :    0.0  5.54e-01
 1 :        2426 : (   45,   41) : (  0, 8,   89) (  0, 8,   85) :    66839    68824    61736    62505      8 :   98.6  7.92e-03
 1 :        2427 : (   45,   42) : (  0, 8,   89) (  0, 8,   86) :    66839    68824    62506    64201     11 :   98.8  1.15e-02
 1 :        2428 : (   45,   43) : (  0, 8,   89) (  0, 8,   87) :    66839    68824    64202    65898     15 :   98.4  1.47e-02
 1 :        2429 : (   45,   44) : (  0, 8,   89) (  0, 8,   88) :    66839    68824    65899    66838      9 :   98.6  8.17e-03
 0 :        2430 : (   45,   45) : (  0, 8,   89) (  0, 8,   89) :    66839    68824    66839    68824      0 :    0.0  6.29e-01
 0 :        2431 : (   45,   46) : (  0, 8,   89) (  0, 8,   90) :    66839    68824    68825    70511      0 :    0.0  5.15e-01
 1 :        2432 : (   45,   47) : (  0, 8,   89) (  0, 8,   93) :    66839    68824    70512    72369     15 :   98.4  1.53e-02
 1 :        2433 : (   45,   48) : (  0, 8,   89) (  0, 8,   94) :    66839    68824    72370    73108      9 :   98.3  7.89e-03
 1 :        2434 : (   45,   49) : (  0, 8,   89) (  0, 8,   95) :    66839    68824    73109    74219     11 :   98.5  9.62e-03
 1 :        2435 : (   45,   50) : (  0, 8,   89) (  0, 8,   96) :    66839    68824    74220    76059     11 :   98.8  1.17e-02
 1 :        2436 : (   45,   51) : (  0, 8,   89) (  0, 8,   97) :    66839    68824    76060    77572      9 :   99.0  9.87e-03
 1 :        2437 : (   45,   52) : (  0, 8,   89) (  0, 8,   98) :    66839    68824    77573    77654      7 :   91.1  5.28e-03
 1 :        2438 : (   46,    0) : (  0, 8,   90) (  0, 5,    1) :    68825    70511        0     1752      9 :   99.0  9.78e-03
 1 :        2439 : (   46,    1) : (  0, 8,   90) (  0, 5,    2) :    68825    70511     1753     2514      6 :   98.9  5.97e-03
 1 :        2440 : (   46,    2) : (  0, 8,   90) (  0, 5,    3) :    68825    70511     2515     4234      9 :   98.9  9.42e-03
 1 :        2441 : (   46,    3) : (  0, 8,   90) (  0, 5,    4) :    68825    70511     4235     4987      7 :   98.7  6.24e-03
 1 :        2442 : (   46,    4) : (  0, 8,   90) (  0, 6,    9) :    68825    70511     4988     6868     10 :   98.9  1.04e-02
 1 :        2443 : (   46,    5) : (  0, 8,   90) (  0, 6,   11) :    68825    70511     6869     8218     10 :   98.7  9.09e-03
 1 :        2444 : (   46,    6) : (  0, 8,   90) (  0, 6,   12) :    68825    70511     8219    10055     12 :   98.6  1.18e-02
 1 :        2445 : (   46,    7) : (  0, 8,   90) (  0, 6,   14) :    68825    70511    10056    11954     11 :   98.8  1.12e-02
 1 :        2446 : (   46,    8) : (  0, 8,   90) (  0, 6,   15) :    68825    70511    11955    13812     12 :   98.6  2.26e-02
 1 :        2447 : (   46,    9) : (  0, 8,   90) (  0, 6,   16) :    68825    70511    13813    15162     11 :   98.5  1.30e-02
 1 :        2448 : (   46,   10) : (  0, 8,   90) (  0, 6,   26) :    68825    70511    15163    17042     12 :   98.7  1.23e-02
 1 :        2449 : (   46,   11) : (  0, 8,   90) (  0, 6,   27) :    68825    70511    17043    18216      8 :   98.8  1.42e-02
 1 :        2450 : (   46,   12) : (  0, 8,   90) (  0, 6,   28) :    68825    70511    18217    20483     11 :   98.9  1.48e-02
 1 :        2451 : (   46,   13) : (  0, 8,   90) (  0, 6,   29) :    68825    70511    20484    22354     14 :   98.4  1.42e-02
 1 :        2452 : (   46,   14) : (  0, 8,   90) (  0, 6,   31) :    68825    70511    22355    24605     11 :   98.9  1.26e-02
 1 :        2453 : (   46,   15) : (  0, 8,   90) (  0, 6,   32) :    68825    70511    24606    25765     10 :   98.5  8.68e-03
 1 :        2454 : (   46,   16) : (  0, 8,   90) (  0, 7,   19) :    68825    70511    25766    27455      9 :   98.9  9.59e-03
 1 :        2455 : (   46,   17) : (  0, 8,   90) (  0, 7,   20) :    68825    70511    27456    28389      7 :   98.8  6.55e-03
 1 :        2456 : (   46,   18) : (  0, 8,   90) (  0, 7,   25) :    68825    70511    28390    30099     10 :   98.8  1.02e-02
 1 :        2457 : (   46,   19) : (  0, 8,   90) (  0, 7,   26) :    68825    70511    30100    31020      8 :   98.7  7.00e-03
 1 :        2458 : (   46,   20) : (  0, 8,   90) (  0, 7,   35) :    68825    70511    31021    32680     12 :   98.6  1.12e-02
 1 :        2459 : (   46,   21) : (  0, 8,   90) (  0, 7,   40) :    68825    70511    32681    34410     14 :   98.4  1.28e-02
 1 :        2460 : (   46,   22) : (  0, 8,   90) (  0, 7,   41) :    68825    70511    34411    36062     14 :   98.3  1.24e-02
 0 :        2461 : (   46,   23) : (  0, 8,   90) (  0, 7,   46) :    68825    70511    36063    37795      0 :    0.0  4.15e-01
 1 :        2462 : (   46,   24) : (  0, 8,   90) (  0, 7,   50) :    68825    70511    37796    38258      7 :   98.1  5.57e-03
 1 :        2463 : (   46,   25) : (  0, 8,   90) (  0, 7,   59) :    68825    70511    38259    39857     13 :   98.4  1.14e-02
 1 :        2464 : (   46,   26) : (  0, 8,   90) (  0, 7,   60) :    68825    70511    39858    40314      9 :   97.5  6.08e-03
 1 :        2465 : (   46,   27) : (  0, 8,   90) (  0, 8,   65) :    68825    70511    40315    42013      9 :   98.9  9.15e-03
 1 :        2466 : (   46,   28) : (  0, 8,   90) (  0, 8,   66) :    68825    70511    42014    42768      7 :   98.7  6.10e-03
 1 :        2467 : (   46,   29) : (  0, 8,   90) (  0, 8,   67) :    68825    70511    42769    43712      7 :   98.8  6.22e-03
 1 :        2468 : (   46,   30) : (  0, 8,   90) (  0, 8,   68) :    68825    70511    43713    45403     11 :   98.7  1.06e-02
 1 :        2469 : (   46,   31) : (  0, 8,   90) (  0, 8,   71) :    68825    70511    45404    47057     11 :   98.7  1.05e-02
 1 :        2470 : (   46,   32) : (  0, 8,   90) (  0, 8,   72) :    68825    70511    47058    49013     14 :   98.5  1.36e-02
 1 :        2471 : (   46,   33) : (  0, 8,   90) (  0, 8,   73) :    68825    70511    49014    49752      7 :   98.6  6.09e-03
 1 :        2472 : (   46,   34) : (  0, 8,   90) (  0, 8,   74) :    68825    70511    49753    51606     11 :   98.8  1.08e-02
 1 :        2473 : (   46,   35) : (  0, 8,   90) (  0, 8,   75) :    68825    70511    51607    53340     10 :   98.8  1.84e-02
 1 :        2474 : (   46,   36) : (  0, 8,   90) (  0, 8,   76) :    68825    70511    53341    54448      8 :   98.8  1.16e-02
 1 :        2475 : (   46,   37) : (  0, 8,   90) (  0, 8,   77) :    68825    70511    54449    56151     12 :   98.6  1.32e-02
 1 :        2476 : (   46,   38) : (  0, 8,   90) (  0, 8,   78) :    68825    70511    56152    58105     15 :   98.3  2.11e-02
 0 :        2477 : (   46,   39) : (  0, 8,   90) (  0, 8,   83) :    68825    70511    58106    60074      0 :    0.0  4.96e-01
 0 :        2478 : (   46,   40) : (  0, 8,   90) (  0, 8,   84) :    68825    70511    60075    61735      0 :    0.0  4.22e-01
 1 :        2479 : (   46,   41) : (  0, 8,   90) (  0, 8,   85) :    68825    70511    61736    62505      9 :   98.3  7.57e-03
 1 :        2480 : (   46,   42) : (  0, 8,   90) (  0, 8,   86) :    68825    70511    62506    64201     12 :   98.6  1.12e-02
 0 :        2481 : (   46,   43) : (  0, 8,   90) (  0, 8,   87) :    68825    70511    64202    65898      0 :    0.0  4.07e-01
 1 :        2482 : (   46,   44) : (  0, 8,   90) (  0, 8,   88) :    68825    70511    65899    66838     12 :   98.0  8.87e-03
 0 :        2483 : (   46,   45) : (  0, 8,   90) (  0, 8,   89) :    68825    70511    66839    68824      0 :    0.0  5.00e-01
 0 :        2484 : (   46,   46) : (  0, 8,   90) (  0, 8,   90) :    68825    70511    68825    70511      0 :    0.0  4.27e-01
 0 :        2485 : (   46,   47) : (  0, 8,   90) (  0, 8,   93) :    68825    70511    70512    72369      0 :    0.0  4.70e-01
 1 :        2486 : (   46,   48) : (  0, 8,   90) (  0, 8,   94) :    68825    70511    72370    73108     11 :   97.9  8.41e-03
 0 :        2487 : (   46,   49) : (  0, 8,   90) (  0, 8,   95) :    68825    70511    73109    74219      0 :    0.0  2.67e-01
 1 :        2488 : (   46,   50) : (  0, 8,   90) (  0, 8,   96) :    68825    70511    74220    76059     13 :   98.5  1.23e-02
 1 :        2489 : (   46,   51) : (  0, 8,   90) (  0, 8,   97) :    68825    70511    76060    77572      9 :   98.9  9.12e-03
 1 :        2490 : (   46,   52) : (  0, 8,   90) (  0, 8,   98) :    68825    70511    77573    77654      7 :   91.0  4.45e-03
 1 :        2491 : (   47,    0) : (  0, 8,   93) (  0, 5,    1) :    70512    72369        0     1752     10 :   98.9  1.07e-02
 1 :        2492 : (   47,    1) : (  0, 8,   93) (  0, 5,    2) :    70512    72369     1753     2514      7 :   98.7  6.80e-03
 1 :        2493 : (   47,    2) : (  0, 8,   93) (  0, 5,    3) :    70512    72369     2515     4234      9 :   99.0  9.76e-03
 1 :        2494 : (   47,    3) : (  0, 8,   93) (  0, 5,    4) :    70512    72369     4235     4987      8 :   98.5  7.07e-03
 1 :        2495 : (   47,    4) : (  0, 8,   93) (  0, 6,    9) :    70512    72369     4988     6868     10 :   98.9  1.08e-02
 1 :        2496 : (   47,    5) : (  0, 8,   93) (  0, 6,   11) :    70512    72369     6869     8218      9 :   98.8  8.95e-03
 1 :        2497 : (   47,    6) : (  0, 8,   93) (  0, 6,   12) :    70512    72369     8219    10055     12 :   98.7  1.24e-02
 1 :        2498 : (   47,    7) : (  0, 8,   93) (  0, 6,   14) :    70512    72369    10056    11954     10 :   98.9  1.11e-02
 1 :        2499 : (   47,    8) : (  0, 8,   93) (  0, 6,   15) :    70512    72369    11955    13812     12 :   98.7  1.26e-02
 1 :        2500 : (   47,    9) : (  0, 8,   93) (  0, 6,   16) :    70512    72369    13813    15162     11 :   98.6  1.01e-02
 1 :        2501 : (   47,   10) : (  0, 8,   93) (  0, 6,   26) :    70512    72369    15163    17042     11 :   98.8  1.20e-02
 1 :        2502 : (   47,   11) : (  0, 8,   93) (  0, 6,   27) :    70512    72369    17043    18216      8 :   98.9  8.01e-03
 1 :        2503 : (   47,   12) : (  0, 8,   93) (  0, 6,   28) :    70512    72369    18217    20483     10 :   99.0  1.20e-02
 1 :        2504 : (   47,   13) : (  0, 8,   93) (  0, 6,   29) :    70512    72369    20484    22354     15 :   98.4  1.49e-02
 1 :        2505 : (   47,   14) : (  0, 8,   93) (  0, 6,   31) :    70512    72369    22355    24605     11 :   98.9  1.30e-02
 1 :        2506 : (   47,   15) : (  0, 8,   93) (  0, 6,   32) :    70512    72369    24606    25765      9 :   98.7  8.52e-03
 1 :        2507 : (   47,   16) : (  0, 8,   93) (  0, 7,   19) :    70512    72369    25766    27455     10 :   98.9  1.07e-02
 1 :        2508 : (   47,   17) : (  0, 8,   93) (  0, 7,   20) :    70512    72369    27456    28389      8 :   98.7  7.38e-03
 1 :        2509 : (   47,   18) : (  0, 8,   93) (  0, 7,   25) :    70512    72369    28390    30099     10 :   98.9  1.44e-02
 1 :        2510 : (   47,   19) : (  0, 8,   93) (  0, 7,   26) :    70512    72369    30100    31020      9 :   98.5  1.75e-02
 1 :        2511 : (   47,   20) : (  0, 8,   93) (  0, 7,   35) :    70512    72369    31021    32680     12 :   98.6  1.20e-02
 1 :        2512 : (   47,   21) : (  0, 8,   93) (  0, 7,   40) :    70512    72369    32681    34410     11 :   98.8  1.42e-02
 1 :        2513 : (   47,   22) : (  0, 8,   93) (  0, 7,   41) :    70512    72369    34411    36062     14 :   98.4  1.98e-02
 0 :        2514 : (   47,   23) : (  0, 8,   93) (  0, 7,   46) :    70512    72369    36063    37795      0 :    0.0  4.72e-01
 1 :        2515 : (   47,   24) : (  0, 8,   93) (  0, 7,   50) :    70512    72369    37796    38258      6 :   98.4  5.59e-03
 1 :        2516 : (   47,   25) : (  0, 8,   93) (  0, 7,   59) :    70512    72369    38259    39857     14 :   98.4  1.26e-02
 1 :        2517 : (   47,   26) : (  0, 8,   93) (  0, 7,   60) :    70512    72369    39858    40314      8 :   97.8  6.21e-03
 1 :        2518 : (   47,   27) : (  0, 8,   93) (  0, 8,   65) :    70512    72369    40315    42013     10 :   98.9  1.03e-02
 1 :        2519 : (   47,   28) : (  0, 8,   93) (  0, 8,   66) :    70512    72369    42014    42768      6 :   98.9  6.06e-03
 1 :        2520 : (   47,   29) : (  0, 8,   93) (  0, 8,   67) :    70512    72369    42769    43712      7 :   98.9  6.61e-03
 1 :        2521 : (   47,   30) : (  0, 8,   93) (  0, 8,   68) :    70512    72369    43713    45403     10 :   98.9  1.06e-02
 1 :        2522 : (   47,   31) : (  0, 8,   93) (  0, 8,   71) :    70512    72369    45404    47057     11 :   98.7  1.10e-02
 1 :        2523 : (   47,   32) : (  0, 8,   93) (  0, 8,   72) :    70512    72369    47058    49013     12 :   98.7  1.29e-02
 1 :        2524 : (   47,   33) : (  0, 8,   93) (  0, 8,   73) :    70512    72369    49014    49752      7 :   98.7  6.52e-03
 1 :        2525 : (   47,   34) : (  0, 8,   93) (  0, 8,   74) :    70512    72369    49753    51606     10 :   98.9  1.07e-02
 1 :        2526 : (   47,   35) : (  0, 8,   93) (  0, 8,   75) :    70512    72369    51607    53340     10 :   98.9  1.06e-02
 1 :        2527 : (   47,   36) : (  0, 8,   93) (  0, 8,   76) :    70512    72369    53341    54448      8 :   98.8  7.84e-03
 1 :        2528 : (   47,   37) : (  0, 8,   93) (  0, 8,   77) :    70512    72369    54449    56151     11 :   98.8  1.09e-02
 1 :        2529 : (   47,   38) : (  0, 8,   93) (  0, 8,   78) :    70512    72369    56152    58105     11 :   98.8  1.19e-02
 1 :        2530 : (   47,   39) : (  0, 8,   93) (  0, 8,   83) :    70512    72369    58106    60074     14 :   98.5  1.43e-02
 0 :        2531 : (   47,   40) : (  0, 8,   93) (  0, 8,   84) :    70512    72369    60075    61735      0 :    0.0  5.00e-01
 1 :        2532 : (   47,   41) : (  0, 8,   93) (  0, 8,   85) :    70512    72369    61736    62505     11 :   98.0  9.04e-03
 1 :        2533 : (   47,   42) : (  0, 8,   93) (  0, 8,   86) :    70512    72369    62506    64201     13 :   98.5  1.25e-02
 0 :        2534 : (   47,   43) : (  0, 8,   93) (  0, 8,   87) :    70512    72369    64202    65898      0 :    0.0  4.86e-01
 0 :        2535 : (   47,   44) : (  0, 8,   93) (  0, 8,   88) :    70512    72369    65899    66838      0 :    0.0  2.57e-01
 1 :        2536 : (   47,   45) : (  0, 8,   93) (  0, 8,   89) :    70512    72369    66839    68824     16 :   98.3  1.59e-02
 0 :        2537 : (   47,   46) : (  0, 8,   93) (  0, 8,   90) :    70512    72369    68825    70511      0 :    0.0  4.75e-01
 0 :        2538 : (   47,   47) : (  0, 8,   93) (  0, 8,   93) :    70512    72369    70512    72369      0 :    0.0  5.38e-01
 0 :        2539 : (   47,   48) : (  0, 8,   93) (  0, 8,   94) :    70512    72369    72370    73108      0 :    0.0  2.04e-01
 0 :        2540 : (   47,   49) : (  0, 8,   93) (  0, 8,   95) :    70512    72369    73109    74219      0 :    0.0  3.27e-01
 0 :        2541 : (   47,   50) : (  0, 8,   93) (  0, 8,   96) :    70512    72369    74220    76059      0 :    0.0  5.16e-01
 1 :        2542 : (   47,   51) : (  0, 8,   93) (  0, 8,   97) :    70512    72369    76060    77572      9 :   98.9  1.36e-02
 1 :        2543 : (   47,   52) : (  0, 8,   93) (  0, 8,   98) :    70512    72369    77573    77654      5 :   93.6  9.82e-03
 1 :        2544 : (   48,    0) : (  0, 8,   94) (  0, 5,    1) :    72370    73108        0     1752      6 :   98.8  6.00e-03
 1 :        2545 : (   48,    1) : (  0, 8,   94) (  0, 5,    2) :    72370    73108     1753     2514      6 :   98.4  3.93e-03
 1 :        2546 : (   48,    2) : (  0, 8,   94) (  0, 5,    3) :    72370    73108     2515     4234      7 :   98.6  6.02e-03
 1 :        2547 : (   48,    3) : (  0, 8,   94) (  0, 5,    4) :    72370    73108     4235     4987      7 :   98.1  3.86e-03
 1 :        2548 : (   48,    4) : (  0, 8,   94) (  0, 6,    9) :    72370    73108     4988     6868      7 :   98.7  6.28e-03
 1 :        2549 : (   48,    5) : (  0, 8,   94) (  0, 6,   11) :    72370    73108     6869     8218      7 :   98.5  5.18e-03
 1 :        2550 : (   48,    6) : (  0, 8,   94) (  0, 6,   12) :    72370    73108     8219    10055      7 :   98.7  6.42e-03
 1 :        2551 : (   48,    7) : (  0, 8,   94) (  0, 6,   14) :    72370    73108    10056    11954      7 :   98.7  6.51e-03
 1 :        2552 : (   48,    8) : (  0, 8,   94) (  0, 6,   15) :    72370    73108    11955    13812      8 :   98.5  7.04e-03
 1 :        2553 : (   48,    9) : (  0, 8,   94) (  0, 6,   16) :    72370    73108    13813    15162      8 :   98.3  5.69e-03
 1 :        2554 : (   48,   10) : (  0, 8,   94) (  0, 6,   26) :    72370    73108    15163    17042      7 :   98.7  6.69e-03
 1 :        2555 : (   48,   11) : (  0, 8,   94) (  0, 6,   27) :    72370    73108    17043    18216      7 :   98.5  4.77e-03
 1 :        2556 : (   48,   12) : (  0, 8,   94) (  0, 6,   28) :    72370    73108    18217    20483      7 :   98.7  7.16e-03
 1 :        2557 : (   48,   13) : (  0, 8,   94) (  0, 6,   29) :    72370    73108    20484    22354      9 :   98.3  7.70e-03
 1 :        2558 : (   48,   14) : (  0, 8,   94) (  0, 6,   31) :    72370    73108    22355    24605      7 :   98.7  7.47e-03
 1 :        2559 : (   48,   15) : (  0, 8,   94) (  0, 6,   32) :    72370    73108    24606    25765      8 :   98.2  5.17e-03
 1 :        2560 : (   48,   16) : (  0, 8,   94) (  0, 7,   19) :    72370    73108    25766    27455      6 :   98.8  5.53e-03
 1 :        2561 : (   48,   17) : (  0, 8,   94) (  0, 7,   20) :    72370    73108    27456    28389      6 :   98.5  3.95e-03
 1 :        2562 : (   48,   18) : (  0, 8,   94) (  0, 7,   25) :    72370    73108    28390    30099      7 :   98.6  6.04e-03
 1 :        2563 : (   48,   19) : (  0, 8,   94) (  0, 7,   26) :    72370    73108    30100    31020      7 :   98.3  4.08e-03
 1 :        2564 : (   48,   20) : (  0, 8,   94) (  0, 7,   35) :    72370    73108    31021    32680      7 :   98.6  5.86e-03
 1 :        2565 : (   48,   21) : (  0, 8,   94) (  0, 7,   40) :    72370    73108    32681    34410      8 :   98.5  6.64e-03
 1 :        2566 : (   48,   22) : (  0, 8,   94) (  0, 7,   41) :    72370    73108    34411    36062      9 :   98.2  6.81e-03
 1 :        2567 : (   48,   23) : (  0, 8,   94) (  0, 7,   46) :    72370    73108    36063    37795     10 :   98.1  7.50e-03
 1 :        2568 : (   48,   24) : (  0, 8,   94) (  0, 7,   50) :    72370    73108    37796    38258      7 :   97.5  3.05e-03
 1 :        2569 : (   48,   25) : (  0, 8,   94) (  0, 7,   59) :    72370    73108    38259    39857     11 :   97.8  7.10e-03
 1 :        2570 : (   48,   26) : (  0, 8,   94) (  0, 7,   60) :    72370    73108    39858    40314      8 :   97.2  3.17e-03
 1 :        2571 : (   48,   27) : (  0, 8,   94) (  0, 8,   65) :    72370    73108    40315    42013      6 :   98.8  5.23e-03
 1 :        2572 : (   48,   28) : (  0, 8,   94) (  0, 8,   66) :    72370    73108    42014    42768      6 :   98.4  3.46e-03
 1 :        2573 : (   48,   29) : (  0, 8,   94) (  0, 8,   67) :    72370    73108    42769    43712      6 :   98.6  3.69e-03
 1 :        2574 : (   48,   30) : (  0, 8,   94) (  0, 8,   68) :    72370    73108    43713    45403      7 :   98.6  5.74e-03
 1 :        2575 : (   48,   31) : (  0, 8,   94) (  0, 8,   71) :    72370    73108    45404    47057      7 :   98.6  5.81e-03
 1 :        2576 : (   48,   32) : (  0, 8,   94) (  0, 8,   72) :    72370    73108    47058    49013      7 :   98.7  6.60e-03
 1 :        2577 : (   48,   33) : (  0, 8,   94) (  0, 8,   73) :    72370    73108    49014    49752      6 :   98.4  3.44e-03
 1 :        2578 : (   48,   34) : (  0, 8,   94) (  0, 8,   74) :    72370    73108    49753    51606      7 :   98.7  6.06e-03
 1 :        2579 : (   48,   35) : (  0, 8,   94) (  0, 8,   75) :    72370    73108    51607    53340      7 :   98.6  5.92e-03
 1 :        2580 : (   48,   36) : (  0, 8,   94) (  0, 8,   76) :    72370    73108    53341    54448      7 :   98.4  4.63e-03
 1 :        2581 : (   48,   37) : (  0, 8,   94) (  0, 8,   77) :    72370    73108    54449    56151      7 :   98.6  5.73e-03
 1 :        2582 : (   48,   38) : (  0, 8,   94) (  0, 8,   78) :    72370    73108    56152    58105      8 :   98.5  6.92e-03
 1 :        2583 : (   48,   39) : (  0, 8,   94) (  0, 8,   83) :    72370    73108    58106    60074      8 :   98.5  7.15e-03
 1 :        2584 : (   48,   40) : (  0, 8,   94) (  0, 8,   84) :    72370    73108    60075    61735     11 :   97.8  7.55e-03
 1 :        2585 : (   48,   41) : (  0, 8,   94) (  0, 8,   85) :    72370    73108    61736    62505     10 :   97.3  4.54e-03
 1 :        2586 : (   48,   42) : (  0, 8,   94) (  0, 8,   86) :    72370    73108    62506    64201     12 :   97.7  7.98e-03
 0 :        2587 : (   48,   43) : (  0, 8,   94) (  0, 8,   87) :    72370    73108    64202    65898      0 :    0.0  1.75e-01
 0 :        2588 : (   48,   44) : (  0, 8,   94) (  0, 8,   88) :    72370    73108    65899    66838      0 :    0.0  9.75e-02
 1 :        2589 : (   48,   45) : (  0, 8,   94) (  0, 8,   89) :    72370    73108    66839    68824      8 :   98.5  7.06e-03
 1 :        2590 : (   48,   46) : (  0, 8,   94) (  0, 8,   90) :    72370    73108    68825    70511     11 :   97.9  7.71e-03
 0 :        2591 : (   48,   47) : (  0, 8,   94) (  0, 8,   93) :    72370    73108    70512    72369      0 :    0.0  2.27e-01
 0 :        2592 : (   48,   48) : (  0, 8,   94) (  0, 8,   94) :    72370    73108    72370    73108      0 :    0.0  8.79e-02
 0 :        2593 : (   48,   49) : (  0, 8,   94) (  0, 8,   95) :    72370    73108    73109    74219      0 :    0.0  1.15e-01
 0 :        2594 : (   48,   50) : (  0, 8,   94) (  0, 8,   96) :    72370    73108    74220    76059      0 :    0.0  1.90e-01
 1 :        2595 : (   48,   51) : (  0, 8,   94) (  0, 8,   97) :    72370    73108    76060    77572      7 :   98.6  5.60e-03
 1 :        2596 : (   48,   52) : (  0, 8,   94) (  0, 8,   98) :    72370    73108    77573    77654      6 :   91.9  2.04e-03
 1 :        2597 : (   49,    0) : (  0, 8,   95) (  0, 5,    1) :    73109    74219        0     1752      7 :   99.0  6.76e-03
 1 :        2598 : (   49,    1) : (  0, 8,   95) (  0, 5,    2) :    73109    74219     1753     2514      6 :   98.7  4.49e-03
 1 :        2599 : (   49,    2) : (  0, 8,   95) (  0, 5,    3) :    73109    74219     2515     4234      7 :   99.0  6.62e-03
 1 :        2600 : (   49,    3) : (  0, 8,   95) (  0, 5,    4) :    73109    74219     4235     4987      6 :   98.7  4.39e-03
 1 :        2601 : (   49,    4) : (  0, 8,   95) (  0, 6,    9) :    73109    74219     4988     6868      7 :   99.0  7.00e-03
 1 :        2602 : (   49,    5) : (  0, 8,   95) (  0, 6,   11) :    73109    74219     6869     8218      7 :   98.9  5.98e-03
 1 :        2603 : (   49,    6) : (  0, 8,   95) (  0, 6,   12) :    73109    74219     8219    10055      7 :   99.0  7.16e-03
 1 :        2604 : (   49,    7) : (  0, 8,   95) (  0, 6,   14) :    73109    74219    10056    11954      7 :   99.0  7.16e-03
 1 :        2605 : (   49,    8) : (  0, 8,   95) (  0, 6,   15) :    73109    74219    11955    13812      9 :   98.7  8.38e-03
 1 :        2606 : (   49,    9) : (  0, 8,   95) (  0, 6,   16) :    73109    74219    13813    15162      9 :   98.5  6.91e-03
 1 :        2607 : (   49,   10) : (  0, 8,   95) (  0, 6,   26) :    73109    74219    15163    17042     10 :   98.6  9.02e-03
 1 :        2608 : (   49,   11) : (  0, 8,   95) (  0, 6,   27) :    73109    74219    17043    18216      7 :   98.8  5.64e-03
 1 :        2609 : (   49,   12) : (  0, 8,   95) (  0, 6,   28) :    73109    74219    18217    20483      9 :   98.8  9.02e-03
 0 :        2610 : (   49,   13) : (  0, 8,   95) (  0, 6,   29) :    73109    74219    20484    22354      0 :    0.0  2.89e-01
 1 :        2611 : (   49,   14) : (  0, 8,   95) (  0, 6,   31) :    73109    74219    22355    24605      9 :   98.8  1.32e-02
 1 :        2612 : (   49,   15) : (  0, 8,   95) (  0, 6,   32) :    73109    74219    24606    25765     10 :   98.2  1.44e-02
 1 :        2613 : (   49,   16) : (  0, 8,   95) (  0, 7,   19) :    73109    74219    25766    27455      7 :   99.0  7.99e-03
 1 :        2614 : (   49,   17) : (  0, 8,   95) (  0, 7,   20) :    73109    74219    27456    28389      7 :   98.6  5.11e-03
 1 :        2615 : (   49,   18) : (  0, 8,   95) (  0, 7,   25) :    73109    74219    28390    30099      7 :   99.0  1.54e-02
 1 :        2616 : (   49,   19) : (  0, 8,   95) (  0, 7,   26) :    73109    74219    30100    31020      7 :   98.6  5.68e-03
 1 :        2617 : (   49,   20) : (  0, 8,   95) (  0, 7,   35) :    73109    74219    31021    32680      8 :   98.8  7.34e-03
 1 :        2618 : (   49,   21) : (  0, 8,   95) (  0, 7,   40) :    73109    74219    32681    34410     10 :   98.5  8.68e-03
 1 :        2619 : (   49,   22) : (  0, 8,   95) (  0, 7,   41) :    73109    74219    34411    36062     10 :   98.5  8.26e-03
 0 :        2620 : (   49,   23) : (  0, 8,   95) (  0, 7,   46) :    73109    74219    36063    37795      0 :    0.0  2.67e-01
 1 :        2621 : (   49,   24) : (  0, 8,   95) (  0, 7,   50) :    73109    74219    37796    38258      6 :   98.2  3.76e-03
 0 :        2622 : (   49,   25) : (  0, 8,   95) (  0, 7,   59) :    73109    74219    38259    39857      0 :    0.0  2.47e-01
 1 :        2623 : (   49,   26) : (  0, 8,   95) (  0, 7,   60) :    73109    74219    39858    40314     11 :   96.6  4.88e-03
 1 :        2624 : (   49,   27) : (  0, 8,   95) (  0, 8,   65) :    73109    74219    40315    42013      7 :   99.0  6.56e-03
 1 :        2625 : (   49,   28) : (  0, 8,   95) (  0, 8,   66) :    73109    74219    42014    42768      6 :   98.7  4.37e-03
 1 :        2626 : (   49,   29) : (  0, 8,   95) (  0, 8,   67) :    73109    74219    42769    43712      7 :   98.6  4.84e-03
 1 :        2627 : (   49,   30) : (  0, 8,   95) (  0, 8,   68) :    73109    74219    43713    45403      7 :   99.0  6.62e-03
 1 :        2628 : (   49,   31) : (  0, 8,   95) (  0, 8,   71) :    73109    74219    45404    47057      8 :   98.8  7.16e-03
 1 :        2629 : (   49,   32) : (  0, 8,   95) (  0, 8,   72) :    73109    74219    47058    49013      8 :   98.9  8.04e-03
 1 :        2630 : (   49,   33) : (  0, 8,   95) (  0, 8,   73) :    73109    74219    49014    49752      6 :   98.6  4.30e-03
 1 :        2631 : (   49,   34) : (  0, 8,   95) (  0, 8,   74) :    73109    74219    49753    51606      8 :   98.8  7.38e-03
 1 :        2632 : (   49,   35) : (  0, 8,   95) (  0, 8,   75) :    73109    74219    51607    53340      7 :   99.0  6.91e-03
 1 :        2633 : (   49,   36) : (  0, 8,   95) (  0, 8,   76) :    73109    74219    53341    54448      7 :   98.7  5.45e-03
 1 :        2634 : (   49,   37) : (  0, 8,   95) (  0, 8,   77) :    73109    74219    54449    56151      9 :   98.7  7.61e-03
 1 :        2635 : (   49,   38) : (  0, 8,   95) (  0, 8,   78) :    73109    74219    56152    58105      9 :   98.7  8.34e-03
 1 :        2636 : (   49,   39) : (  0, 8,   95) (  0, 8,   83) :    73109    74219    58106    60074     10 :   98.6  9.18e-03
 1 :        2637 : (   49,   40) : (  0, 8,   95) (  0, 8,   84) :    73109    74219    60075    61735     12 :   98.2  9.29e-03
 1 :        2638 : (   49,   41) : (  0, 8,   95) (  0, 8,   85) :    73109    74219    61736    62505      8 :   98.2  5.09e-03
 1 :        2639 : (   49,   42) : (  0, 8,   95) (  0, 8,   86) :    73109    74219    62506    64201      9 :   98.7  7.63e-03
 1 :        2640 : (   49,   43) : (  0, 8,   95) (  0, 8,   87) :    73109    74219    64202    65898     11 :   98.4  8.93e-03
 1 :        2641 : (   49,   44) : (  0, 8,   95) (  0, 8,   88) :    73109    74219    65899    66838     10 :   98.0  6.09e-03
 1 :        2642 : (   49,   45) : (  0, 8,   95) (  0, 8,   89) :    73109    74219    66839    68824     12 :   98.3  1.02e-02
 0 :        2643 : (   49,   46) : (  0, 8,   95) (  0, 8,   90) :    73109    74219    68825    70511      0 :    0.0  2.84e-01
 0 :        2644 : (   49,   47) : (  0, 8,   95) (  0, 8,   93) :    73109    74219    70512    72369      0 :    0.0  3.10e-01
 0 :        2645 : (   49,   48) : (  0, 8,   95) (  0, 8,   94) :    73109    74219    72370    73108      0 :    0.0  1.15e-01
 0 :        2646 : (   49,   49) : (  0, 8,   95) (  0, 8,   95) :    73109    74219    73109    74219      0 :    0.0  1.85e-01
 0 :        2647 : (   49,   50) : (  0, 8,   95) (  0, 8,   96) :    73109    74219    74220    76059      0 :    0.0  2.93e-01
 1 :        2648 : (   49,   51) : (  0, 8,   95) (  0, 8,   97) :    73109    74219    76060    77572      7 :   98.9  6.60e-03
 1 :        2649 : (   49,   52) : (  0, 8,   95) (  0, 8,   98) :    73109    74219    77573    77654      5 :   93.5  2.66e-03
 1 :        2650 : (   50,    0) : (  0, 8,   96) (  0, 5,    1) :    74220    76059        0     1752     10 :   98.9  1.02e-02
 1 :        2651 : (   50,    1) : (  0, 8,   96) (  0, 5,    2) :    74220    76059     1753     2514      7 :   98.7  6.60e-03
 1 :        2652 : (   50,    2) : (  0, 8,   96) (  0, 5,    3) :    74220    76059     2515     4234     10 :   98.9  1.02e-02
 1 :        2653 : (   50,    3) : (  0, 8,   96) (  0, 5,    4) :    74220    76059     4235     4987      7 :   98.7  6.35e-03
 1 :        2654 : (   50,    4) : (  0, 8,   96) (  0, 6,    9) :    74220    76059     4988     6868      9 :   99.0  1.00e-02
 1 :        2655 : (   50,    5) : (  0, 8,   96) (  0, 6,   11) :    74220    76059     6869     8218      9 :   98.8  8.56e-03
 1 :        2656 : (   50,    6) : (  0, 8,   96) (  0, 6,   12) :    74220    76059     8219    10055     10 :   98.9  1.08e-02
 1 :        2657 : (   50,    7) : (  0, 8,   96) (  0, 6,   14) :    74220    76059    10056    11954     10 :   98.9  1.08e-02
 1 :        2658 : (   50,    8) : (  0, 8,   96) (  0, 6,   15) :    74220    76059    11955    13812     10 :   98.9  1.11e-02
 1 :        2659 : (   50,    9) : (  0, 8,   96) (  0, 6,   16) :    74220    76059    13813    15162     10 :   98.7  1.96e-02
 1 :        2660 : (   50,   10) : (  0, 8,   96) (  0, 6,   26) :    74220    76059    15163    17042     11 :   98.8  1.51e-02
 1 :        2661 : (   50,   11) : (  0, 8,   96) (  0, 6,   27) :    74220    76059    17043    18216      7 :   99.0  1.39e-02
 1 :        2662 : (   50,   12) : (  0, 8,   96) (  0, 6,   28) :    74220    76059    18217    20483     10 :   99.0  1.48e-02
 1 :        2663 : (   50,   13) : (  0, 8,   96) (  0, 6,   29) :    74220    76059    20484    22354     14 :   98.5  1.36e-02
 1 :        2664 : (   50,   14) : (  0, 8,   96) (  0, 6,   31) :    74220    76059    22355    24605     12 :   98.8  1.37e-02
 1 :        2665 : (   50,   15) : (  0, 8,   96) (  0, 6,   32) :    74220    76059    24606    25765      9 :   98.7  8.34e-03
 1 :        2666 : (   50,   16) : (  0, 8,   96) (  0, 7,   19) :    74220    76059    25766    27455     10 :   98.9  1.04e-02
 1 :        2667 : (   50,   17) : (  0, 8,   96) (  0, 7,   20) :    74220    76059    27456    28389      7 :   98.9  6.80e-03
 1 :        2668 : (   50,   18) : (  0, 8,   96) (  0, 7,   25) :    74220    76059    28390    30099     10 :   98.9  1.06e-02
 1 :        2669 : (   50,   19) : (  0, 8,   96) (  0, 7,   26) :    74220    76059    30100    31020      8 :   98.7  7.25e-03
 1 :        2670 : (   50,   20) : (  0, 8,   96) (  0, 7,   35) :    74220    76059    31021    32680      9 :   99.0  9.61e-03
 1 :        2671 : (   50,   21) : (  0, 8,   96) (  0, 7,   40) :    74220    76059    32681    34410     11 :   98.8  1.12e-02
 1 :        2672 : (   50,   22) : (  0, 8,   96) (  0, 7,   41) :    74220    76059    34411    36062     12 :   98.6  1.15e-02
 1 :        2673 : (   50,   23) : (  0, 8,   96) (  0, 7,   46) :    74220    76059    36063    37795     15 :   98.3  1.38e-02
 1 :        2674 : (   50,   24) : (  0, 8,   96) (  0, 7,   50) :    74220    76059    37796    38258      6 :   98.4  5.37e-03
 0 :        2675 : (   50,   25) : (  0, 8,   96) (  0, 7,   59) :    74220    76059    38259    39857      0 :    0.0  4.53e-01
 1 :        2676 : (   50,   26) : (  0, 8,   96) (  0, 7,   60) :    74220    76059    39858    40314     11 :   97.0  7.69e-03
 1 :        2677 : (   50,   27) : (  0, 8,   96) (  0, 8,   65) :    74220    76059    40315    42013     10 :   98.9  1.02e-02
 1 :        2678 : (   50,   28) : (  0, 8,   96) (  0, 8,   66) :    74220    76059    42014    42768      6 :   98.9  5.93e-03
 1 :        2679 : (   50,   29) : (  0, 8,   96) (  0, 8,   67) :    74220    76059    42769    43712      8 :   98.7  6.93e-03
 1 :        2680 : (   50,   30) : (  0, 8,   96) (  0, 8,   68) :    74220    76059    43713    45403      9 :   99.0  9.58e-03
 1 :        2681 : (   50,   31) : (  0, 8,   96) (  0, 8,   71) :    74220    76059    45404    47057     10 :   98.9  1.03e-02
 1 :        2682 : (   50,   32) : (  0, 8,   96) (  0, 8,   72) :    74220    76059    47058    49013     11 :   98.8  1.20e-02
 1 :        2683 : (   50,   33) : (  0, 8,   96) (  0, 8,   73) :    74220    76059    49014    49752      6 :   98.9  5.98e-03
 1 :        2684 : (   50,   34) : (  0, 8,   96) (  0, 8,   74) :    74220    76059    49753    51606     10 :   98.9  1.04e-02
 1 :        2685 : (   50,   35) : (  0, 8,   96) (  0, 8,   75) :    74220    76059    51607    53340     10 :   98.9  1.04e-02
 1 :        2686 : (   50,   36) : (  0, 8,   96) (  0, 8,   76) :    74220    76059    53341    54448      8 :   98.8  7.59e-03
 1 :        2687 : (   50,   37) : (  0, 8,   96) (  0, 8,   77) :    74220    76059    54449    56151     12 :   98.6  1.14e-02
 1 :        2688 : (   50,   38) : (  0, 8,   96) (  0, 8,   78) :    74220    76059    56152    58105     12 :   98.7  1.23e-02
 1 :        2689 : (   50,   39) : (  0, 8,   96) (  0, 8,   83) :    74220    76059    58106    60074     12 :   98.7  1.26e-02
 1 :        2690 : (   50,   40) : (  0, 8,   96) (  0, 8,   84) :    74220    76059    60075    61735     12 :   98.6  1.14e-02
 1 :        2691 : (   50,   41) : (  0, 8,   96) (  0, 8,   85) :    74220    76059    61736    62505      9 :   98.3  7.38e-03
 1 :        2692 : (   50,   42) : (  0, 8,   96) (  0, 8,   86) :    74220    76059    62506    64201     12 :   98.6  1.15e-02
 1 :        2693 : (   50,   43) : (  0, 8,   96) (  0, 8,   87) :    74220    76059    64202    65898     14 :   98.4  1.31e-02
 1 :        2694 : (   50,   44) : (  0, 8,   96) (  0, 8,   88) :    74220    76059    65899    66838     12 :   98.1  9.18e-03
 1 :        2695 : (   50,   45) : (  0, 8,   96) (  0, 8,   89) :    74220    76059    66839    68824     12 :   98.7  1.25e-02
 1 :        2696 : (   50,   46) : (  0, 8,   96) (  0, 8,   90) :    74220    76059    68825    70511     14 :   98.4  1.30e-02
 0 :        2697 : (   50,   47) : (  0, 8,   96) (  0, 8,   93) :    74220    76059    70512    72369      0 :    0.0  5.22e-01
 0 :        2698 : (   50,   48) : (  0, 8,   96) (  0, 8,   94) :    74220    76059    72370    73108      0 :    0.0  2.00e-01
 0 :        2699 : (   50,   49) : (  0, 8,   96) (  0, 8,   95) :    74220    76059    73109    74219      0 :    0.0  2.98e-01
 0 :        2700 : (   50,   50) : (  0, 8,   96) (  0, 8,   96) :    74220    76059    74220    76059      0 :    0.0  5.46e-01
 1 :        2701 : (   50,   51) : (  0, 8,   96) (  0, 8,   97) :    74220    76059    76060    77572      9 :   98.9  9.81e-03
 1 :        2702 : (   50,   52) : (  0, 8,   96) (  0, 8,   98) :    74220    76059    77573    77654      5 :   93.6  4.23e-03
 1 :        2703 : (   51,    0) : (  0, 8,   97) (  0, 5,    1) :    76060    77572        0     1752      8 :   99.0  8.44e-03
 1 :        2704 : (   51,    1) : (  0, 8,   97) (  0, 5,    2) :    76060    77572     1753     2514      6 :   98.8  5.46e-03
 1 :        2705 : (   51,    2) : (  0, 8,   97) (  0, 5,    3) :    76060    77572     2515     4234      8 :   99.0  8.30e-03
 1 :        2706 : (   51,    3) : (  0, 8,   97) (  0, 5,    4) :    76060    77572     4235     4987      6 :   98.8  5.40e-03
 1 :        2707 : (   51,    4) : (  0, 8,   97) (  0, 6,    9) :    76060    77572     4988     6868      8 :   99.0  8.61e-03
 1 :        2708 : (   51,    5) : (  0, 8,   97) (  0, 6,   11) :    76060    77572     6869     8218      9 :   98.7  7.99e-03
 1 :        2709 : (   51,    6) : (  0, 8,   97) (  0, 6,   12) :    76060    77572     8219    10055      8 :   99.0  8.87e-03
 1 :        2710 : (   51,    7) : (  0, 8,   97) (  0, 6,   14) :    76060    77572    10056    11954      8 :   99.0  8.81e-03
 1 :        2711 : (   51,    8) : (  0, 8,   97) (  0, 6,   15) :    76060    77572    11955    13812      8 :   99.0  8.97e-03
 1 :        2712 : (   51,    9) : (  0, 8,   97) (  0, 6,   16) :    76060    77572    13813    15162      8 :   98.9  7.57e-03
 1 :        2713 : (   51,   10) : (  0, 8,   97) (  0, 6,   26) :    76060    77572    15163    17042     15 :   98.2  1.35e-02
 1 :        2714 : (   51,   11) : (  0, 8,   97) (  0, 6,   27) :    76060    77572    17043    18216     13 :   98.0  2.30e-02
 1 :        2715 : (   51,   12) : (  0, 8,   97) (  0, 6,   28) :    76060    77572    18217    20483     11 :   98.8  1.93e-02
 1 :        2716 : (   51,   13) : (  0, 8,   97) (  0, 6,   29) :    76060    77572    20484    22354     10 :   98.8  1.25e-02
 1 :        2717 : (   51,   14) : (  0, 8,   97) (  0, 6,   31) :    76060    77572    22355    24605     10 :   98.9  1.15e-02
 1 :        2718 : (   51,   15) : (  0, 8,   97) (  0, 6,   32) :    76060    77572    24606    25765      7 :   98.9  6.72e-03
 1 :        2719 : (   51,   16) : (  0, 8,   97) (  0, 7,   19) :    76060    77572    25766    27455      8 :   99.0  8.48e-03
 1 :        2720 : (   51,   17) : (  0, 8,   97) (  0, 7,   20) :    76060    77572    27456    28389      7 :   98.8  6.17e-03
 1 :        2721 : (   51,   18) : (  0, 8,   97) (  0, 7,   25) :    76060    77572    28390    30099      8 :   99.0  8.52e-03
 1 :        2722 : (   51,   19) : (  0, 8,   97) (  0, 7,   26) :    76060    77572    30100    31020      7 :   98.8  6.07e-03
 1 :        2723 : (   51,   20) : (  0, 8,   97) (  0, 7,   35) :    76060    77572    31021    32680      9 :   98.9  8.84e-03
 1 :        2724 : (   51,   21) : (  0, 8,   97) (  0, 7,   40) :    76060    77572    32681    34410     13 :   98.4  1.15e-02
 1 :        2725 : (   51,   22) : (  0, 8,   97) (  0, 7,   41) :    76060    77572    34411    36062      8 :   99.0  8.40e-03
 1 :        2726 : (   51,   23) : (  0, 8,   97) (  0, 7,   46) :    76060    77572    36063    37795     10 :   98.8  9.70e-03
 0 :        2727 : (   51,   24) : (  0, 8,   97) (  0, 7,   50) :    76060    77572    37796    38258      0 :    0.0  9.96e-02
 1 :        2728 : (   51,   25) : (  0, 8,   97) (  0, 7,   59) :    76060    77572    38259    39857      9 :   98.8  8.48e-03
 1 :        2729 : (   51,   26) : (  0, 8,   97) (  0, 7,   60) :    76060    77572    39858    40314      6 :   98.3  4.60e-03
 1 :        2730 : (   51,   27) : (  0, 8,   97) (  0, 8,   65) :    76060    77572    40315    42013      9 :   98.9  8.69e-03
 1 :        2731 : (   51,   28) : (  0, 8,   97) (  0, 8,   66) :    76060    77572    42014    42768      6 :   98.8  9.12e-03
 1 :        2732 : (   51,   29) : (  0, 8,   97) (  0, 8,   67) :    76060    77572    42769    43712     10 :   98.3  1.67e-02
 1 :        2733 : (   51,   30) : (  0, 8,   97) (  0, 8,   68) :    76060    77572    43713    45403     10 :   98.7  1.02e-02
 1 :        2734 : (   51,   31) : (  0, 8,   97) (  0, 8,   71) :    76060    77572    45404    47057     10 :   98.7  1.77e-02
 1 :        2735 : (   51,   32) : (  0, 8,   97) (  0, 8,   72) :    76060    77572    47058    49013      9 :   98.9  1.02e-02
 1 :        2736 : (   51,   33) : (  0, 8,   97) (  0, 8,   73) :    76060    77572    49014    49752     10 :   98.0  6.91e-03
 1 :        2737 : (   51,   34) : (  0, 8,   97) (  0, 8,   74) :    76060    77572    49753    51606     12 :   98.6  1.09e-02
 0 :        2738 : (   51,   35) : (  0, 8,   97) (  0, 8,   75) :    76060    77572    51607    53340      0 :    0.0  3.67e-01
 0 :        2739 : (   51,   36) : (  0, 8,   97) (  0, 8,   76) :    76060    77572    53341    54448      0 :    0.0  2.35e-01
 1 :        2740 : (   51,   37) : (  0, 8,   97) (  0, 8,   77) :    76060    77572    54449    56151     12 :   98.5  1.05e-02
 1 :        2741 : (   51,   38) : (  0, 8,   97) (  0, 8,   78) :    76060    77572    56152    58105     10 :   98.8  1.02e-02
 1 :        2742 : (   51,   39) : (  0, 8,   97) (  0, 8,   83) :    76060    77572    58106    60074      9 :   98.9  9.79e-03
 1 :        2743 : (   51,   40) : (  0, 8,   97) (  0, 8,   84) :    76060    77572    60075    61735      8 :   99.0  8.30e-03
 1 :        2744 : (   51,   41) : (  0, 8,   97) (  0, 8,   85) :    76060    77572    61736    62505      6 :   98.8  5.44e-03
 1 :        2745 : (   51,   42) : (  0, 8,   97) (  0, 8,   86) :    76060    77572    62506    64201      8 :   99.0  8.18e-03
 1 :        2746 : (   51,   43) : (  0, 8,   97) (  0, 8,   87) :    76060    77572    64202    65898      8 :   99.0  8.48e-03
 1 :        2747 : (   51,   44) : (  0, 8,   97) (  0, 8,   88) :    76060    77572    65899    66838      7 :   98.8  5.96e-03
 1 :        2748 : (   51,   45) : (  0, 8,   97) (  0, 8,   89) :    76060    77572    66839    68824     10 :   98.8  1.03e-02
 1 :        2749 : (   51,   46) : (  0, 8,   97) (  0, 8,   90) :    76060    77572    68825    70511      8 :   99.0  8.44e-03
 1 :        2750 : (   51,   47) : (  0, 8,   97) (  0, 8,   93) :    76060    77572    70512    72369      8 :   99.0  8.81e-03
 1 :        2751 : (   51,   48) : (  0, 8,   97) (  0, 8,   94) :    76060    77572    72370    73108      6 :   98.8  5.32e-03
 1 :        2752 : (   51,   49) : (  0, 8,   97) (  0, 8,   95) :    76060    77572    73109    74219      7 :   98.9  6.38e-03
 1 :        2753 : (   51,   50) : (  0, 8,   97) (  0, 8,   96) :    76060    77572    74220    76059      8 :   99.0  8.43e-03
 0 :        2754 : (   51,   51) : (  0, 8,   97) (  0, 8,   97) :    76060    77572    76060    77572      0 :    0.0  3.44e-01
 0 :        2755 : (   51,   52) : (  0, 8,   97) (  0, 8,   98) :    76060    77572    77573    77654      0 :    0.0  1.98e-02
 1 :        2756 : (   52,    0) : (  0, 8,   98) (  0, 5,    1) :    77573    77654        0     1752      5 :   93.6  4.15e-03
 1 :        2757 : (   52,    1) : (  0, 8,   98) (  0, 5,    2) :    77573    77654     1753     2514      5 :   93.2  2.19e-03
 1 :        2758 : (   52,    2) : (  0, 8,   98) (  0, 5,    3) :    77573    77654     2515     4234      5 :   93.6  3.67e-03
 1 :        2759 : (   52,    3) : (  0, 8,   98) (  0, 5,    4) :    77573    77654     4235     4987      5 :   93.2  2.05e-03
 1 :        2760 : (   52,    4) : (  0, 8,   98) (  0, 6,    9) :    77573    77654     4988     6868      5 :   93.6  3.95e-03
 1 :        2761 : (   52,    5) : (  0, 8,   98) (  0, 6,   11) :    77573    77654     6869     8218      5 :   93.5  3.09e-03
 1 :        2762 : (   52,    6) : (  0, 8,   98) (  0, 6,   12) :    77573    77654     8219    10055      5 :   93.6  4.09e-03
 1 :        2763 : (   52,    7) : (  0, 8,   98) (  0, 6,   14) :    77573    77654    10056    11954      5 :   93.6  4.19e-03
 1 :        2764 : (   52,    8) : (  0, 8,   98) (  0, 6,   15) :    77573    77654    11955    13812      5 :   93.6  4.30e-03
 1 :        2765 : (   52,    9) : (  0, 8,   98) (  0, 6,   16) :    77573    77654    13813    15162      5 :   93.5  3.15e-03
 0 :        2766 : (   52,   10) : (  0, 8,   98) (  0, 6,   26) :    77573    77654    15163    17042      0 :    0.0  2.38e-02
 1 :        2767 : (   52,   11) : (  0, 8,   98) (  0, 6,   27) :    77573    77654    17043    18216      9 :   88.3  3.52e-03
 1 :        2768 : (   52,   12) : (  0, 8,   98) (  0, 6,   28) :    77573    77654    18217    20483      9 :   88.6  6.44e-03
 1 :        2769 : (   52,   13) : (  0, 8,   98) (  0, 6,   29) :    77573    77654    20484    22354      8 :   89.8  5.48e-03
 1 :        2770 : (   52,   14) : (  0, 8,   98) (  0, 6,   31) :    77573    77654    22355    24605      8 :   89.9  6.24e-03
 1 :        2771 : (   52,   15) : (  0, 8,   98) (  0, 6,   32) :    77573    77654    24606    25765      6 :   92.2  2.94e-03
 1 :        2772 : (   52,   16) : (  0, 8,   98) (  0, 7,   19) :    77573    77654    25766    27455      5 :   93.6  3.75e-03
 1 :        2773 : (   52,   17) : (  0, 8,   98) (  0, 7,   20) :    77573    77654    27456    28389      5 :   93.4  2.27e-03
 1 :        2774 : (   52,   18) : (  0, 8,   98) (  0, 7,   25) :    77573    77654    28390    30099      5 :   93.6  3.78e-03
 1 :        2775 : (   52,   19) : (  0, 8,   98) (  0, 7,   26) :    77573    77654    30100    31020      5 :   93.4  2.25e-03
 1 :        2776 : (   52,   20) : (  0, 8,   98) (  0, 7,   35) :    77573    77654    31021    32680      6 :   92.3  3.86e-03
 0 :        2777 : (   52,   21) : (  0, 8,   98) (  0, 7,   40) :    77573    77654    32681    34410      0 :    0.0  2.20e-02
 1 :        2778 : (   52,   22) : (  0, 8,   98) (  0, 7,   41) :    77573    77654    34411    36062      5 :   93.6  3.68e-03
 1 :        2779 : (   52,   23) : (  0, 8,   98) (  0, 7,   46) :    77573    77654    36063    37795      7 :   91.1  4.51e-03
 0 :        2780 : (   52,   24) : (  0, 8,   98) (  0, 7,   50) :    77573    77654    37796    38258      0 :    0.0  6.31e-03
 1 :        2781 : (   52,   25) : (  0, 8,   98) (  0, 7,   59) :    77573    77654    38259    39857      6 :   92.3  3.57e-03
 1 :        2782 : (   52,   26) : (  0, 8,   98) (  0, 7,   60) :    77573    77654    39858    40314      5 :   92.8  1.36e-03
 1 :        2783 : (   52,   27) : (  0, 8,   98) (  0, 8,   65) :    77573    77654    40315    42013      6 :   92.3  3.78e-03
 1 :        2784 : (   52,   28) : (  0, 8,   98) (  0, 8,   66) :    77573    77654    42014    42768      6 :   91.9  2.08e-03
 1 :        2785 : (   52,   29) : (  0, 8,   98) (  0, 8,   67) :    77573    77654    42769    43712      7 :   90.7  2.28e-03
 1 :        2786 : (   52,   30) : (  0, 8,   98) (  0, 8,   68) :    77573    77654    43713    45403      8 :   89.8  4.51e-03
 1 :        2787 : (   52,   31) : (  0, 8,   98) (  0, 8,   71) :    77573    77654    45404    47057      8 :   89.8  4.52e-03
 1 :        2788 : (   52,   32) : (  0, 8,   98) (  0, 8,   72) :    77573    77654    47058    49013      7 :   91.1  5.03e-03
 1 :        2789 : (   52,   33) : (  0, 8,   98) (  0, 8,   73) :    77573    77654    49014    49752      9 :   87.8  2.46e-03
 1 :        2790 : (   52,   34) : (  0, 8,   98) (  0, 8,   74) :    77573    77654    49753    51606      9 :   88.5  5.13e-03
 0 :        2791 : (   52,   35) : (  0, 8,   98) (  0, 8,   75) :    77573    77654    51607    53340      0 :    0.0  3.50e-02
 0 :        2792 : (   52,   36) : (  0, 8,   98) (  0, 8,   76) :    77573    77654    53341    54448      0 :    0.0  1.44e-02
 1 :        2793 : (   52,   37) : (  0, 8,   98) (  0, 8,   77) :    77573    77654    54449    56151     10 :   87.2  8.79e-03
 1 :        2794 : (   52,   38) : (  0, 8,   98) (  0, 8,   78) :    77573    77654    56152    58105      8 :   89.8  1.05e-02
 1 :        2795 : (   52,   39) : (  0, 8,   98) (  0, 8,   83) :    77573    77654    58106    60074      6 :   92.4  4.85e-03
 1 :        2796 : (   52,   40) : (  0, 8,   98) (  0, 8,   84) :    77573    77654    60075    61735      6 :   92.3  4.17e-03
 1 :        2797 : (   52,   41) : (  0, 8,   98) (  0, 8,   85) :    77573    77654    61736    62505      5 :   93.3  2.07e-03
 1 :        2798 : (   52,   42) : (  0, 8,   98) (  0, 8,   86) :    77573    77654    62506    64201      5 :   93.6  3.58e-03
 1 :        2799 : (   52,   43) : (  0, 8,   98) (  0, 8,   87) :    77573    77654    64202    65898      5 :   93.6  3.73e-03
 1 :        2800 : (   52,   44) : (  0, 8,   98) (  0, 8,   88) :    77573    77654    65899    66838      5 :   93.4  2.15e-03
 1 :        2801 : (   52,   45) : (  0, 8,   98) (  0, 8,   89) :    77573    77654    66839    68824      8 :   89.8  5.31e-03
 1 :        2802 : (   52,   46) : (  0, 8,   98) (  0, 8,   90) :    77573    77654    68825    70511      6 :   92.3  4.08e-03
 1 :        2803 : (   52,   47) : (  0, 8,   98) (  0, 8,   93) :    77573    77654    70512    72369      5 :   93.6  4.00e-03
 1 :        2804 : (   52,   48) : (  0, 8,   98) (  0, 8,   94) :    77573    77654    72370    73108      5 :   93.2  1.90e-03
 1 :        2805 : (   52,   49) : (  0, 8,   98) (  0, 8,   95) :    77573    77654    73109    74219      5 :   93.5  2.30e-03
 1 :        2806 : (   52,   50) : (  0, 8,   98) (  0, 8,   96) :    77573    77654    74220    76059      5 :   93.6  3.70e-03
 0 :        2807 : (   52,   51) : (  0, 8,   98) (  0, 8,   97) :    77573    77654    76060    77572      0 :    0.0  1.92e-02
 0 :        2808 : (   52,   52) : (  0, 8,   98) (  0, 8,   98) :    77573    77654    77573    77654      0 :    0.0  1.45e-03
 
FILL stats
  time : 157.2 (sec)
  total memory without ACA : 22.5 (GB) 
  total memory with ACA : 3.6 (GB) 
  total compression percentage (including full blocks) : 84.0
 
------ Compression End -------

 ------- Solver Begin --------- 

  LU CPU RSVD Compression beg  

  Memory (GB) : 3.60e+00 : 4.34e+00 : 3.83e+00
  D_0_0 : 4.5e-01
        L_1_0 :    0.0 :    0.0 :  2.8e-02
        L_2_0 :    0.0 :    0.0 :  5.9e-02
        L_3_0 :    0.0 :    0.0 :  2.6e-02
        L_4_0 :   98.5 :   98.5 :  1.3e-03
        L_5_0 :   98.6 :   98.6 :  1.2e-03
        L_6_0 :   98.7 :   98.7 :  1.2e-03
        L_7_0 :   98.8 :   98.8 :  1.1e-03
        L_8_0 :   98.8 :   98.8 :  1.1e-03
        L_9_0 :   98.7 :   98.7 :  1.2e-03
       L_10_0 :   99.0 :   99.0 :  1.1e-03
       L_11_0 :   99.0 :   99.0 :  1.1e-03
       L_12_0 :   99.1 :   99.1 :  1.1e-03
       L_13_0 :   99.0 :   99.0 :  1.1e-03
       L_14_0 :   99.1 :   99.1 :  1.1e-03
       L_15_0 :   99.0 :   99.0 :  1.1e-03
       L_16_0 :   98.3 :   98.3 :  1.2e-03
       L_17_0 :   98.5 :   98.5 :  1.1e-03
       L_18_0 :   98.6 :   98.6 :  1.2e-03
       L_19_0 :   98.5 :   98.5 :  1.1e-03
       L_20_0 :   98.9 :   98.9 :  1.1e-03
       L_21_0 :   99.0 :   99.0 :  1.1e-03
       L_22_0 :   98.7 :   98.7 :  1.1e-03
       L_23_0 :   98.9 :   98.9 :  1.2e-03
       L_24_0 :   98.4 :   98.4 :  1.2e-03
       L_25_0 :   99.0 :   99.0 :  1.1e-03
       L_26_0 :   98.3 :   98.3 :  1.2e-03
       L_27_0 :   98.8 :   98.8 :  1.2e-03
       L_28_0 :   98.9 :   98.9 :  1.2e-03
       L_29_0 :   98.9 :   98.9 :  1.1e-03
       L_30_0 :   99.0 :   99.0 :  1.1e-03
       L_31_0 :   98.8 :   98.8 :  1.2e-03
       L_32_0 :   99.0 :   99.0 :  1.1e-03
       L_33_0 :   98.8 :   98.8 :  1.2e-03
       L_34_0 :   99.0 :   99.0 :  1.1e-03
       L_35_0 :   99.0 :   99.0 :  1.1e-03
       L_36_0 :   99.0 :   99.0 :  1.1e-03
       L_37_0 :   99.0 :   99.0 :  1.1e-03
       L_38_0 :   98.9 :   98.9 :  1.2e-03
       L_39_0 :   98.9 :   98.9 :  1.2e-03
       L_40_0 :   98.8 :   98.8 :  1.2e-03
       L_41_0 :   98.9 :   98.9 :  1.2e-03
       L_42_0 :   99.0 :   99.0 :  1.1e-03
       L_43_0 :   98.8 :   98.8 :  1.2e-03
       L_44_0 :   98.9 :   98.9 :  1.1e-03
       L_45_0 :   99.0 :   99.0 :  1.1e-03
       L_46_0 :   99.0 :   99.0 :  1.1e-03
       L_47_0 :   98.9 :   98.9 :  1.2e-03
       L_48_0 :   98.8 :   98.8 :  1.2e-03
       L_49_0 :   99.0 :   99.0 :  1.1e-03
       L_50_0 :   98.9 :   98.9 :  1.2e-03
       L_51_0 :   99.0 :   99.0 :  1.1e-03
       L_52_0 :   93.6 :   93.6 :  1.1e-03
  Block set compression time : 6.2e-01
  Memory (GB) : 3.61e+00 : 4.45e+00 : 3.86e+00
  D_1_1 : 4.2e-02
        L_2_1 :    0.0 :    0.0 :  4.3e-02
        U_1_2 :    0.0 :    0.0 :  3.0e-02
        L_3_1 :    0.0 :    0.0 :  1.9e-02
        U_1_3 :    0.0 :    0.0 :  1.4e-02
        L_4_1 :    0.0 :    0.0 :  2.1e-02
        U_1_4 :    0.0 :    0.0 :  7.1e-03
        L_5_1 :   98.8 :   97.5 :  1.6e-03
        U_1_5 :   98.8 :   97.9 :  8.6e-04
        L_6_1 :   98.9 :   98.0 :  1.2e-03
        U_1_6 :   98.9 :   98.1 :  9.2e-04
        L_7_1 :   98.9 :   98.2 :  1.1e-03
        U_1_7 :   98.9 :   98.3 :  7.2e-04
        L_8_1 :   99.1 :   98.3 :  1.1e-03
        U_1_8 :   99.1 :   98.3 :  7.5e-04
        L_9_1 :   99.0 :   98.2 :  1.0e-03
        U_1_9 :   99.0 :   98.2 :  6.1e-04
       L_10_1 :   99.4 :   98.9 :  9.3e-04
       U_1_10 :   99.4 :   98.7 :  5.6e-04
       L_11_1 :   99.4 :   98.7 :  8.8e-04
       U_1_11 :   99.4 :   98.5 :  4.0e-04
       L_12_1 :   99.5 :   98.9 :  9.5e-04
       U_1_12 :   99.5 :   98.9 :  5.7e-04
       L_13_1 :   99.4 :   98.9 :  9.3e-04
       U_1_13 :   99.4 :   98.7 :  5.7e-04
       L_14_1 :   99.5 :   98.9 :  9.5e-04
       U_1_14 :   99.5 :   98.9 :  5.6e-04
       L_15_1 :   99.3 :   98.7 :  8.7e-04
       U_1_15 :   99.3 :   98.7 :  3.8e-04
       L_16_1 :    0.0 :    0.0 :  1.8e-02
       U_1_16 :    0.0 :    0.0 :  1.8e-02
       L_17_1 :   98.1 :   96.7 :  1.5e-03
       U_1_17 :   98.1 :   96.7 :  9.7e-04
       L_18_1 :    0.0 :    0.0 :  1.9e-02
       U_1_18 :    0.0 :    0.0 :  1.4e-02
       L_19_1 :   98.6 :   97.8 :  2.3e-03
       U_1_19 :   98.6 :   97.6 :  7.6e-04
       L_20_1 :   99.0 :   98.3 :  1.1e-03
       U_1_20 :   99.0 :   98.5 :  7.2e-04
       L_21_1 :   99.4 :   98.7 :  9.5e-04
       U_1_21 :   99.4 :   98.7 :  5.6e-04
       L_22_1 :   99.2 :   98.5 :  1.0e-03
       U_1_22 :   99.2 :   98.5 :  6.0e-04
       L_23_1 :   99.4 :   98.7 :  9.8e-04
       U_1_23 :   99.4 :   98.9 :  5.4e-04
       L_24_1 :   99.0 :   97.9 :  8.3e-04
       U_1_24 :   99.0 :   97.9 :  3.2e-04
       L_25_1 :   99.4 :   98.8 :  9.4e-04
       U_1_25 :   99.4 :   98.8 :  4.9e-04
       L_26_1 :   98.9 :   97.9 :  8.8e-04
       U_1_26 :   98.9 :   97.9 :  3.7e-04
       L_27_1 :   99.2 :   98.5 :  1.0e-03
       U_1_27 :   99.2 :   98.5 :  5.8e-04
       L_28_1 :   99.2 :   98.2 :  9.2e-04
       U_1_28 :   99.2 :   97.9 :  3.6e-04
       L_29_1 :   99.3 :   98.6 :  8.9e-04
       U_1_29 :   99.3 :   98.3 :  3.8e-04
       L_30_1 :   99.4 :   98.7 :  1.0e-03
       U_1_30 :   99.4 :   98.5 :  5.5e-04
       L_31_1 :   99.4 :   98.5 :  9.9e-04
       U_1_31 :   99.4 :   98.5 :  5.5e-04
       L_32_1 :   99.5 :   98.7 :  9.5e-04
       U_1_32 :   99.5 :   98.7 :  6.1e-04
       L_33_1 :   99.2 :   98.4 :  8.4e-04
       U_1_33 :   99.2 :   98.1 :  3.5e-04
       L_34_1 :   99.4 :   98.5 :  9.7e-04
       U_1_34 :   99.4 :   98.7 :  5.5e-04
       L_35_1 :   99.4 :   98.9 :  9.2e-04
       U_1_35 :   99.4 :   98.7 :  5.3e-04
       L_36_1 :   99.3 :   98.7 :  8.7e-04
       U_1_36 :   99.3 :   98.7 :  3.7e-04
       L_37_1 :   99.4 :   98.9 :  9.1e-04
       U_1_37 :   99.4 :   98.7 :  5.4e-04
       L_38_1 :   99.5 :   98.7 :  9.9e-04
       U_1_38 :   99.5 :   98.7 :  5.5e-04
       L_39_1 :   99.5 :   98.7 :  1.0e-03
       U_1_39 :   99.5 :   98.7 :  5.6e-04
       L_40_1 :   99.4 :   98.7 :  9.6e-04
       U_1_40 :   99.4 :   98.7 :  5.6e-04
       L_41_1 :   99.2 :   98.4 :  8.5e-04
       U_1_41 :   99.2 :   98.2 :  3.5e-04
       L_42_1 :   99.4 :   98.7 :  9.2e-04
       U_1_42 :   99.4 :   98.7 :  5.3e-04
       L_43_1 :   99.4 :   98.7 :  4.2e-03
       U_1_43 :   99.4 :   98.7 :  6.5e-04
       L_44_1 :   99.3 :   98.6 :  1.4e-03
       U_1_44 :   99.3 :   98.3 :  4.0e-04
       L_45_1 :   99.5 :   98.9 :  8.5e-03
       U_1_45 :   99.5 :   98.7 :  6.0e-04
       L_46_1 :   99.4 :   98.9 :  2.5e-03
       U_1_46 :   99.4 :   98.7 :  5.8e-04
       L_47_1 :   99.4 :   98.7 :  9.9e-04
       U_1_47 :   99.4 :   98.7 :  5.5e-04
       L_48_1 :   99.2 :   98.4 :  8.4e-04
       U_1_48 :   99.2 :   98.4 :  3.6e-04
       L_49_1 :   99.3 :   98.7 :  8.6e-04
       U_1_49 :   99.3 :   98.7 :  3.8e-04
       L_50_1 :   99.4 :   98.7 :  1.1e-03
       U_1_50 :   99.4 :   98.9 :  5.5e-04
       L_51_1 :   99.4 :   98.8 :  9.6e-04
       U_1_51 :   99.4 :   98.8 :  4.1e-04
       L_52_1 :   95.9 :   93.2 :  8.7e-04
       U_1_52 :   95.9 :   93.2 :  2.8e-04
  Block set compression time : 3.3e-01
  Memory (GB) : 3.61e+00 : 4.45e+00 : 3.86e+00
  D_2_2 : 4.7e-01
        L_3_2 :    0.0 :    0.0 :  7.3e-02
        U_2_3 :    0.0 :    0.0 :  4.4e-02
        L_4_2 :   99.3 :   98.8 :  5.1e-02
        U_2_4 :   99.2 :   98.8 :  4.0e-02
        L_5_2 :   99.6 :   98.7 :  7.7e-03
        U_2_5 :   99.6 :   98.7 :  1.2e-02
        L_6_2 :   99.5 :   98.6 :  4.0e-03
        U_2_6 :   99.5 :   98.8 :  2.8e-03
        L_7_2 :   99.3 :   98.4 :  4.1e-03
        U_2_7 :   99.3 :   98.4 :  2.8e-03
        L_8_2 :   99.4 :   98.7 :  4.7e-03
        U_2_8 :   99.4 :   98.8 :  3.0e-03
        L_9_2 :   99.3 :   98.5 :  5.1e-03
        U_2_9 :   99.3 :   98.5 :  4.6e-03
       L_10_2 :   99.7 :   99.0 :  6.6e-03
       U_2_10 :   99.7 :   99.0 :  4.3e-03
       L_11_2 :   99.6 :   99.0 :  3.4e-03
       U_2_11 :   99.6 :   99.0 :  1.9e-03
       L_12_2 :   99.7 :   99.1 :  3.7e-03
       U_2_12 :   99.7 :   99.1 :  2.4e-03
       L_13_2 :   99.7 :   99.0 :  3.4e-03
       U_2_13 :   99.7 :   99.0 :  2.2e-03
       L_14_2 :   99.7 :   99.1 :  3.5e-03
       U_2_14 :   99.7 :   99.1 :  2.2e-03
       L_15_2 :   99.6 :   99.0 :  3.3e-03
       U_2_15 :   99.6 :   99.0 :  2.5e-03
       L_16_2 :   98.9 :   98.4 :  6.1e-02
       U_2_16 :   99.3 :   98.4 :  3.7e-02
       L_17_2 :   99.2 :   98.3 :  3.8e-03
       U_2_17 :   99.2 :   98.5 :  2.8e-03
       L_18_2 :   99.2 :   98.4 :  4.0e-02
       U_2_18 :   99.1 :   98.4 :  3.7e-02
       L_19_2 :   99.2 :   98.3 :  3.7e-03
       U_2_19 :   99.2 :   98.5 :  2.6e-03
       L_20_2 :   99.6 :   98.9 :  3.5e-03
       U_2_20 :   99.6 :   98.9 :  2.3e-03
       L_21_2 :   99.7 :   99.0 :  3.4e-03
       U_2_21 :   99.7 :   99.0 :  2.2e-03
       L_22_2 :   99.6 :   98.8 :  3.6e-03
       U_2_22 :   99.6 :   98.8 :  2.3e-03
       L_23_2 :   99.7 :   98.8 :  3.5e-03
       U_2_23 :   99.7 :   99.0 :  2.2e-03
       L_24_2 :   99.2 :   98.4 :  3.2e-03
       U_2_24 :   99.2 :   98.4 :  1.7e-03
       L_25_2 :   99.6 :   99.0 :  3.4e-03
       U_2_25 :   99.6 :   99.0 :  1.9e-03
       L_26_2 :   99.2 :   98.3 :  3.2e-03
       U_2_26 :   99.2 :   98.3 :  1.7e-03
       L_27_2 :   99.6 :   98.9 :  3.5e-03
       U_2_27 :   99.6 :   98.9 :  2.3e-03
       L_28_2 :   99.4 :   98.9 :  3.3e-03
       U_2_28 :   99.4 :   98.9 :  1.7e-03
       L_29_2 :   99.5 :   98.9 :  3.2e-03
       U_2_29 :   99.5 :   98.9 :  1.8e-03
       L_30_2 :   99.6 :   98.9 :  3.4e-03
       U_2_30 :   99.6 :   98.9 :  2.1e-03
       L_31_2 :   99.6 :   98.9 :  3.5e-03
       U_2_31 :   99.6 :   98.9 :  2.1e-03
       L_32_2 :   99.7 :   99.0 :  3.4e-03
       U_2_32 :   99.7 :   99.0 :  2.3e-03
       L_33_2 :   99.4 :   98.8 :  3.2e-03
       U_2_33 :   99.4 :   98.8 :  1.7e-03
       L_34_2 :   99.7 :   99.0 :  3.4e-03
       U_2_34 :   99.7 :   99.0 :  2.2e-03
       L_35_2 :   99.7 :   99.0 :  3.4e-03
       U_2_35 :   99.7 :   99.0 :  2.1e-03
       L_36_2 :   99.6 :   99.0 :  3.3e-03
       U_2_36 :   99.6 :   99.0 :  1.8e-03
       L_37_2 :   99.6 :   98.9 :  3.4e-03
       U_2_37 :   99.6 :   98.9 :  2.1e-03
       L_38_2 :   99.7 :   99.0 :  3.5e-03
       U_2_38 :   99.7 :   99.0 :  2.2e-03
       L_39_2 :   99.7 :   99.0 :  3.5e-03
       U_2_39 :   99.7 :   99.0 :  2.2e-03
       L_40_2 :   99.6 :   98.8 :  3.5e-03
       U_2_40 :   99.6 :   98.9 :  2.2e-03
       L_41_2 :   99.4 :   98.9 :  3.2e-03
       U_2_41 :   99.4 :   98.9 :  1.7e-03
       L_42_2 :   99.6 :   98.8 :  3.4e-03
       U_2_42 :   99.6 :   98.9 :  2.1e-03
       L_43_2 :   99.6 :   98.8 :  3.5e-03
       U_2_43 :   99.6 :   98.9 :  2.2e-03
       L_44_2 :   99.5 :   98.8 :  3.3e-03
       U_2_44 :   99.5 :   98.8 :  1.8e-03
       L_45_2 :   99.7 :   99.0 :  3.4e-03
       U_2_45 :   99.7 :   99.0 :  2.2e-03
       L_46_2 :   99.6 :   98.9 :  3.4e-03
       U_2_46 :   99.6 :   98.9 :  2.1e-03
       L_47_2 :   99.7 :   99.0 :  3.5e-03
       U_2_47 :   99.7 :   99.0 :  2.2e-03
       L_48_2 :   99.4 :   98.6 :  3.3e-03
       U_2_48 :   99.4 :   98.8 :  1.6e-03
       L_49_2 :   99.6 :   99.0 :  3.3e-03
       U_2_49 :   99.6 :   99.0 :  1.8e-03
       L_50_2 :   99.7 :   98.9 :  3.5e-03
       U_2_50 :   99.7 :   99.0 :  2.1e-03
       L_51_2 :   99.6 :   99.0 :  3.3e-03
       U_2_51 :   99.6 :   99.0 :  2.0e-03
       L_52_2 :   96.2 :   93.6 :  3.1e-03
       U_2_52 :   96.2 :   93.6 :  1.5e-03
  Block set compression time : 1.1e+00
  Memory (GB) : 3.61e+00 : 4.46e+00 : 3.86e+00
  D_3_3 : 6.0e-02
        L_4_3 :   98.7 :   98.1 :  2.4e-02
        U_3_4 :   98.1 :   98.1 :  1.9e-02
        L_5_3 :   99.0 :   98.1 :  2.2e-03
        U_3_5 :   99.0 :   98.1 :  1.8e-03
        L_6_3 :   99.1 :   98.1 :  2.3e-03
        U_3_6 :   99.1 :   98.3 :  1.9e-03
        L_7_3 :    0.0 :    0.0 :  3.4e-02
        U_3_7 :    0.0 :    0.0 :  2.0e-02
        L_8_3 :   98.9 :   98.1 :  2.5e-03
        U_3_8 :   98.9 :   97.9 :  2.1e-03
        L_9_3 :   98.8 :   97.9 :  2.1e-03
        U_3_9 :   98.8 :   97.7 :  1.9e-03
       L_10_3 :   99.4 :   98.9 :  1.8e-03
       U_3_10 :   99.4 :   98.7 :  1.3e-03
       L_11_3 :   99.3 :   98.7 :  1.7e-03
       U_3_11 :   99.3 :   98.7 :  1.0e-03
       L_12_3 :   99.5 :   98.9 :  1.9e-03
       U_3_12 :   99.5 :   98.9 :  1.3e-03
       L_13_3 :   99.4 :   98.9 :  1.8e-03
       U_3_13 :   99.4 :   98.7 :  1.2e-03
       L_14_3 :   99.5 :   98.9 :  1.9e-03
       U_3_14 :   99.5 :   98.8 :  1.3e-03
       L_15_3 :   99.3 :   98.5 :  1.7e-03
       U_3_15 :   99.3 :   98.7 :  9.7e-04
       L_16_3 :    0.0 :    0.0 :  4.0e-02
       U_3_16 :    0.0 :    0.0 :  2.8e-02
       L_17_3 :   98.6 :   97.4 :  2.2e-03
       U_3_17 :   98.6 :   97.4 :  1.8e-03
       L_18_3 :    0.0 :    0.0 :  4.1e-02
       U_3_18 :    0.0 :    0.0 :  2.9e-02
       L_19_3 :   98.1 :   96.4 :  2.4e-03
       U_3_19 :   98.1 :   96.4 :  1.9e-03
       L_20_3 :   99.4 :   98.5 :  2.1e-03
       U_3_20 :   99.4 :   98.5 :  1.6e-03
       L_21_3 :   99.4 :   98.9 :  1.8e-03
       U_3_21 :   99.4 :   98.7 :  1.3e-03
       L_22_3 :   99.2 :   98.5 :  1.9e-03
       U_3_22 :   99.2 :   98.5 :  1.3e-03
       L_23_3 :   99.4 :   98.7 :  1.8e-03
       U_3_23 :   99.4 :   98.7 :  1.2e-03
       L_24_3 :   99.0 :   97.9 :  1.6e-03
       U_3_24 :   99.0 :   97.9 :  8.4e-04
       L_25_3 :   99.4 :   98.8 :  1.8e-03
       U_3_25 :   99.4 :   98.6 :  1.1e-03
       L_26_3 :   98.9 :   97.9 :  1.6e-03
       U_3_26 :   98.9 :   97.5 :  8.5e-04
       L_27_3 :   99.4 :   98.7 :  1.8e-03
       U_3_27 :   99.4 :   98.7 :  1.2e-03
       L_28_3 :   99.2 :   98.1 :  5.3e-03
       U_3_28 :   99.2 :   98.1 :  2.8e-03
       L_29_3 :   99.3 :   98.6 :  4.7e-03
       U_3_29 :   99.3 :   98.3 :  1.1e-03
       L_30_3 :   99.4 :   98.7 :  5.5e-03
       U_3_30 :   99.4 :   98.7 :  1.2e-03
       L_31_3 :   99.4 :   98.6 :  1.8e-03
       U_3_31 :   99.4 :   98.6 :  2.3e-03
       L_32_3 :   99.4 :   98.7 :  1.9e-03
       U_3_32 :   99.4 :   98.5 :  1.4e-03
       L_33_3 :   99.2 :   98.4 :  1.7e-03
       U_3_33 :   99.2 :   98.4 :  9.4e-04
       L_34_3 :   99.4 :   98.7 :  1.8e-03
       U_3_34 :   99.4 :   98.7 :  1.2e-03
       L_35_3 :   99.4 :   98.9 :  1.8e-03
       U_3_35 :   99.4 :   98.9 :  1.2e-03
       L_36_3 :   99.3 :   98.7 :  1.7e-03
       U_3_36 :   99.3 :   98.7 :  9.7e-04
       L_37_3 :   99.4 :   98.9 :  1.8e-03
       U_3_37 :   99.4 :   98.7 :  1.2e-03
       L_38_3 :   99.4 :   98.9 :  1.8e-03
       U_3_38 :   99.4 :   98.7 :  1.9e-03
       L_39_3 :   99.4 :   98.7 :  5.2e-03
       U_3_39 :   99.4 :   98.5 :  1.3e-03
       L_40_3 :   99.4 :   98.6 :  4.9e-03
       U_3_40 :   99.4 :   98.5 :  2.3e-03
       L_41_3 :   99.2 :   97.9 :  2.9e-03
       U_3_41 :   99.2 :   98.2 :  9.3e-04
       L_42_3 :   99.4 :   98.5 :  2.0e-03
       U_3_42 :   99.4 :   98.7 :  1.3e-03
       L_43_3 :   99.4 :   98.7 :  3.1e-03
       U_3_43 :   99.4 :   98.7 :  5.4e-03
       L_44_3 :   99.3 :   98.6 :  1.8e-03
       U_3_44 :   99.3 :   98.3 :  1.1e-03
       L_45_3 :   99.5 :   98.9 :  3.9e-03
       U_3_45 :   99.5 :   98.7 :  1.3e-03
       L_46_3 :   99.4 :   98.7 :  5.3e-03
       U_3_46 :   99.4 :   98.7 :  1.3e-03
       L_47_3 :   99.4 :   98.5 :  1.9e-03
       U_3_47 :   99.4 :   98.7 :  1.4e-03
       L_48_3 :   99.2 :   98.1 :  1.7e-03
       U_3_48 :   99.2 :   98.1 :  1.0e-03
       L_49_3 :   99.3 :   98.7 :  1.8e-03
       U_3_49 :   99.3 :   98.7 :  9.7e-04
       L_50_3 :   99.4 :   98.7 :  1.9e-03
       U_3_50 :   99.4 :   98.7 :  1.2e-03
       L_51_3 :   99.4 :   98.8 :  1.7e-03
       U_3_51 :   99.4 :   98.8 :  1.0e-03
       L_52_3 :   95.9 :   93.2 :  1.5e-03
       U_3_52 :   95.9 :   93.2 :  7.5e-04
  Block set compression time : 4.7e-01
  Memory (GB) : 3.61e+00 : 4.46e+00 : 3.86e+00
  D_4_4 : 5.8e-01
        L_5_4 :    0.0 :    0.0 :  1.1e-01
        U_4_5 :    0.0 :    0.0 :  5.5e-02
        L_6_4 :    0.0 :    0.0 :  1.6e-01
        U_4_6 :    0.0 :    0.0 :  6.3e-02
        L_7_4 :   99.7 :   98.7 :  4.6e-03
        U_4_7 :   99.7 :   98.7 :  2.7e-03
        L_8_4 :   99.5 :   98.7 :  3.6e-03
        U_4_8 :   99.5 :   98.7 :  2.0e-03
        L_9_4 :   99.5 :   98.6 :  3.3e-03
        U_4_9 :   99.5 :   98.7 :  1.5e-03
       L_10_4 :   99.7 :   98.9 :  3.0e-03
       U_4_10 :   99.7 :   98.9 :  1.2e-03
       L_11_4 :   99.6 :   99.0 :  2.6e-03
       U_4_11 :   99.6 :   99.0 :  9.3e-04
       L_12_4 :   99.7 :   99.1 :  2.9e-03
       U_4_12 :   99.7 :   99.1 :  1.3e-03
       L_13_4 :   99.7 :   99.0 :  2.8e-03
       U_4_13 :   99.7 :   98.9 :  1.2e-03
       L_14_4 :   99.7 :   99.1 :  2.8e-03
       U_4_14 :   99.7 :   99.1 :  1.3e-03
       L_15_4 :   99.6 :   99.0 :  2.6e-03
       U_4_15 :   99.6 :   99.0 :  9.4e-04
       L_16_4 :    0.0 :    0.0 :  1.5e-01
       U_4_16 :    0.0 :    0.0 :  8.2e-02
       L_17_4 :    0.0 :    0.0 :  7.2e-02
       U_4_17 :    0.0 :    0.0 :  3.2e-02
       L_18_4 :   98.9 :   98.5 :  4.7e-02
       U_4_18 :   99.1 :   98.5 :  4.1e-02
       L_19_4 :   99.2 :   98.4 :  3.3e-03
       U_4_19 :   99.2 :   98.4 :  1.7e-03
       L_20_4 :   99.4 :   98.6 :  3.3e-03
       U_4_20 :   99.4 :   98.6 :  1.6e-03
       L_21_4 :   99.7 :   99.0 :  2.8e-03
       U_4_21 :   99.7 :   99.0 :  1.2e-03
       L_22_4 :   99.7 :   98.7 :  3.0e-03
       U_4_22 :   99.7 :   98.7 :  1.3e-03
       L_23_4 :   99.7 :   98.9 :  2.9e-03
       U_4_23 :   99.7 :   99.0 :  1.1e-03
       L_24_4 :   99.2 :   98.4 :  2.4e-03
       U_4_24 :   99.2 :   98.4 :  7.4e-04
       L_25_4 :   99.7 :   99.1 :  2.7e-03
       U_4_25 :   99.7 :   99.1 :  1.0e-03
       L_26_4 :   99.2 :   98.4 :  2.4e-03
       U_4_26 :   99.2 :   98.4 :  7.1e-04
       L_27_4 :   99.4 :   98.7 :  3.1e-03
       U_4_27 :   99.4 :   98.7 :  1.5e-03
       L_28_4 :   99.1 :   98.3 :  2.6e-03
       U_4_28 :   99.1 :   98.3 :  9.6e-04
       L_29_4 :   99.5 :   98.4 :  2.6e-03
       U_4_29 :   99.5 :   98.7 :  8.6e-04
       L_30_4 :   99.6 :   98.8 :  2.9e-03
       U_4_30 :   99.6 :   98.8 :  1.3e-03
       L_31_4 :   99.7 :   98.8 :  2.9e-03
       U_4_31 :   99.7 :   98.8 :  1.3e-03
       L_32_4 :   99.7 :   98.9 :  2.8e-03
       U_4_32 :   99.7 :   98.9 :  1.4e-03
       L_33_4 :   99.4 :   98.7 :  2.5e-03
       U_4_33 :   99.4 :   98.7 :  8.0e-04
       L_34_4 :   99.7 :   98.8 :  2.8e-03
       U_4_34 :   99.7 :   98.8 :  1.2e-03
       L_35_4 :   99.7 :   99.0 :  2.7e-03
       U_4_35 :   99.7 :   99.0 :  1.2e-03
       L_36_4 :   99.6 :   99.0 :  2.6e-03
       U_4_36 :   99.6 :   99.0 :  9.7e-04
       L_37_4 :   99.7 :   98.9 :  2.8e-03
       U_4_37 :   99.7 :   98.8 :  1.4e-03
       L_38_4 :   99.7 :   99.0 :  1.2e-02
       U_4_38 :   99.7 :   99.0 :  1.5e-03
       L_39_4 :   99.7 :   99.0 :  3.0e-03
       U_4_39 :   99.7 :   99.0 :  1.3e-03
       L_40_4 :   99.7 :   98.9 :  2.8e-03
       U_4_40 :   99.7 :   98.9 :  1.2e-03
       L_41_4 :   99.5 :   98.7 :  2.5e-03
       U_4_41 :   99.5 :   98.7 :  7.9e-04
       L_42_4 :   99.7 :   99.0 :  2.8e-03
       U_4_42 :   99.7 :   98.9 :  1.2e-03
       L_43_4 :   99.7 :   98.9 :  2.7e-03
       U_4_43 :   99.7 :   98.9 :  1.1e-03
       L_44_4 :   99.5 :   98.9 :  3.2e-03
       U_4_44 :   99.5 :   98.9 :  8.9e-04
       L_45_4 :   99.7 :   99.1 :  1.0e-02
       U_4_45 :   99.7 :   99.0 :  1.4e-03
       L_46_4 :   99.7 :   98.9 :  6.9e-03
       U_4_46 :   99.7 :   98.9 :  1.4e-03
       L_47_4 :   99.7 :   98.9 :  7.0e-03
       U_4_47 :   99.7 :   99.0 :  1.3e-03
       L_48_4 :   99.4 :   98.7 :  5.6e-03
       U_4_48 :   99.4 :   98.9 :  3.2e-03
       L_49_4 :   99.6 :   99.0 :  3.9e-03
       U_4_49 :   99.6 :   99.0 :  1.0e-03
       L_50_4 :   99.7 :   99.0 :  2.8e-03
       U_4_50 :   99.7 :   99.0 :  1.2e-03
       L_51_4 :   99.6 :   99.0 :  4.6e-03
       U_4_51 :   99.6 :   99.0 :  1.1e-03
       L_52_4 :   96.2 :   93.6 :  4.4e-03
       U_4_52 :   96.2 :   93.6 :  6.6e-04
  Block set compression time : 1.6e+00
  Memory (GB) : 3.62e+00 : 4.47e+00 : 3.87e+00
  D_5_5 : 2.6e-01
        L_6_5 :    0.0 :    0.0 :  1.4e-01
        U_5_6 :    0.0 :    0.0 :  1.0e-01
        L_7_5 :   99.5 :   98.6 :  4.0e-03
        U_5_7 :   99.5 :   98.6 :  2.9e-03
        L_8_5 :   99.4 :   98.3 :  3.3e-03
        U_5_8 :   99.4 :   98.5 :  2.4e-03
        L_9_5 :   99.3 :   98.4 :  2.8e-03
        U_5_9 :   99.3 :   98.5 :  1.8e-03
       L_10_5 :   99.6 :   98.7 :  2.6e-03
       U_5_10 :   99.6 :   98.7 :  1.5e-03
       L_11_5 :   99.5 :   98.7 :  2.3e-03
       U_5_11 :   99.5 :   98.9 :  1.2e-03
       L_12_5 :   99.6 :   98.9 :  2.6e-03
       U_5_12 :   99.6 :   99.1 :  1.5e-03
       L_13_5 :   99.6 :   98.6 :  2.6e-03
       U_5_13 :   99.6 :   98.9 :  1.4e-03
       L_14_5 :   99.6 :   99.1 :  2.5e-03
       U_5_14 :   99.6 :   99.1 :  1.5e-03
       L_15_5 :   99.5 :   98.7 :  2.3e-03
       U_5_15 :   99.5 :   98.9 :  1.1e-03
       L_16_5 :    0.0 :    0.0 :  1.3e-01
       U_5_16 :    0.0 :    0.0 :  1.4e-01
       L_17_5 :    0.0 :    0.0 :  7.3e-02
       U_5_17 :    0.0 :    0.0 :  5.3e-02
       L_18_5 :   99.3 :   98.7 :  4.3e-03
       U_5_18 :   99.3 :   98.7 :  3.7e-03
       L_19_5 :   99.1 :   98.2 :  2.7e-03
       U_5_19 :   99.1 :   98.0 :  1.7e-03
       L_20_5 :    0.0 :    0.0 :  8.5e-02
       U_5_20 :    0.0 :    0.0 :  5.1e-02
       L_21_5 :   99.6 :   98.7 :  2.8e-03
       U_5_21 :   99.6 :   98.7 :  1.8e-03
       L_22_5 :   99.3 :   98.5 :  3.0e-03
       U_5_22 :   99.3 :   98.7 :  1.8e-03
       L_23_5 :   99.6 :   98.8 :  2.5e-03
       U_5_23 :   99.6 :   98.7 :  1.4e-03
       L_24_5 :   99.1 :   98.3 :  2.1e-03
       U_5_24 :   99.1 :   97.7 :  9.7e-04
       L_25_5 :   99.6 :   98.9 :  2.4e-03
       U_5_25 :   99.6 :   98.9 :  1.2e-03
       L_26_5 :   99.1 :   98.2 :  2.1e-03
       U_5_26 :   99.1 :   98.2 :  8.9e-04
       L_27_5 :    0.0 :    0.0 :  8.8e-02
       U_5_27 :    0.0 :    0.0 :  5.2e-02
       L_28_5 :    0.0 :    0.0 :  4.0e-02
       U_5_28 :    0.0 :    0.0 :  2.4e-02
       L_29_5 :   98.9 :   98.0 :  2.8e-03
       U_5_29 :   98.9 :   98.0 :  1.7e-03
       L_30_5 :   99.2 :   98.1 :  3.1e-03
       U_5_30 :   99.2 :   98.1 :  2.1e-03
       L_31_5 :   99.2 :   98.3 :  2.9e-03
       U_5_31 :   99.2 :   98.3 :  1.8e-03
       L_32_5 :   99.4 :   98.6 :  2.7e-03
       U_5_32 :   99.4 :   98.6 :  1.8e-03
       L_33_5 :   99.0 :   98.3 :  2.3e-03
       U_5_33 :   99.0 :   98.1 :  1.2e-03
       L_34_5 :   99.4 :   98.5 :  2.8e-03
       U_5_34 :   99.4 :   98.6 :  1.6e-03
       L_35_5 :   99.6 :   98.7 :  2.5e-03
       U_5_35 :   99.6 :   98.7 :  1.4e-03
       L_36_5 :   99.5 :   98.5 :  2.3e-03
       U_5_36 :   99.5 :   98.7 :  1.1e-03
       L_37_5 :   99.3 :   98.5 :  2.7e-03
       U_5_37 :   99.3 :   98.5 :  1.6e-03
       L_38_5 :   99.4 :   98.6 :  2.9e-03
       U_5_38 :   99.4 :   98.6 :  1.6e-03
       L_39_5 :   99.4 :   98.8 :  2.8e-03
       U_5_39 :   99.4 :   98.6 :  1.7e-03
       L_40_5 :   99.5 :   98.7 :  2.6e-03
       U_5_40 :   99.5 :   98.5 :  1.6e-03
       L_41_5 :   99.4 :   98.4 :  2.2e-03
       U_5_41 :   99.4 :   98.4 :  9.9e-04
       L_42_5 :   99.6 :   98.7 :  2.5e-03
       U_5_42 :   99.6 :   98.8 :  1.3e-03
       L_43_5 :   99.6 :   98.5 :  2.6e-03
       U_5_43 :   99.6 :   98.8 :  1.3e-03
       L_44_5 :   99.5 :   98.6 :  2.2e-03
       U_5_44 :   99.5 :   98.7 :  1.0e-03
       L_45_5 :   99.6 :   98.8 :  2.5e-03
       U_5_45 :   99.6 :   98.8 :  1.4e-03
       L_46_5 :   99.6 :   98.7 :  2.6e-03
       U_5_46 :   99.6 :   98.7 :  1.3e-03
       L_47_5 :   99.6 :   98.8 :  2.5e-03
       U_5_47 :   99.6 :   99.0 :  1.4e-03
       L_48_5 :   99.4 :   98.5 :  2.1e-03
       U_5_48 :   99.4 :   98.7 :  9.5e-04
       L_49_5 :   99.5 :   98.9 :  2.3e-03
       U_5_49 :   99.5 :   98.9 :  1.1e-03
       L_50_5 :   99.6 :   98.8 :  2.5e-03
       U_5_50 :   99.6 :   99.0 :  1.3e-03
       L_51_5 :   99.6 :   98.7 :  2.4e-03
       U_5_51 :   99.6 :   98.7 :  1.2e-03
       L_52_5 :   96.1 :   93.5 :  2.0e-03
       U_5_52 :   96.1 :   92.2 :  8.0e-04
  Block set compression time : 1.4e+00
  Memory (GB) : 3.62e+00 : 4.47e+00 : 3.87e+00
  D_6_6 : 7.0e-01
        L_7_6 :   99.5 :   98.7 :  6.9e-03
        U_6_7 :   99.5 :   98.6 :  4.5e-03
        L_8_6 :    0.0 :    0.0 :  1.7e-01
        U_6_8 :    0.0 :    0.0 :  1.2e-01
        L_9_6 :   99.4 :   98.5 :  5.9e-03
        U_6_9 :   99.4 :   98.3 :  3.8e-03
       L_10_6 :   99.7 :   98.7 :  5.2e-03
       U_6_10 :   99.7 :   98.9 :  3.0e-03
       L_11_6 :   99.6 :   99.0 :  4.6e-03
       U_6_11 :   99.6 :   99.0 :  2.6e-03
       L_12_6 :   99.7 :   99.1 :  5.0e-03
       U_6_12 :   99.7 :   99.1 :  3.0e-03
       L_13_6 :   99.7 :   98.7 :  5.0e-03
       U_6_13 :   99.7 :   98.9 :  2.9e-03
       L_14_6 :   99.7 :   99.1 :  4.9e-03
       U_6_14 :   99.7 :   99.1 :  2.9e-03
       L_15_6 :   99.6 :   98.9 :  4.6e-03
       U_6_15 :   99.6 :   98.9 :  2.5e-03
       L_16_6 :    0.0 :    0.0 :  2.5e-01
       U_6_16 :    0.0 :    0.0 :  1.9e-01
       L_17_6 :    0.0 :    0.0 :  1.4e-01
       U_6_17 :    0.0 :    0.0 :  1.0e-01
       L_18_6 :    0.0 :    0.0 :  1.7e-01
       U_6_18 :    0.0 :    0.0 :  8.7e-02
       L_19_6 :    0.0 :    0.0 :  8.3e-02
       U_6_19 :    0.0 :    0.0 :  6.9e-02
       L_20_6 :    0.0 :    0.0 :  1.8e-01
       U_6_20 :    0.0 :    0.0 :  1.2e-01
       L_21_6 :   99.6 :   98.7 :  5.5e-03
       U_6_21 :   99.6 :   98.8 :  3.3e-03
       L_22_6 :    0.0 :    0.0 :  1.7e-01
       U_6_22 :    0.0 :    0.0 :  8.3e-02
       L_23_6 :   99.7 :   98.8 :  5.3e-03
       U_6_23 :   99.7 :   98.8 :  3.1e-03
       L_24_6 :   99.2 :   98.1 :  4.6e-03
       U_6_24 :   99.2 :   98.4 :  2.4e-03
       L_25_6 :   99.6 :   98.9 :  4.9e-03
       U_6_25 :   99.6 :   98.9 :  2.8e-03
       L_26_6 :   99.2 :   98.4 :  4.4e-03
       U_6_26 :   99.2 :   98.4 :  2.3e-03
       L_27_6 :   98.9 :   98.3 :  6.5e-02
       U_6_27 :   99.0 :   98.4 :  8.2e-02
       L_28_6 :    0.0 :    0.0 :  8.8e-02
       U_6_28 :    0.0 :    0.0 :  5.8e-02
       L_29_6 :   99.2 :   98.4 :  5.2e-03
       U_6_29 :   99.2 :   98.4 :  3.0e-03
       L_30_6 :   99.3 :   98.3 :  5.7e-03
       U_6_30 :   99.3 :   98.5 :  3.8e-03
       L_31_6 :   99.3 :   98.3 :  5.7e-03
       U_6_31 :   99.3 :   98.4 :  3.6e-03
       L_32_6 :   99.4 :   98.5 :  5.7e-03
       U_6_32 :   99.4 :   98.5 :  3.8e-03
       L_33_6 :   99.2 :   98.5 :  4.7e-03
       U_6_33 :   99.2 :   98.5 :  2.6e-03
       L_34_6 :   99.5 :   98.7 :  5.4e-03
       U_6_34 :   99.5 :   98.7 :  3.4e-03
       L_35_6 :   99.7 :   98.9 :  5.0e-03
       U_6_35 :   99.7 :   98.8 :  2.9e-03
       L_36_6 :   99.6 :   98.7 :  4.7e-03
       U_6_36 :   99.6 :   98.7 :  2.6e-03
       L_37_6 :   99.4 :   98.6 :  5.3e-03
       U_6_37 :   99.4 :   98.6 :  3.3e-03
       L_38_6 :   99.5 :   98.7 :  5.4e-03
       U_6_38 :   99.5 :   98.7 :  3.4e-03
       L_39_6 :   99.4 :   98.5 :  5.6e-03
       U_6_39 :   99.4 :   98.5 :  3.6e-03
       L_40_6 :   99.4 :   98.5 :  5.2e-03
       U_6_40 :   99.4 :   98.5 :  3.3e-03
       L_41_6 :   99.1 :   98.3 :  4.7e-03
       U_6_41 :   99.1 :   98.5 :  2.6e-03
       L_42_6 :   99.7 :   98.8 :  4.9e-03
       U_6_42 :   99.7 :   98.8 :  2.9e-03
       L_43_6 :   99.5 :   98.6 :  5.1e-03
       U_6_43 :   99.5 :   98.8 :  3.1e-03
       L_44_6 :   99.5 :   98.7 :  4.6e-03
       U_6_44 :   99.5 :   98.7 :  2.5e-03
       L_45_6 :   99.5 :   98.7 :  5.3e-03
       U_6_45 :   99.5 :   98.8 :  3.2e-03
       L_46_6 :   99.5 :   98.6 :  5.2e-03
       U_6_46 :   99.5 :   98.6 :  3.1e-03
       L_47_6 :   99.7 :   98.7 :  5.1e-03
       U_6_47 :   99.7 :   98.7 :  3.0e-03
       L_48_6 :   99.4 :   98.7 :  4.5e-03
       U_6_48 :   99.4 :   98.9 :  2.4e-03
       L_49_6 :   99.6 :   99.0 :  4.6e-03
       U_6_49 :   99.6 :   99.0 :  2.5e-03
       L_50_6 :   99.7 :   98.9 :  4.8e-03
       U_6_50 :   99.7 :   99.0 :  2.9e-03
       L_51_6 :   99.6 :   99.0 :  4.7e-03
       U_6_51 :   99.6 :   98.9 :  2.7e-03
       L_52_6 :   96.2 :   93.6 :  4.3e-03
       U_6_52 :   96.2 :   93.6 :  2.2e-03
  Block set compression time : 3.2e+00
  Memory (GB) : 3.63e+00 : 4.49e+00 : 3.88e+00
  D_7_7 : 6.6e-01
        L_8_7 :    0.0 :    0.0 :  1.9e-01
        U_7_8 :    0.0 :    0.0 :  1.3e-01
        L_9_7 :    0.0 :    0.0 :  1.6e-01
        U_7_9 :    0.0 :    0.0 :  8.1e-02
       L_10_7 :   99.7 :   98.9 :  3.8e-03
       U_7_10 :   99.7 :   99.0 :  1.9e-03
       L_11_7 :   99.6 :   99.0 :  3.1e-03
       U_7_11 :   99.6 :   99.0 :  1.4e-03
       L_12_7 :   99.7 :   99.1 :  3.4e-03
       U_7_12 :   99.7 :   99.1 :  1.8e-03
       L_13_7 :   99.7 :   99.0 :  3.2e-03
       U_7_13 :   99.7 :   99.0 :  1.7e-03
       L_14_7 :   99.7 :   99.1 :  3.3e-03
       U_7_14 :   99.7 :   99.1 :  1.7e-03
       L_15_7 :   99.6 :   99.0 :  3.0e-03
       U_7_15 :   99.6 :   99.0 :  1.2e-03
       L_16_7 :   99.2 :   98.5 :  5.0e-02
       U_7_16 :   99.2 :   98.5 :  4.5e-02
       L_17_7 :   99.2 :   98.4 :  5.6e-03
       U_7_17 :   99.2 :   98.4 :  4.1e-03
       L_18_7 :    0.0 :    0.0 :  2.0e-01
       U_7_18 :    0.0 :    0.0 :  1.3e-01
       L_19_7 :    0.0 :    0.0 :  1.2e-01
       U_7_19 :    0.0 :    0.0 :  5.6e-02
       L_20_7 :   99.5 :   98.8 :  5.6e-03
       U_7_20 :   99.5 :   98.8 :  4.1e-03
       L_21_7 :   99.7 :   99.0 :  3.5e-03
       U_7_21 :   99.7 :   99.0 :  1.8e-03
       L_22_7 :   99.4 :   98.6 :  5.0e-03
       U_7_22 :   99.4 :   98.6 :  3.5e-03
       L_23_7 :   99.7 :   98.9 :  3.4e-03
       U_7_23 :   99.7 :   98.9 :  1.7e-03
       L_24_7 :   99.2 :   98.1 :  2.9e-03
       U_7_24 :   99.2 :   98.4 :  1.0e-03
       L_25_7 :   99.7 :   99.1 :  3.1e-03
       U_7_25 :   99.7 :   99.0 :  1.5e-03
       L_26_7 :   99.2 :   98.4 :  2.7e-03
       U_7_26 :   99.2 :   98.4 :  9.6e-04
       L_27_7 :   99.6 :   99.0 :  4.2e-03
       U_7_27 :   99.6 :   98.9 :  2.7e-03
       L_28_7 :   99.4 :   98.9 :  3.7e-03
       U_7_28 :   99.4 :   98.9 :  2.2e-03
       L_29_7 :   99.5 :   98.9 :  3.0e-03
       U_7_29 :   99.5 :   98.9 :  1.3e-03
       L_30_7 :   99.7 :   98.9 :  3.3e-03
       U_7_30 :   99.7 :   98.9 :  1.7e-03
       L_31_7 :   99.7 :   99.0 :  3.2e-03
       U_7_31 :   99.7 :   98.8 :  1.7e-03
       L_32_7 :   99.7 :   99.0 :  3.3e-03
       U_7_32 :   99.7 :   98.9 :  1.9e-03
       L_33_7 :   99.4 :   98.9 :  2.8e-03
       U_7_33 :   99.4 :   98.9 :  1.1e-03
       L_34_7 :   99.7 :   99.0 :  3.2e-03
       U_7_34 :   99.7 :   99.0 :  1.6e-03
       L_35_7 :   99.7 :   99.0 :  3.1e-03
       U_7_35 :   99.7 :   99.0 :  1.5e-03
       L_36_7 :   99.6 :   99.0 :  2.9e-03
       U_7_36 :   99.6 :   99.0 :  1.2e-03
       L_37_7 :   99.7 :   99.0 :  3.2e-03
       U_7_37 :   99.7 :   99.0 :  1.6e-03
       L_38_7 :   99.7 :   99.0 :  3.3e-03
       U_7_38 :   99.7 :   99.0 :  1.8e-03
       L_39_7 :   99.7 :   98.9 :  8.3e-03
       U_7_39 :   99.7 :   99.0 :  5.9e-03
       L_40_7 :   99.7 :   98.6 :  6.5e-03
       U_7_40 :   99.7 :   98.8 :  2.2e-03
       L_41_7 :   99.1 :   98.4 :  4.3e-03
       U_7_41 :   99.1 :   98.4 :  1.4e-03
       L_42_7 :   99.4 :   98.7 :  3.7e-03
       U_7_42 :   99.4 :   98.7 :  2.0e-03
       L_43_7 :   99.6 :   98.8 :  3.6e-03
       U_7_43 :   99.6 :   98.8 :  1.9e-03
       L_44_7 :   99.5 :   98.7 :  4.7e-03
       U_7_44 :   99.5 :   98.7 :  3.2e-03
       L_45_7 :   99.7 :   99.1 :  6.3e-03
       U_7_45 :   99.7 :   99.0 :  1.7e-03
       L_46_7 :   99.7 :   98.8 :  5.5e-03
       U_7_46 :   99.7 :   98.9 :  1.6e-03
       L_47_7 :   99.7 :   98.9 :  3.2e-03
       U_7_47 :   99.7 :   98.9 :  1.6e-03
       L_48_7 :   99.4 :   98.7 :  2.9e-03
       U_7_48 :   99.4 :   98.7 :  1.0e-03
       L_49_7 :   99.6 :   99.0 :  3.1e-03
       U_7_49 :   99.6 :   99.0 :  1.2e-03
       L_50_7 :   99.7 :   98.9 :  3.2e-03
       U_7_50 :   99.7 :   99.0 :  1.5e-03
       L_51_7 :   99.6 :   99.0 :  3.0e-03
       U_7_51 :   99.6 :   99.0 :  1.3e-03
       L_52_7 :   96.2 :   93.6 :  2.6e-03
       U_7_52 :   96.2 :   93.6 :  8.2e-04
  Block set compression time : 2.0e+00
  Memory (GB) : 3.63e+00 : 4.50e+00 : 3.88e+00
  D_8_8 : 7.4e-01
        L_9_8 :    0.0 :    0.0 :  1.9e-01
        U_8_9 :    0.0 :    0.0 :  1.4e-01
       L_10_8 :   99.7 :   98.8 :  6.1e-03
       U_8_10 :   99.7 :   98.9 :  3.9e-03
       L_11_8 :   99.6 :   99.0 :  5.4e-03
       U_8_11 :   99.6 :   99.0 :  3.3e-03
       L_12_8 :   99.7 :   99.1 :  5.8e-03
       U_8_12 :   99.7 :   99.0 :  3.9e-03
       L_13_8 :   99.7 :   98.8 :  5.6e-03
       U_8_13 :   99.7 :   98.8 :  3.7e-03
       L_14_8 :   99.7 :   99.1 :  5.7e-03
       U_8_14 :   99.7 :   99.0 :  3.9e-03
       L_15_8 :   99.6 :   98.9 :  5.3e-03
       U_8_15 :   99.6 :   98.9 :  3.3e-03
       L_16_8 :    0.0 :    0.0 :  2.6e-01
       U_8_16 :    0.0 :    0.0 :  1.7e-01
       L_17_8 :    0.0 :    0.0 :  1.3e-01
       U_8_17 :    0.0 :    0.0 :  9.6e-02
       L_18_8 :    0.0 :    0.0 :  3.5e-01
       U_8_18 :    0.0 :    0.0 :  2.3e-01
       L_19_8 :    0.0 :    0.0 :  1.6e-01
       U_8_19 :    0.0 :    0.0 :  1.3e-01
       L_20_8 :    0.0 :    0.0 :  2.4e-01
       U_8_20 :    0.0 :    0.0 :  1.8e-01
       L_21_8 :   99.7 :   98.8 :  5.9e-03
       U_8_21 :   99.7 :   98.8 :  3.9e-03
       L_22_8 :    0.0 :    0.0 :  2.3e-01
       U_8_22 :    0.0 :    0.0 :  1.7e-01
       L_23_8 :   99.7 :   98.7 :  6.0e-03
       U_8_23 :   99.7 :   98.8 :  3.8e-03
       L_24_8 :   99.2 :   98.4 :  5.2e-03
       U_8_24 :   99.2 :   98.4 :  3.0e-03
       L_25_8 :   99.7 :   99.0 :  5.5e-03
       U_8_25 :   99.7 :   99.0 :  3.5e-03
       L_26_8 :   99.2 :   98.1 :  5.1e-03
       U_8_26 :   99.2 :   98.1 :  3.0e-03
       L_27_8 :   99.5 :   98.8 :  7.2e-03
       U_8_27 :   99.5 :   98.6 :  5.6e-03
       L_28_8 :   98.7 :   98.3 :  3.9e-02
       U_8_28 :   98.5 :   98.5 :  4.8e-02
       L_29_8 :   99.5 :   98.7 :  6.1e-03
       U_8_29 :   99.5 :   98.7 :  6.7e-03
       L_30_8 :   99.5 :   98.8 :  1.1e-02
       U_8_30 :   99.5 :   98.6 :  4.4e-03
       L_31_8 :   99.4 :   98.5 :  6.4e-03
       U_8_31 :   99.4 :   98.6 :  4.4e-03
       L_32_8 :   99.4 :   98.5 :  6.8e-03
       U_8_32 :   99.4 :   98.5 :  4.9e-03
       L_33_8 :   99.4 :   98.9 :  5.2e-03
       U_8_33 :   99.4 :   98.7 :  3.2e-03
       L_34_8 :   99.7 :   98.7 :  1.7e-02
       U_8_34 :   99.7 :   98.8 :  5.8e-03
       L_35_8 :   99.7 :   99.0 :  5.8e-03
       U_8_35 :   99.7 :   98.9 :  5.8e-03
       L_36_8 :   99.6 :   99.0 :  1.1e-02
       U_8_36 :   99.6 :   98.8 :  3.8e-03
       L_37_8 :   99.5 :   98.6 :  6.2e-03
       U_8_37 :   99.5 :   98.6 :  4.1e-03
       L_38_8 :   99.5 :   98.7 :  6.3e-03
       U_8_38 :   99.5 :   98.7 :  4.4e-03
       L_39_8 :   99.4 :   98.4 :  6.8e-03
       U_8_39 :   99.4 :   98.3 :  4.9e-03
       L_40_8 :   99.3 :   98.4 :  6.7e-03
       U_8_40 :   99.3 :   98.3 :  4.7e-03
       L_41_8 :    0.0 :    0.0 :  8.4e-02
       U_8_41 :    0.0 :    0.0 :  5.3e-02
       L_42_8 :   99.3 :   98.4 :  6.6e-03
       U_8_42 :   99.3 :   98.4 :  4.5e-03
       L_43_8 :   99.3 :   98.4 :  6.6e-03
       U_8_43 :   99.3 :   98.4 :  4.5e-03
       L_44_8 :   99.2 :   98.2 :  5.6e-03
       U_8_44 :   99.2 :   98.4 :  3.6e-03
       L_45_8 :   99.5 :   98.6 :  6.3e-03
       U_8_45 :   99.5 :   98.7 :  4.4e-03
       L_46_8 :   99.4 :   98.6 :  6.1e-03
       U_8_46 :   99.4 :   98.6 :  4.1e-03
       L_47_8 :   99.5 :   98.7 :  6.1e-03
       U_8_47 :   99.5 :   98.7 :  4.1e-03
       L_48_8 :   99.2 :   98.5 :  5.4e-03
       U_8_48 :   99.2 :   98.5 :  3.2e-03
       L_49_8 :   99.6 :   98.7 :  5.4e-03
       U_8_49 :   99.6 :   98.8 :  3.3e-03
       L_50_8 :   99.7 :   98.9 :  5.6e-03
       U_8_50 :   99.7 :   98.9 :  3.7e-03
       L_51_8 :   99.6 :   99.0 :  5.5e-03
       U_8_51 :   99.6 :   98.9 :  3.4e-03
       L_52_8 :   96.2 :   93.6 :  5.0e-03
       U_8_52 :   96.2 :   93.6 :  2.8e-03
  Block set compression time : 4.0e+00
  Memory (GB) : 3.64e+00 : 4.51e+00 : 3.89e+00
  D_9_9 : 3.2e-01
       L_10_9 :   99.6 :   98.9 :  4.3e-03
       U_9_10 :   99.6 :   98.9 :  3.0e-03
       L_11_9 :   99.5 :   98.9 :  3.8e-03
       U_9_11 :   99.5 :   98.9 :  2.5e-03
       L_12_9 :   99.6 :   99.1 :  4.2e-03
       U_9_12 :   99.6 :   99.1 :  2.9e-03
       L_13_9 :   99.6 :   98.7 :  4.1e-03
       U_9_13 :   99.6 :   98.7 :  2.8e-03
       L_14_9 :   99.6 :   98.9 :  4.1e-03
       U_9_14 :   99.6 :   99.1 :  2.9e-03
       L_15_9 :   99.5 :   98.7 :  3.7e-03
       U_9_15 :   99.5 :   98.9 :  4.4e-03
       L_16_9 :   98.8 :   98.7 :  8.7e-02
       U_9_16 :   98.7 :   98.5 :  8.3e-02
       L_17_9 :   98.6 :   98.2 :  3.6e-02
       U_9_17 :   98.6 :   98.2 :  3.4e-02
       L_18_9 :    0.0 :    0.0 :  2.2e-01
       U_9_18 :    0.0 :    0.0 :  1.8e-01
       L_19_9 :    0.0 :    0.0 :  1.2e-01
       U_9_19 :    0.0 :    0.0 :  9.9e-02
       L_20_9 :   99.2 :   98.5 :  7.2e-02
       U_9_20 :   98.9 :   98.5 :  6.6e-02
       L_21_9 :   99.6 :   98.8 :  4.3e-03
       U_9_21 :   99.6 :   98.8 :  3.0e-03
       L_22_9 :    0.0 :    0.0 :  1.7e-01
       U_9_22 :    0.0 :    0.0 :  1.3e-01
       L_23_9 :   99.6 :   98.7 :  4.4e-03
       U_9_23 :   99.6 :   98.8 :  3.0e-03
       L_24_9 :   99.1 :   98.3 :  3.7e-03
       U_9_24 :   99.1 :   98.3 :  2.2e-03
       L_25_9 :   99.6 :   98.6 :  4.0e-03
       U_9_25 :   99.6 :   98.6 :  2.7e-03
       L_26_9 :   99.1 :   97.9 :  3.6e-03
       U_9_26 :   99.1 :   97.9 :  2.1e-03
       L_27_9 :   99.5 :   98.8 :  5.1e-03
       U_9_27 :   99.5 :   98.8 :  4.0e-03
       L_28_9 :   99.4 :   98.6 :  4.4e-03
       U_9_28 :   99.4 :   98.3 :  3.7e-03
       L_29_9 :   99.5 :   98.6 :  3.7e-03
       U_9_29 :   99.5 :   98.7 :  2.4e-03
       L_30_9 :   99.6 :   98.7 :  4.1e-03
       U_9_30 :   99.6 :   98.8 :  2.9e-03
       L_31_9 :   99.5 :   98.7 :  4.3e-03
       U_9_31 :   99.5 :   98.5 :  3.1e-03
       L_32_9 :   99.4 :   98.6 :  4.6e-03
       U_9_32 :   99.4 :   98.7 :  3.5e-03
       L_33_9 :   99.4 :   98.7 :  3.6e-03
       U_9_33 :   99.4 :   98.7 :  2.2e-03
       L_34_9 :   99.6 :   98.7 :  4.1e-03
       U_9_34 :   99.6 :   98.8 :  2.9e-03
       L_35_9 :   99.6 :   98.9 :  3.9e-03
       U_9_35 :   99.6 :   98.9 :  2.6e-03
       L_36_9 :   99.5 :   98.8 :  3.7e-03
       U_9_36 :   99.5 :   98.8 :  2.3e-03
       L_37_9 :   99.6 :   98.7 :  4.1e-03
       U_9_37 :   99.6 :   98.7 :  2.8e-03
       L_38_9 :   99.5 :   98.7 :  4.4e-03
       U_9_38 :   99.5 :   98.7 :  3.3e-03
       L_39_9 :   99.3 :   98.6 :  5.0e-03
       U_9_39 :   99.3 :   98.5 :  4.0e-03
       L_40_9 :   99.2 :   98.3 :  4.9e-03
       U_9_40 :   99.2 :   98.4 :  3.8e-03
       L_41_9 :    0.0 :    0.0 :  8.9e-02
       U_9_41 :    0.0 :    0.0 :  7.5e-02
       L_42_9 :    0.0 :    0.0 :  1.5e-01
       U_9_42 :    0.0 :    0.0 :  9.6e-02
       L_43_9 :   99.2 :   98.1 :  5.2e-03
       U_9_43 :   99.2 :   98.1 :  4.0e-03
       L_44_9 :   98.9 :   97.7 :  4.3e-03
       U_9_44 :   98.9 :   98.0 :  3.0e-03
       L_45_9 :   99.4 :   98.8 :  4.6e-03
       U_9_45 :   99.4 :   98.6 :  3.4e-03
       L_46_9 :   99.3 :   98.5 :  4.4e-03
       U_9_46 :   99.3 :   98.5 :  3.1e-03
       L_47_9 :   99.4 :   98.6 :  4.6e-03
       U_9_47 :   99.4 :   98.6 :  3.2e-03
       L_48_9 :   99.0 :   98.3 :  3.9e-03
       U_9_48 :   99.0 :   98.1 :  2.5e-03
       L_49_9 :   99.5 :   98.5 :  3.8e-03
       U_9_49 :   99.5 :   98.7 :  2.4e-03
       L_50_9 :   99.6 :   98.7 :  4.0e-03
       U_9_50 :   99.6 :   98.7 :  2.7e-03
       L_51_9 :   99.6 :   98.9 :  3.8e-03
       U_9_51 :   99.6 :   98.9 :  2.5e-03
       L_52_9 :   96.1 :   93.5 :  3.4e-03
       U_9_52 :   96.1 :   93.5 :  1.9e-03
  Block set compression time : 2.3e+00
  Memory (GB) : 3.64e+00 : 4.52e+00 : 3.89e+00
  D_10_10 : 6.5e-01
      L_11_10 :    0.0 :    0.0 :  1.5e-01
      U_10_11 :    0.0 :    0.0 :  9.8e-02
      L_12_10 :    0.0 :    0.0 :  2.8e-01
      U_10_12 :    0.0 :    0.0 :  1.9e-01
      L_13_10 :    0.0 :    0.0 :  2.7e-01
      U_10_13 :    0.0 :    0.0 :  1.6e-01
      L_14_10 :    0.0 :    0.0 :  2.7e-01
      U_10_14 :    0.0 :    0.0 :  2.1e-01
      L_15_10 :   99.3 :   98.6 :  3.4e-03
      U_10_15 :   99.3 :   98.6 :  1.7e-03
      L_16_10 :   99.7 :   98.9 :  8.1e-03
      U_10_16 :   99.7 :   99.0 :  7.5e-03
      L_17_10 :   99.4 :   98.9 :  4.8e-03
      U_10_17 :   99.4 :   98.7 :  3.9e-03
      L_18_10 :   99.7 :   98.9 :  8.2e-03
      U_10_18 :   99.7 :   98.9 :  7.6e-03
      L_19_10 :   99.5 :   98.7 :  4.7e-03
      U_10_19 :   99.5 :   98.7 :  3.8e-03
      L_20_10 :   99.5 :   98.8 :  6.0e-03
      U_10_20 :   99.5 :   98.6 :  5.6e-03
      L_21_10 :    0.0 :    0.0 :  2.1e-01
      U_10_21 :    0.0 :    0.0 :  1.4e-01
      L_22_10 :   99.5 :   98.7 :  5.9e-03
      U_10_22 :   99.5 :   98.9 :  5.1e-03
      L_23_10 :    0.0 :    0.0 :  2.1e-01
      U_10_23 :    0.0 :    0.0 :  1.7e-01
      L_24_10 :    0.0 :    0.0 :  6.2e-02
      U_10_24 :    0.0 :    0.0 :  3.9e-02
      L_25_10 :   99.4 :   98.7 :  3.4e-03
      U_10_25 :   99.4 :   98.7 :  2.0e-03
      L_26_10 :   98.6 :   97.6 :  2.7e-03
      U_10_26 :   98.6 :   97.6 :  1.3e-03
      L_27_10 :   99.7 :   98.8 :  3.8e-03
      U_10_27 :   99.7 :   98.8 :  2.7e-03
      L_28_10 :   99.3 :   98.5 :  3.3e-03
      U_10_28 :   99.3 :   98.5 :  2.1e-03
      L_29_10 :   99.4 :   98.6 :  2.8e-03
      U_10_29 :   99.4 :   98.4 :  1.4e-03
      L_30_10 :   99.4 :   98.7 :  3.5e-03
      U_10_30 :   99.4 :   98.7 :  2.2e-03
      L_31_10 :   99.4 :   98.6 :  3.4e-03
      U_10_31 :   99.4 :   98.5 :  2.3e-03
      L_32_10 :   99.5 :   98.7 :  3.6e-03
      U_10_32 :   99.5 :   98.7 :  2.3e-03
      L_33_10 :   99.1 :   98.1 :  2.7e-03
      U_10_33 :   99.1 :   98.1 :  1.4e-03
      L_34_10 :   99.4 :   98.5 :  4.0e-03
      U_10_34 :   99.4 :   98.5 :  2.6e-03
      L_35_10 :   99.3 :   98.3 :  4.0e-03
      U_10_35 :   99.3 :   98.4 :  2.6e-03
      L_36_10 :    0.0 :    0.0 :  1.6e-01
      U_10_36 :    0.0 :    0.0 :  9.2e-02
      L_37_10 :   99.3 :   98.3 :  4.2e-03
      U_10_37 :   99.3 :   98.3 :  2.6e-03
      L_38_10 :   99.4 :   98.3 :  4.4e-03
      U_10_38 :   99.4 :   98.5 :  2.7e-03
      L_39_10 :   99.5 :   98.8 :  3.6e-03
      U_10_39 :   99.5 :   98.8 :  2.4e-03
      L_40_10 :   99.5 :   98.6 :  3.3e-03
      U_10_40 :   99.5 :   98.8 :  1.9e-03
      L_41_10 :   99.5 :   98.7 :  3.2e-03
      U_10_41 :   99.5 :   98.7 :  2.0e-03
      L_42_10 :   99.7 :   98.8 :  3.8e-03
      U_10_42 :   99.7 :   98.9 :  2.5e-03
      L_43_10 :   99.7 :   98.7 :  3.0e-03
      U_10_43 :   99.7 :   98.8 :  1.7e-03
      L_44_10 :   99.5 :   98.7 :  2.5e-03
      U_10_44 :   99.5 :   98.7 :  1.2e-03
      L_45_10 :   99.4 :   98.8 :  3.9e-03
      U_10_45 :   99.4 :   98.7 :  2.6e-03
      L_46_10 :   99.4 :   98.7 :  3.4e-03
      U_10_46 :   99.4 :   98.7 :  2.2e-03
      L_47_10 :   99.6 :   98.8 :  3.2e-03
      U_10_47 :   99.6 :   98.8 :  2.0e-03
      L_48_10 :   99.4 :   98.7 :  2.4e-03
      U_10_48 :   99.4 :   98.7 :  1.0e-03
      L_49_10 :   99.3 :   98.6 :  3.0e-03
      U_10_49 :   99.3 :   98.7 :  1.6e-03
      L_50_10 :   99.7 :   98.8 :  2.9e-03
      U_10_50 :   99.7 :   98.8 :  1.7e-03
      L_51_10 :   99.0 :   98.2 :  4.2e-03
      U_10_51 :   99.0 :   98.1 :  2.8e-03
      L_52_10 :    0.0 :    0.0 :  1.3e-02
      U_10_52 :    0.0 :    0.0 :  7.0e-03
  Block set compression time : 3.6e+00
  Memory (GB) : 3.65e+00 : 4.53e+00 : 3.90e+00
  D_11_11 : 2.3e-01
      L_12_11 :    0.0 :    0.0 :  2.2e-01
      U_11_12 :    0.0 :    0.0 :  2.0e-01
      L_13_11 :   98.9 :   98.6 :  5.7e-02
      U_11_13 :   99.0 :   98.5 :  5.3e-02
      L_14_11 :   99.1 :   98.4 :  6.7e-02
      U_11_14 :   99.0 :   98.6 :  6.4e-02
      L_15_11 :   99.3 :   98.3 :  3.0e-03
      U_11_15 :   99.3 :   98.5 :  2.4e-03
      L_16_11 :   99.6 :   99.0 :  7.9e-03
      U_11_16 :   99.6 :   99.0 :  8.0e-03
      L_17_11 :   99.4 :   98.7 :  4.5e-03
      U_11_17 :   99.4 :   98.7 :  4.4e-03
      L_18_11 :   99.6 :   99.0 :  7.9e-03
      U_11_18 :   99.6 :   99.0 :  8.0e-03
      L_19_11 :   99.4 :   98.6 :  4.4e-03
      U_11_19 :   99.4 :   98.6 :  4.3e-03
      L_20_11 :   99.6 :   98.8 :  5.5e-03
      U_11_20 :   99.6 :   99.0 :  5.5e-03
      L_21_11 :   98.9 :   98.6 :  7.2e-02
      U_11_21 :   98.9 :   98.6 :  5.0e-02
      L_22_11 :   99.6 :   98.8 :  5.5e-03
      U_11_22 :   99.6 :   99.0 :  5.6e-03
      L_23_11 :   99.1 :   98.7 :  5.1e-02
      U_11_23 :   99.1 :   98.7 :  4.9e-02
      L_24_11 :    0.0 :    0.0 :  5.0e-02
      U_11_24 :    0.0 :    0.0 :  3.8e-02
      L_25_11 :   99.6 :   98.8 :  2.8e-03
      U_11_25 :   99.6 :   98.8 :  2.0e-03
      L_26_11 :   99.1 :   97.6 :  2.3e-03
      U_11_26 :   99.1 :   97.6 :  1.4e-03
      L_27_11 :   99.6 :   99.0 :  3.4e-03
      U_11_27 :   99.6 :   98.8 :  3.0e-03
      L_28_11 :   99.3 :   98.7 :  3.0e-03
      U_11_28 :   99.3 :   98.7 :  2.4e-03
      L_29_11 :   99.4 :   98.5 :  2.4e-03
      U_11_29 :   99.4 :   98.5 :  1.6e-03
      L_30_11 :   99.6 :   98.7 :  2.6e-03
      U_11_30 :   99.6 :   98.7 :  2.0e-03
      L_31_11 :   99.6 :   98.7 :  2.6e-03
      U_11_31 :   99.6 :   98.8 :  1.9e-03
      L_32_11 :   99.6 :   99.0 :  2.7e-03
      U_11_32 :   99.6 :   98.8 :  2.1e-03
      L_33_11 :   99.3 :   98.2 :  2.3e-03
      U_11_33 :   99.3 :   98.5 :  1.3e-03
      L_34_11 :   99.4 :   98.7 :  3.0e-03
      U_11_34 :   99.4 :   98.6 :  2.2e-03
      L_35_11 :   99.3 :   98.6 :  3.1e-03
      U_11_35 :   99.3 :   98.7 :  2.2e-03
      L_36_11 :   98.8 :   98.4 :  3.3e-02
      U_11_36 :   98.8 :   98.4 :  3.2e-02
      L_37_11 :   99.4 :   98.6 :  2.9e-03
      U_11_37 :   99.4 :   98.6 :  2.3e-03
      L_38_11 :   99.6 :   98.9 :  2.8e-03
      U_11_38 :   99.6 :   98.6 :  2.3e-03
      L_39_11 :   99.6 :   98.9 :  2.7e-03
      U_11_39 :   99.6 :   99.0 :  2.1e-03
      L_40_11 :   99.6 :   98.8 :  2.6e-03
      U_11_40 :   99.6 :   98.8 :  1.9e-03
      L_41_11 :   99.4 :   98.7 :  3.0e-03
      U_11_41 :   99.4 :   98.7 :  2.3e-03
      L_42_11 :   99.6 :   99.0 :  3.5e-03
      U_11_42 :   99.6 :   99.0 :  2.8e-03
      L_43_11 :   99.6 :   99.0 :  2.6e-03
      U_11_43 :   99.6 :   99.0 :  1.9e-03
      L_44_11 :   99.4 :   98.7 :  2.3e-03
      U_11_44 :   99.4 :   98.7 :  1.4e-03
      L_45_11 :   99.6 :   98.9 :  2.8e-03
      U_11_45 :   99.6 :   98.8 :  2.1e-03
      L_46_11 :   99.6 :   98.8 :  2.6e-03
      U_11_46 :   99.6 :   98.8 :  1.8e-03
      L_47_11 :   99.6 :   98.9 :  2.7e-03
      U_11_47 :   99.6 :   98.9 :  1.9e-03
      L_48_11 :   99.3 :   98.5 :  2.2e-03
      U_11_48 :   99.3 :   98.7 :  1.2e-03
      L_49_11 :   99.5 :   98.8 :  2.4e-03
      U_11_49 :   99.5 :   98.8 :  1.5e-03
      L_50_11 :   99.6 :   99.0 :  2.6e-03
      U_11_50 :   99.6 :   99.0 :  1.7e-03
      L_51_11 :   99.1 :   98.0 :  3.3e-03
      U_11_51 :   99.1 :   98.2 :  2.4e-03
      L_52_11 :   89.6 :   88.3 :  4.9e-03
      U_11_52 :   88.3 :   88.3 :  3.9e-03
  Block set compression time : 1.5e+00
  Memory (GB) : 3.65e+00 : 4.54e+00 : 3.90e+00
  D_12_12 : 1.3e+00
      L_13_12 :    0.0 :    0.0 :  4.2e-01
      U_12_13 :    0.0 :    0.0 :  3.5e-01
      L_14_12 :    0.0 :    0.0 :  5.2e-01
      U_12_14 :    0.0 :    0.0 :  3.7e-01
      L_15_12 :   99.3 :   98.6 :  7.7e-03
      U_12_15 :   99.3 :   98.6 :  4.8e-03
      L_16_12 :   99.7 :   99.1 :  1.2e-02
      U_12_16 :   99.7 :   99.1 :  1.0e-02
      L_17_12 :   99.4 :   98.9 :  8.7e-03
      U_12_17 :   99.4 :   98.9 :  6.5e-03
      L_18_12 :   99.7 :   99.1 :  1.2e-02
      U_12_18 :   99.7 :   99.1 :  1.0e-02
      L_19_12 :   99.5 :   98.9 :  8.4e-03
      U_12_19 :   99.5 :   98.9 :  6.4e-03
      L_20_12 :   99.7 :   98.9 :  9.7e-03
      U_12_20 :   99.7 :   99.0 :  7.9e-03
      L_21_12 :   98.8 :   98.7 :  1.0e-01
      U_12_21 :   98.8 :   98.8 :  1.1e-01
      L_22_12 :   99.6 :   99.0 :  9.8e-03
      U_12_22 :   99.6 :   99.0 :  7.8e-03
      L_23_12 :   99.2 :   98.8 :  1.4e-01
      U_12_23 :   99.2 :   98.9 :  1.1e-01
      L_24_12 :    0.0 :    0.0 :  1.3e-01
      U_12_24 :    0.0 :    0.0 :  9.1e-02
      L_25_12 :   99.5 :   98.9 :  7.4e-03
      U_12_25 :   99.5 :   98.9 :  4.8e-03
      L_26_12 :   98.7 :   97.6 :  6.8e-03
      U_12_26 :   98.7 :   97.6 :  4.1e-03
      L_27_12 :   99.7 :   99.1 :  7.7e-03
      U_12_27 :   99.7 :   99.0 :  5.3e-03
      L_28_12 :   99.3 :   98.9 :  7.2e-03
      U_12_28 :   99.3 :   98.9 :  4.7e-03
      L_29_12 :   99.5 :   98.9 :  6.5e-03
      U_12_29 :   99.5 :   98.9 :  3.8e-03
      L_30_12 :   99.7 :   99.0 :  6.8e-03
      U_12_30 :   99.7 :   99.0 :  4.5e-03
      L_31_12 :   99.7 :   99.0 :  6.8e-03
      U_12_31 :   99.7 :   99.0 :  4.5e-03
      L_32_12 :   99.7 :   99.0 :  7.0e-03
      U_12_32 :   99.7 :   99.0 :  4.7e-03
      L_33_12 :   99.5 :   98.9 :  6.3e-03
      U_12_33 :   99.5 :   98.7 :  3.8e-03
      L_34_12 :   99.5 :   98.9 :  8.6e-03
      U_12_34 :   99.5 :   98.9 :  1.3e-02
      L_35_12 :   99.5 :   98.8 :  1.0e-02
      U_12_35 :   99.5 :   98.9 :  6.0e-03
      L_36_12 :   98.9 :   98.8 :  7.9e-02
      U_12_36 :   98.8 :   98.8 :  6.1e-02
      L_37_12 :   99.5 :   98.9 :  7.3e-03
      U_12_37 :   99.5 :   98.9 :  4.8e-03
      L_38_12 :   99.5 :   98.9 :  7.4e-03
      U_12_38 :   99.5 :   99.0 :  4.9e-03
      L_39_12 :   99.7 :   99.1 :  7.0e-03
      U_12_39 :   99.7 :   99.1 :  4.7e-03
      L_40_12 :   99.7 :   99.0 :  6.9e-03
      U_12_40 :   99.7 :   99.0 :  4.4e-03
      L_41_12 :   99.5 :   99.0 :  7.0e-03
      U_12_41 :   99.5 :   99.0 :  4.6e-03
      L_42_12 :   99.7 :   99.1 :  7.7e-03
      U_12_42 :   99.7 :   99.1 :  5.2e-03
      L_43_12 :   99.7 :   99.1 :  6.8e-03
      U_12_43 :   99.7 :   99.0 :  4.5e-03
      L_44_12 :   99.5 :   98.9 :  1.3e-02
      U_12_44 :   99.5 :   98.9 :  5.8e-03
      L_45_12 :   99.6 :   99.0 :  1.1e-02
      U_12_45 :   99.6 :   99.0 :  4.9e-03
      L_46_12 :   99.7 :   98.9 :  1.0e-02
      U_12_46 :   99.7 :   99.0 :  8.6e-03
      L_47_12 :   99.7 :   99.0 :  8.1e-03
      U_12_47 :   99.7 :   99.0 :  4.6e-03
      L_48_12 :   99.5 :   98.7 :  6.5e-03
      U_12_48 :   99.5 :   98.9 :  3.6e-03
      L_49_12 :   99.6 :   98.8 :  6.6e-03
      U_12_49 :   99.6 :   98.8 :  4.0e-03
      L_50_12 :   99.7 :   99.0 :  6.9e-03
      U_12_50 :   99.7 :   99.0 :  4.3e-03
      L_51_12 :   99.3 :   98.8 :  7.6e-03
      U_12_51 :   99.3 :   98.8 :  5.4e-03
      L_52_12 :   84.8 :   88.6 :  1.2e-02
      U_12_52 :   86.1 :   88.6 :  8.5e-03
  Block set compression time : 4.3e+00
  Memory (GB) : 3.67e+00 : 4.56e+00 : 3.92e+00
  D_13_13 : 8.5e-01
      L_14_13 :    0.0 :    0.0 :  5.1e-01
      U_13_14 :    0.0 :    0.0 :  4.7e-01
      L_15_13 :    0.0 :    0.0 :  1.7e-01
      U_13_15 :    0.0 :    0.0 :  1.3e-01
      L_16_13 :   99.7 :   98.9 :  1.2e-02
      U_13_16 :   99.7 :   99.0 :  1.1e-02
      L_17_13 :   99.5 :   98.7 :  8.3e-03
      U_13_17 :   99.5 :   98.9 :  6.9e-03
      L_18_13 :   99.7 :   98.9 :  1.2e-02
      U_13_18 :   99.7 :   99.0 :  1.1e-02
      L_19_13 :   99.4 :   98.9 :  8.3e-03
      U_13_19 :   99.4 :   98.9 :  6.9e-03
      L_20_13 :   99.5 :   98.7 :  9.5e-03
      U_13_20 :   99.5 :   98.6 :  8.6e-03
      L_21_13 :    0.0 :    0.0 :  3.5e-01
      U_13_21 :    0.0 :    0.0 :  2.5e-01
      L_22_13 :   99.5 :   98.7 :  9.8e-03
      U_13_22 :   99.5 :   98.7 :  8.6e-03
      L_23_13 :    0.0 :    0.0 :  3.4e-01
      U_13_23 :    0.0 :    0.0 :  2.5e-01
      L_24_13 :   97.8 :   97.6 :  5.6e-02
      U_13_24 :   97.6 :   97.6 :  4.8e-02
      L_25_13 :    0.0 :    0.0 :  2.4e-01
      U_13_25 :    0.0 :    0.0 :  2.0e-01
      L_26_13 :    0.0 :    0.0 :  7.3e-02
      U_13_26 :    0.0 :    0.0 :  5.2e-02
      L_27_13 :   99.7 :   98.9 :  7.5e-03
      U_13_27 :   99.7 :   98.9 :  5.7e-03
      L_28_13 :   99.4 :   98.9 :  6.8e-03
      U_13_28 :   99.4 :   98.9 :  5.1e-03
      L_29_13 :   99.5 :   98.9 :  6.2e-03
      U_13_29 :   99.5 :   98.9 :  4.1e-03
      L_30_13 :   99.7 :   98.8 :  6.5e-03
      U_13_30 :   99.7 :   98.8 :  4.8e-03
      L_31_13 :   99.5 :   98.6 :  7.2e-03
      U_13_31 :   99.5 :   98.7 :  5.1e-03
      L_32_13 :   99.5 :   98.7 :  7.4e-03
      U_13_32 :   99.5 :   98.6 :  5.8e-03
      L_33_13 :   99.4 :   98.7 :  5.9e-03
      U_13_33 :   99.4 :   98.5 :  4.1e-03
      L_34_13 :   99.6 :   98.8 :  7.1e-03
      U_13_34 :   99.6 :   98.7 :  5.6e-03
      L_35_13 :   99.7 :   98.8 :  6.6e-03
      U_13_35 :   99.7 :   98.8 :  5.0e-03
      L_36_13 :   98.9 :   98.7 :  6.8e-02
      U_13_36 :   98.9 :   98.7 :  6.3e-02
      L_37_13 :   99.4 :   98.7 :  7.5e-03
      U_13_37 :   99.4 :   98.7 :  6.0e-03
      L_38_13 :   99.4 :   98.6 :  8.0e-03
      U_13_38 :   99.4 :   98.6 :  6.3e-03
      L_39_13 :   99.5 :   98.6 :  7.4e-03
      U_13_39 :   99.5 :   98.7 :  5.8e-03
      L_40_13 :   99.4 :   98.5 :  7.2e-03
      U_13_40 :   99.4 :   98.6 :  5.4e-03
      L_41_13 :   99.3 :   98.5 :  6.8e-03
      U_13_41 :   99.3 :   98.7 :  5.0e-03
      L_42_13 :   99.7 :   98.8 :  7.3e-03
      U_13_42 :   99.7 :   98.9 :  5.6e-03
      L_43_13 :   99.4 :   98.7 :  7.2e-03
      U_13_43 :   99.4 :   98.7 :  5.4e-03
      L_44_13 :   99.4 :   98.6 :  6.4e-03
      U_13_44 :   99.4 :   98.6 :  4.3e-03
      L_45_13 :   99.4 :   98.5 :  8.1e-03
      U_13_45 :   99.4 :   98.4 :  6.5e-03
      L_46_13 :   99.2 :   98.4 :  8.0e-03
      U_13_46 :   99.2 :   98.2 :  6.4e-03
      L_47_13 :   99.4 :   98.4 :  7.8e-03
      U_13_47 :   99.4 :   98.6 :  5.8e-03
      L_48_13 :   99.1 :   98.3 :  6.3e-03
      U_13_48 :   99.1 :   98.1 :  4.4e-03
      L_49_13 :    0.0 :    0.0 :  1.7e-01
      U_13_49 :    0.0 :    0.0 :  1.7e-01
      L_50_13 :   99.4 :   98.5 :  7.9e-03
      U_13_50 :   99.4 :   98.5 :  5.9e-03
      L_51_13 :   99.5 :   98.8 :  7.0e-03
      U_13_51 :   99.5 :   98.8 :  5.4e-03
      L_52_13 :   88.5 :   89.8 :  1.0e-02
      U_13_52 :   88.5 :   89.8 :  8.2e-03
  Block set compression time : 4.9e+00
  Memory (GB) : 3.67e+00 : 4.57e+00 : 3.93e+00
  D_14_14 : 1.5e+00
      L_15_14 :    0.0 :    0.0 :  2.7e-01
      U_14_15 :    0.0 :    0.0 :  2.6e-01
      L_16_14 :   99.7 :   99.1 :  1.5e-02
      U_14_16 :   99.7 :   99.1 :  1.3e-02
      L_17_14 :   99.5 :   98.9 :  1.2e-02
      U_14_17 :   99.5 :   98.9 :  9.2e-03
      L_18_14 :   99.7 :   99.1 :  1.5e-02
      U_14_18 :   99.7 :   99.1 :  1.3e-02
      L_19_14 :   99.4 :   98.9 :  1.1e-02
      U_14_19 :   99.4 :   98.9 :  9.0e-03
      L_20_14 :   99.6 :   99.1 :  1.3e-02
      U_14_20 :   99.6 :   99.1 :  1.1e-02
      L_21_14 :   98.9 :   98.8 :  1.9e-01
      U_14_21 :   98.9 :   98.9 :  1.8e-01
      L_22_14 :   99.7 :   99.0 :  1.3e-02
      U_14_22 :   99.7 :   99.1 :  1.1e-02
      L_23_14 :   99.1 :   98.7 :  2.0e-01
      U_14_23 :   99.0 :   98.8 :  1.8e-01
      L_24_14 :   97.4 :   97.7 :  7.0e-02
      U_14_24 :   97.1 :   97.9 :  5.8e-02
      L_25_14 :   99.0 :   98.6 :  9.6e-02
      U_14_25 :   99.1 :   98.6 :  9.0e-02
      L_26_14 :    0.0 :    0.0 :  1.2e-01
      U_14_26 :    0.0 :    0.0 :  1.1e-01
      L_27_14 :   99.7 :   99.1 :  1.1e-02
      U_14_27 :   99.7 :   99.1 :  8.0e-03
      L_28_14 :   99.5 :   98.9 :  1.0e-02
      U_14_28 :   99.5 :   98.9 :  7.3e-03
      L_29_14 :   99.5 :   98.9 :  9.4e-03
      U_14_29 :   99.5 :   98.9 :  6.4e-03
      L_30_14 :   99.7 :   99.1 :  9.8e-03
      U_14_30 :   99.7 :   99.1 :  7.1e-03
      L_31_14 :   99.7 :   99.0 :  9.9e-03
      U_14_31 :   99.7 :   99.0 :  7.2e-03
      L_32_14 :   99.7 :   98.9 :  1.0e-02
      U_14_32 :   99.7 :   99.0 :  7.5e-03
      L_33_14 :   99.5 :   98.9 :  9.2e-03
      U_14_33 :   99.5 :   98.9 :  6.3e-03
      L_34_14 :   99.7 :   98.9 :  1.0e-02
      U_14_34 :   99.7 :   99.0 :  7.6e-03
      L_35_14 :   99.7 :   99.1 :  9.9e-03
      U_14_35 :   99.7 :   99.0 :  7.4e-03
      L_36_14 :   98.9 :   98.9 :  6.7e-02
      U_14_36 :   99.1 :   98.9 :  6.5e-02
      L_37_14 :   99.7 :   98.9 :  1.0e-02
      U_14_37 :   99.7 :   98.9 :  7.7e-03
      L_38_14 :   99.6 :   98.9 :  1.0e-02
      U_14_38 :   99.6 :   98.9 :  8.0e-03
      L_39_14 :   99.7 :   99.0 :  1.0e-02
      U_14_39 :   99.7 :   99.1 :  7.8e-03
      L_40_14 :   99.7 :   99.0 :  9.8e-03
      U_14_40 :   99.7 :   99.0 :  7.2e-03
      L_41_14 :   99.3 :   99.0 :  1.0e-02
      U_14_41 :   99.3 :   99.0 :  7.2e-03
      L_42_14 :   99.7 :   99.1 :  1.1e-02
      U_14_42 :   99.7 :   99.1 :  7.8e-03
      L_43_14 :   99.7 :   98.8 :  1.6e-02
      U_14_43 :   99.7 :   99.0 :  1.3e-02
      L_44_14 :   99.5 :   98.9 :  9.4e-03
      U_14_44 :   99.5 :   98.9 :  6.5e-03
      L_45_14 :   99.5 :   99.0 :  1.8e-02
      U_14_45 :   99.5 :   99.0 :  9.2e-03
      L_46_14 :   99.5 :   98.9 :  1.0e-02
      U_14_46 :   99.5 :   98.9 :  7.6e-03
      L_47_14 :   99.6 :   98.9 :  1.0e-02
      U_14_47 :   99.6 :   98.8 :  7.7e-03
      L_48_14 :   99.5 :   98.7 :  9.3e-03
      U_14_48 :   99.5 :   98.7 :  6.3e-03
      L_49_14 :   99.1 :   98.8 :  6.9e-02
      U_14_49 :   99.1 :   98.7 :  6.4e-02
      L_50_14 :   99.5 :   98.8 :  1.1e-02
      U_14_50 :   99.5 :   98.8 :  7.9e-03
      L_51_14 :   99.7 :   98.9 :  1.0e-02
      U_14_51 :   99.6 :   99.0 :  7.6e-03
      L_52_14 :   88.6 :   89.9 :  1.4e-02
      U_14_52 :   89.9 :   91.2 :  2.5e-02
  Block set compression time : 4.2e+00
  Memory (GB) : 3.69e+00 : 4.59e+00 : 3.94e+00
  D_15_15 : 2.6e-01
      L_16_15 :   99.6 :   99.0 :  9.4e-03
      U_15_16 :   99.6 :   99.0 :  9.2e-03
      L_17_15 :   99.4 :   98.6 :  5.8e-03
      U_15_17 :   99.4 :   98.6 :  5.5e-03
      L_18_15 :   99.6 :   99.0 :  9.3e-03
      U_15_18 :   99.6 :   98.8 :  9.2e-03
      L_19_15 :   99.4 :   98.6 :  5.8e-03
      U_15_19 :   99.4 :   98.6 :  5.5e-03
      L_20_15 :   99.6 :   99.0 :  6.9e-03
      U_15_20 :   99.6 :   98.8 :  6.8e-03
      L_21_15 :   99.0 :   98.6 :  5.7e-02
      U_15_21 :   99.0 :   98.7 :  5.0e-02
      L_22_15 :   99.6 :   99.0 :  6.9e-03
      U_15_22 :   99.6 :   98.8 :  6.8e-03
      L_23_15 :   98.7 :   98.6 :  5.3e-02
      U_15_23 :   98.8 :   98.6 :  5.1e-02
      L_24_15 :   98.5 :   97.6 :  4.7e-03
      U_15_24 :   98.5 :   97.6 :  4.5e-03
      L_25_15 :   98.4 :   98.2 :  6.2e-02
      U_15_25 :   98.7 :   98.1 :  4.7e-02
      L_26_15 :    0.0 :    0.0 :  7.0e-02
      U_15_26 :    0.0 :    0.0 :  8.0e-02
      L_27_15 :   99.6 :   99.0 :  6.5e-03
      U_15_27 :   99.6 :   98.8 :  4.3e-03
      L_28_15 :   99.3 :   98.7 :  4.7e-03
      U_15_28 :   99.3 :   98.5 :  3.7e-03
      L_29_15 :   99.4 :   98.7 :  3.8e-03
      U_15_29 :   99.4 :   98.5 :  2.8e-03
      L_30_15 :   99.6 :   98.8 :  4.1e-03
      U_15_30 :   99.6 :   98.8 :  3.2e-03
      L_31_15 :   99.6 :   99.0 :  4.0e-03
      U_15_31 :   99.6 :   98.8 :  3.2e-03
      L_32_15 :   99.6 :   98.9 :  4.2e-03
      U_15_32 :   99.6 :   98.9 :  3.4e-03
      L_33_15 :   99.3 :   98.7 :  3.6e-03
      U_15_33 :   99.3 :   98.4 :  2.4e-03
      L_34_15 :   99.6 :   98.9 :  4.2e-03
      U_15_34 :   99.6 :   98.9 :  3.3e-03
      L_35_15 :   99.6 :   99.0 :  4.0e-03
      U_15_35 :   99.6 :   98.8 :  3.2e-03
      L_36_15 :   99.3 :   98.8 :  4.7e-03
      U_15_36 :   99.3 :   98.6 :  4.2e-03
      L_37_15 :   99.6 :   98.8 :  4.1e-03
      U_15_37 :   99.6 :   98.8 :  3.3e-03
      L_38_15 :   99.6 :   98.8 :  4.3e-03
      U_15_38 :   99.6 :   98.9 :  3.6e-03
      L_39_15 :   99.6 :   98.9 :  4.2e-03
      U_15_39 :   99.6 :   98.9 :  3.4e-03
      L_40_15 :   99.6 :   99.0 :  7.9e-03
      U_15_40 :   99.6 :   98.8 :  1.2e-02
      L_41_15 :   99.4 :   98.7 :  4.4e-03
      U_15_41 :   99.4 :   98.5 :  3.7e-03
      L_42_15 :   99.6 :   98.8 :  8.6e-03
      U_15_42 :   99.6 :   98.8 :  8.2e-03
      L_43_15 :   99.6 :   98.5 :  5.5e-03
      U_15_43 :   99.6 :   98.8 :  3.4e-03
      L_44_15 :   99.4 :   98.7 :  3.8e-03
      U_15_44 :   99.4 :   98.5 :  2.8e-03
      L_45_15 :   99.6 :   98.8 :  4.4e-03
      U_15_45 :   99.6 :   98.8 :  3.7e-03
      L_46_15 :   99.4 :   98.5 :  4.2e-03
      U_15_46 :   99.4 :   98.7 :  3.5e-03
      L_47_15 :   99.4 :   98.7 :  4.5e-03
      U_15_47 :   99.4 :   98.6 :  3.7e-03
      L_48_15 :   99.3 :   98.2 :  3.6e-03
      U_15_48 :   99.3 :   98.2 :  2.5e-03
      L_49_15 :   98.8 :   98.2 :  3.6e-02
      U_15_49 :   98.6 :   98.2 :  3.3e-02
      L_50_15 :   99.3 :   98.7 :  4.9e-03
      U_15_50 :   99.3 :   98.7 :  4.3e-03
      L_51_15 :   99.5 :   98.9 :  4.3e-03
      U_15_51 :   99.5 :   98.8 :  3.3e-03
      L_52_15 :   93.5 :   92.2 :  3.5e-03
      U_15_52 :   93.5 :   92.2 :  2.9e-03
  Block set compression time : 1.1e+00
  Memory (GB) : 3.69e+00 : 4.59e+00 : 3.94e+00
  D_16_16 : 8.2e-01
      L_17_16 :    0.0 :    0.0 :  2.6e-01
      U_16_17 :    0.0 :    0.0 :  2.5e-01
      L_18_16 :    0.0 :    0.0 :  4.2e-01
      U_16_18 :    0.0 :    0.0 :  4.0e-01
      L_19_16 :    0.0 :    0.0 :  2.0e-01
      U_16_19 :    0.0 :    0.0 :  1.7e-01
      L_20_16 :   98.7 :   98.7 :  1.8e-01
      U_16_20 :   98.8 :   98.6 :  1.9e-01
      L_21_16 :   99.6 :   98.8 :  2.0e-02
      U_16_21 :   99.6 :   98.8 :  1.0e-02
      L_22_16 :   98.7 :   98.7 :  1.3e-01
      U_16_22 :   98.7 :   98.7 :  1.3e-01
      L_23_16 :   99.6 :   98.8 :  1.2e-02
      U_16_23 :   99.6 :   98.8 :  9.9e-03
      L_24_16 :   99.2 :   98.1 :  9.4e-03
      U_16_24 :   99.2 :   98.3 :  7.3e-03
      L_25_16 :   99.6 :   99.0 :  1.0e-02
      U_16_25 :   99.6 :   99.0 :  8.3e-03
      L_26_16 :   99.2 :   98.3 :  9.2e-03
      U_16_26 :   99.2 :   98.3 :  7.2e-03
      L_27_16 :   99.1 :   98.8 :  7.5e-02
      U_16_27 :   99.1 :   98.7 :  6.8e-02
      L_28_16 :   98.3 :   98.5 :  6.0e-02
      U_16_28 :   98.7 :   98.5 :  5.6e-02
      L_29_16 :   99.5 :   98.8 :  9.0e-03
      U_16_29 :   99.5 :   98.7 :  6.9e-03
      L_30_16 :   99.6 :   98.7 :  9.6e-03
      U_16_30 :   99.6 :   98.8 :  7.7e-03
      L_31_16 :   99.6 :   98.8 :  9.5e-03
      U_16_31 :   99.6 :   98.7 :  7.7e-03
      L_32_16 :   99.7 :   98.8 :  9.7e-03
      U_16_32 :   99.7 :   98.9 :  8.2e-03
      L_33_16 :   99.4 :   98.8 :  8.7e-03
      U_16_33 :   99.4 :   98.6 :  6.6e-03
      L_34_16 :   99.7 :   98.9 :  9.4e-03
      U_16_34 :   99.7 :   98.9 :  7.6e-03
      L_35_16 :   99.6 :   98.9 :  9.2e-03
      U_16_35 :   99.6 :   98.8 :  7.3e-03
      L_36_16 :   99.6 :   99.0 :  9.5e-03
      U_16_36 :   99.6 :   99.0 :  7.6e-03
      L_37_16 :   99.6 :   98.8 :  9.4e-03
      U_16_37 :   99.6 :   98.8 :  1.9e-02
      L_38_16 :   99.7 :   98.9 :  1.1e-02
      U_16_38 :   99.7 :   98.9 :  1.1e-02
      L_39_16 :   99.7 :   98.9 :  1.6e-02
      U_16_39 :   99.7 :   98.9 :  7.9e-03
      L_40_16 :   99.6 :   98.8 :  9.8e-03
      U_16_40 :   99.6 :   98.8 :  7.6e-03
      L_41_16 :   98.9 :   98.9 :  3.9e-02
      U_16_41 :   98.9 :   98.7 :  3.7e-02
      L_42_16 :   99.5 :   98.8 :  1.1e-02
      U_16_42 :   99.5 :   98.8 :  8.6e-03
      L_43_16 :   99.6 :   98.8 :  9.4e-03
      U_16_43 :   99.6 :   98.8 :  7.5e-03
      L_44_16 :   99.5 :   98.8 :  8.8e-03
      U_16_44 :   99.5 :   98.7 :  6.8e-03
      L_45_16 :   99.7 :   98.9 :  9.5e-03
      U_16_45 :   99.7 :   98.9 :  7.8e-03
      L_46_16 :   99.6 :   98.9 :  9.3e-03
      U_16_46 :   99.6 :   98.8 :  7.5e-03
      L_47_16 :   99.7 :   98.9 :  9.4e-03
      U_16_47 :   99.7 :   98.9 :  7.5e-03
      L_48_16 :   99.4 :   98.8 :  8.7e-03
      U_16_48 :   99.4 :   98.8 :  6.5e-03
      L_49_16 :   99.6 :   99.0 :  9.6e-03
      U_16_49 :   99.6 :   99.0 :  7.5e-03
      L_50_16 :   99.7 :   98.9 :  9.4e-03
      U_16_50 :   99.7 :   99.0 :  7.3e-03
      L_51_16 :   99.6 :   99.0 :  9.1e-03
      U_16_51 :   99.6 :   99.0 :  7.2e-03
      L_52_16 :   96.2 :   93.6 :  8.4e-03
      U_16_52 :   96.2 :   93.6 :  6.1e-03
  Block set compression time : 4.0e+00
  Memory (GB) : 3.70e+00 : 4.60e+00 : 3.95e+00
  D_17_17 : 2.0e-01
      L_18_17 :    0.0 :    0.0 :  2.4e-01
      U_17_18 :    0.0 :    0.0 :  2.6e-01
      L_19_17 :    0.0 :    0.0 :  1.3e-01
      U_17_19 :    0.0 :    0.0 :  1.2e-01
      L_20_17 :   98.0 :   98.3 :  1.0e-01
      U_17_20 :   98.2 :   98.3 :  1.0e-01
      L_21_17 :   99.3 :   98.8 :  8.1e-03
      U_17_21 :   99.3 :   98.7 :  7.3e-03
      L_22_17 :   97.8 :   98.5 :  7.5e-02
      U_17_22 :   98.0 :   98.3 :  9.9e-02
      L_23_17 :   99.2 :   98.7 :  8.2e-03
      U_17_23 :   99.2 :   98.8 :  7.4e-03
      L_24_17 :   99.0 :   98.1 :  5.5e-03
      U_17_24 :   99.0 :   98.1 :  4.5e-03
      L_25_17 :   99.5 :   98.8 :  6.3e-03
      U_17_25 :   99.5 :   98.8 :  5.6e-03
      L_26_17 :   99.0 :   98.0 :  5.3e-03
      U_17_26 :   99.0 :   98.0 :  4.4e-03
      L_27_17 :   98.3 :   98.5 :  3.6e-02
      U_17_27 :   98.5 :   98.3 :  3.4e-02
      L_28_17 :   97.8 :   98.1 :  3.4e-02
      U_17_28 :   97.8 :   97.8 :  3.3e-02
      L_29_17 :   99.4 :   98.3 :  5.1e-03
      U_17_29 :   99.4 :   98.3 :  3.9e-03
      L_30_17 :   99.2 :   98.5 :  5.9e-03
      U_17_30 :   99.2 :   98.7 :  4.9e-03
      L_31_17 :   99.2 :   98.5 :  5.8e-03
      U_17_31 :   99.2 :   98.5 :  4.9e-03
      L_32_17 :   99.2 :   98.6 :  6.1e-03
      U_17_32 :   99.2 :   98.6 :  5.3e-03
      L_33_17 :   99.3 :   98.5 :  4.8e-03
      U_17_33 :   99.3 :   98.5 :  3.6e-03
      L_34_17 :   99.5 :   98.6 :  5.4e-03
      U_17_34 :   99.5 :   98.7 :  4.6e-03
      L_35_17 :   99.5 :   98.8 :  5.3e-03
      U_17_35 :   99.5 :   98.8 :  4.4e-03
      L_36_17 :   99.2 :   98.6 :  5.8e-03
      U_17_36 :   99.2 :   98.6 :  4.9e-03
      L_37_17 :   99.5 :   98.5 :  5.5e-03
      U_17_37 :   99.5 :   98.5 :  4.6e-03
      L_38_17 :   99.5 :   98.6 :  5.6e-03
      U_17_38 :   99.5 :   98.7 :  4.8e-03
      L_39_17 :   99.4 :   98.6 :  5.9e-03
      U_17_39 :   99.4 :   98.6 :  5.1e-03
      L_40_17 :   99.5 :   98.7 :  5.4e-03
      U_17_40 :   99.5 :   98.7 :  4.5e-03
      L_41_17 :   98.1 :   98.1 :  2.2e-02
      U_17_41 :   98.1 :   98.1 :  2.2e-02
      L_42_17 :   99.2 :   98.5 :  6.9e-03
      U_17_42 :   99.2 :   98.7 :  5.8e-03
      L_43_17 :   99.3 :   98.7 :  5.5e-03
      U_17_43 :   99.3 :   98.7 :  4.6e-03
      L_44_17 :   99.4 :   98.5 :  5.0e-03
      U_17_44 :   99.4 :   98.5 :  3.8e-03
      L_45_17 :   99.5 :   98.7 :  5.5e-03
      U_17_45 :   99.5 :   98.7 :  4.7e-03
      L_46_17 :   99.3 :   98.8 :  5.5e-03
      U_17_46 :   99.3 :   98.7 :  4.7e-03
      L_47_17 :   99.4 :   98.7 :  5.7e-03
      U_17_47 :   99.4 :   98.9 :  4.7e-03
      L_48_17 :   99.3 :   98.5 :  8.1e-03
      U_17_48 :   99.3 :   98.5 :  1.2e-02
      L_49_17 :   99.4 :   98.6 :  6.4e-03
      U_17_49 :   99.4 :   98.6 :  4.8e-03
      L_50_17 :   99.5 :   98.9 :  5.5e-03
      U_17_50 :   99.5 :   98.9 :  5.1e-03
      L_51_17 :   99.5 :   98.8 :  1.0e-02
      U_17_51 :   99.5 :   98.8 :  6.6e-03
      L_52_17 :   94.7 :   93.4 :  4.7e-03
      U_17_52 :   94.7 :   93.4 :  3.3e-03
  Block set compression time : 1.8e+00
  Memory (GB) : 3.70e+00 : 4.61e+00 : 3.95e+00
  D_18_18 : 9.5e-01
      L_19_18 :    0.0 :    0.0 :  3.1e-01
      U_18_19 :    0.0 :    0.0 :  3.1e-01
      L_20_18 :   98.7 :   98.7 :  1.4e-01
      U_18_20 :   98.6 :   98.7 :  1.4e-01
      L_21_18 :   99.7 :   99.0 :  1.4e-02
      U_18_21 :   99.7 :   98.8 :  1.2e-02
      L_22_18 :   98.6 :   98.7 :  2.1e-01
      U_18_22 :   98.6 :   98.7 :  1.9e-01
      L_23_18 :   99.5 :   98.8 :  1.4e-02
      U_18_23 :   99.7 :   98.8 :  1.2e-02
      L_24_18 :   99.2 :   98.1 :  1.1e-02
      U_18_24 :   99.2 :   98.1 :  9.2e-03
      L_25_18 :   99.6 :   99.0 :  1.2e-02
      U_18_25 :   99.6 :   98.9 :  1.0e-02
      L_26_18 :   99.2 :   98.3 :  1.1e-02
      U_18_26 :   99.2 :   98.1 :  9.1e-03
      L_27_18 :   99.4 :   98.8 :  1.3e-02
      U_18_27 :   99.4 :   98.8 :  1.2e-02
      L_28_18 :   98.7 :   98.7 :  4.2e-02
      U_18_28 :   98.5 :   98.5 :  4.0e-02
      L_29_18 :   99.5 :   98.8 :  1.1e-02
      U_18_29 :   99.5 :   98.7 :  8.8e-03
      L_30_18 :   99.6 :   98.8 :  1.2e-02
      U_18_30 :   99.6 :   98.8 :  9.6e-03
      L_31_18 :   99.6 :   98.8 :  1.2e-02
      U_18_31 :   99.6 :   98.7 :  9.8e-03
      L_32_18 :   99.7 :   98.9 :  1.2e-02
      U_18_32 :   99.7 :   98.8 :  1.0e-02
      L_33_18 :   99.4 :   98.8 :  1.1e-02
      U_18_33 :   99.4 :   98.6 :  8.5e-03
      L_34_18 :   99.7 :   98.9 :  1.2e-02
      U_18_34 :   99.7 :   98.9 :  9.6e-03
      L_35_18 :   99.7 :   99.0 :  1.1e-02
      U_18_35 :   99.7 :   99.0 :  9.3e-03
      L_36_18 :   99.6 :   99.0 :  1.2e-02
      U_18_36 :   99.6 :   99.0 :  9.6e-03
      L_37_18 :   99.6 :   98.8 :  1.2e-02
      U_18_37 :   99.6 :   98.8 :  9.5e-03
      L_38_18 :   99.7 :   98.9 :  1.2e-02
      U_18_38 :   99.7 :   98.9 :  9.9e-03
      L_39_18 :   99.7 :   98.9 :  1.2e-02
      U_18_39 :   99.7 :   98.8 :  1.0e-02
      L_40_18 :   99.6 :   98.7 :  1.2e-02
      U_18_40 :   99.6 :   98.7 :  9.9e-03
      L_41_18 :   98.7 :   98.7 :  6.2e-02
      U_18_41 :   98.1 :   98.5 :  6.1e-02
      L_42_18 :   99.2 :   98.7 :  8.6e-02
      U_18_42 :   98.9 :   98.7 :  6.2e-02
      L_43_18 :   99.6 :   98.8 :  1.2e-02
      U_18_43 :   99.6 :   98.8 :  9.8e-03
      L_44_18 :   99.5 :   98.8 :  1.1e-02
      U_18_44 :   99.5 :   98.7 :  2.0e-02
      L_45_18 :   99.7 :   98.9 :  1.3e-02
      U_18_45 :   99.7 :   98.9 :  1.0e-02
      L_46_18 :   99.6 :   98.8 :  2.1e-02
      U_18_46 :   99.6 :   98.7 :  9.8e-03
      L_47_18 :   99.7 :   98.9 :  1.2e-02
      U_18_47 :   99.7 :   98.9 :  9.7e-03
      L_48_18 :   99.4 :   98.6 :  1.1e-02
      U_18_48 :   99.4 :   98.6 :  8.7e-03
      L_49_18 :   99.6 :   99.0 :  1.2e-02
      U_18_49 :   99.6 :   99.0 :  9.6e-03
      L_50_18 :   99.7 :   98.9 :  1.2e-02
      U_18_50 :   99.7 :   98.9 :  9.3e-03
      L_51_18 :   99.6 :   99.0 :  1.1e-02
      U_18_51 :   99.6 :   98.9 :  9.1e-03
      L_52_18 :   96.2 :   93.6 :  1.1e-02
      U_18_52 :   96.2 :   93.6 :  8.0e-03
  Block set compression time : 3.2e+00
  Memory (GB) : 3.70e+00 : 4.62e+00 : 3.96e+00
  D_19_19 : 2.3e-01
      L_20_19 :   98.0 :   98.5 :  8.0e-02
      U_19_20 :   97.6 :   98.5 :  7.6e-02
      L_21_19 :   99.2 :   98.8 :  9.3e-03
      U_19_21 :   99.2 :   98.8 :  8.3e-03
      L_22_19 :   98.1 :   98.3 :  1.2e-01
      U_19_22 :   97.6 :   98.1 :  9.9e-02
      L_23_19 :   99.3 :   98.7 :  9.3e-03
      U_19_23 :   99.3 :   98.7 :  8.3e-03
      L_24_19 :   99.0 :   98.1 :  6.5e-03
      U_19_24 :   99.0 :   98.1 :  5.3e-03
      L_25_19 :   99.3 :   98.8 :  7.5e-03
      U_19_25 :   99.3 :   98.6 :  6.6e-03
      L_26_19 :   99.0 :   98.0 :  6.4e-03
      U_19_26 :   99.0 :   98.0 :  5.3e-03
      L_27_19 :   99.0 :   98.7 :  8.2e-03
      U_19_27 :   99.0 :   98.7 :  7.5e-03
      L_28_19 :   97.8 :   98.6 :  2.3e-02
      U_19_28 :   97.8 :   98.3 :  2.2e-02
      L_29_19 :   99.4 :   98.5 :  6.0e-03
      U_19_29 :   99.4 :   98.5 :  4.7e-03
      L_30_19 :   99.5 :   98.7 :  6.6e-03
      U_19_30 :   99.5 :   98.7 :  5.5e-03
      L_31_19 :   99.5 :   98.6 :  6.5e-03
      U_19_31 :   99.5 :   98.6 :  5.5e-03
      L_32_19 :   99.2 :   98.6 :  7.2e-03
      U_19_32 :   99.2 :   98.7 :  6.2e-03
      L_33_19 :   99.3 :   98.5 :  5.8e-03
      U_19_33 :   99.3 :   98.3 :  4.5e-03
      L_34_19 :   99.3 :   98.9 :  6.7e-03
      U_19_34 :   99.3 :   98.7 :  5.7e-03
      L_35_19 :   99.5 :   98.8 :  6.4e-03
      U_19_35 :   99.5 :   98.8 :  5.3e-03
      L_36_19 :   99.4 :   98.6 :  6.8e-03
      U_19_36 :   99.4 :   98.6 :  5.7e-03
      L_37_19 :   99.3 :   98.8 :  6.7e-03
      U_19_37 :   99.3 :   98.7 :  5.6e-03
      L_38_19 :   99.5 :   98.7 :  6.6e-03
      U_19_38 :   99.5 :   98.7 :  5.7e-03
      L_39_19 :   99.2 :   98.7 :  7.2e-03
      U_19_39 :   99.2 :   98.6 :  6.3e-03
      L_40_19 :   99.2 :   98.5 :  6.9e-03
      U_19_40 :   99.2 :   98.5 :  5.9e-03
      L_41_19 :   97.9 :   98.1 :  3.5e-02
      U_19_41 :   97.6 :   98.1 :  5.4e-02
      L_42_19 :   98.7 :   98.5 :  3.7e-02
      U_19_42 :   98.5 :   98.5 :  3.4e-02
      L_43_19 :   99.2 :   98.5 :  7.1e-03
      U_19_43 :   99.2 :   98.5 :  6.0e-03
      L_44_19 :   99.4 :   98.3 :  6.1e-03
      U_19_44 :   99.4 :   98.3 :  4.8e-03
      L_45_19 :   99.5 :   98.7 :  6.7e-03
      U_19_45 :   99.5 :   98.7 :  5.8e-03
      L_46_19 :   99.5 :   98.7 :  6.5e-03
      U_19_46 :   99.5 :   98.7 :  5.5e-03
      L_47_19 :   99.5 :   98.5 :  6.6e-03
      U_19_47 :   99.5 :   98.7 :  5.6e-03
      L_48_19 :   99.0 :   98.3 :  6.0e-03
      U_19_48 :   99.0 :   98.5 :  4.7e-03
      L_49_19 :   99.4 :   98.6 :  6.8e-03
      U_19_49 :   99.4 :   98.6 :  5.7e-03
      L_50_19 :   99.5 :   98.7 :  6.5e-03
      U_19_50 :   99.5 :   98.9 :  5.4e-03
      L_51_19 :   99.5 :   98.8 :  6.2e-03
      U_19_51 :   99.5 :   98.8 :  5.1e-03
      L_52_19 :   96.0 :   93.4 :  5.6e-03
      U_19_52 :   96.0 :   93.4 :  4.1e-03
  Block set compression time : 1.2e+00
  Memory (GB) : 3.71e+00 : 4.62e+00 : 3.96e+00
  D_20_20 : 7.4e-01
      L_21_20 :   99.4 :   98.7 :  1.1e-02
      U_20_21 :   99.4 :   98.6 :  9.3e-03
      L_22_20 :    0.0 :    0.0 :  4.2e-01
      U_20_22 :    0.0 :    0.0 :  3.5e-01
      L_23_20 :   99.4 :   98.7 :  1.1e-02
      U_20_23 :   99.4 :   98.7 :  8.8e-03
      L_24_20 :   99.2 :   98.1 :  7.3e-03
      U_20_24 :   99.2 :   97.8 :  5.3e-03
      L_25_20 :   99.5 :   98.9 :  8.5e-03
      U_20_25 :   99.5 :   98.9 :  6.7e-03
      L_26_20 :   98.9 :   98.3 :  7.3e-03
      U_20_26 :   98.9 :   98.3 :  5.3e-03
      L_27_20 :   98.7 :   98.2 :  6.5e-02
      U_20_27 :   98.8 :   98.5 :  8.1e-02
      L_28_20 :    0.0 :    0.0 :  2.0e-01
      U_20_28 :    0.0 :    0.0 :  1.5e-01
      L_29_20 :   99.2 :   98.2 :  7.8e-03
      U_20_29 :   99.2 :   98.0 :  5.7e-03
      L_30_20 :    0.0 :    0.0 :  3.0e-01
      U_20_30 :    0.0 :    0.0 :  2.7e-01
      L_31_20 :    0.0 :    0.0 :  3.0e-01
      U_20_31 :    0.0 :    0.0 :  2.5e-01
      L_32_20 :    0.0 :    0.0 :  3.7e-01
      U_20_32 :    0.0 :    0.0 :  2.9e-01
      L_33_20 :   99.0 :   98.4 :  7.7e-03
      U_20_33 :   99.0 :   98.4 :  5.4e-03
      L_34_20 :   99.3 :   98.4 :  9.3e-03
      U_20_34 :   99.3 :   98.4 :  7.4e-03
      L_35_20 :   99.6 :   98.7 :  7.4e-03
      U_20_35 :   99.6 :   98.6 :  5.6e-03
      L_36_20 :   99.5 :   98.5 :  7.6e-03
      U_20_36 :   99.5 :   98.5 :  5.8e-03
      L_37_20 :   99.3 :   98.3 :  9.2e-03
      U_20_37 :   99.3 :   98.2 :  7.3e-03
      L_38_20 :   99.3 :   98.3 :  9.4e-03
      U_20_38 :   99.3 :   98.4 :  7.8e-03
      L_39_20 :    0.0 :    0.0 :  4.0e-01
      U_20_39 :    0.0 :    0.0 :  2.9e-01
      L_40_20 :   99.4 :   98.3 :  8.9e-03
      U_20_40 :   99.4 :   98.4 :  6.9e-03
      L_41_20 :   98.7 :   98.5 :  3.7e-02
      U_20_41 :   98.7 :   98.3 :  3.5e-02
      L_42_20 :   99.4 :   98.7 :  9.4e-03
      U_20_42 :   99.4 :   98.8 :  7.4e-03
      L_43_20 :   99.4 :   98.7 :  8.4e-03
      U_20_43 :   99.4 :   98.7 :  6.5e-03
      L_44_20 :   99.5 :   98.8 :  6.8e-03
      U_20_44 :   99.5 :   98.7 :  4.8e-03
      L_45_20 :   99.4 :   98.6 :  8.8e-03
      U_20_45 :   99.4 :   98.7 :  7.0e-03
      L_46_20 :   99.4 :   98.6 :  8.4e-03
      U_20_46 :   99.4 :   98.6 :  6.6e-03
      L_47_20 :   99.5 :   98.6 :  8.0e-03
      U_20_47 :   99.5 :   98.7 :  6.0e-03
      L_48_20 :   99.4 :   98.6 :  6.7e-03
      U_20_48 :   99.4 :   98.6 :  4.5e-03
      L_49_20 :   99.5 :   98.8 :  7.6e-03
      U_20_49 :   99.5 :   98.8 :  6.4e-03
      L_50_20 :   99.7 :   99.0 :  2.0e-02
      U_20_50 :   99.7 :   98.9 :  5.5e-03
      L_51_20 :   99.6 :   98.9 :  7.2e-03
      U_20_51 :   99.6 :   99.0 :  5.2e-03
      L_52_20 :   94.9 :   92.3 :  1.0e-02
      U_20_52 :   94.9 :   91.0 :  8.2e-03
  Block set compression time : 4.9e+00
  Memory (GB) : 3.71e+00 : 4.63e+00 : 3.97e+00
  D_21_21 : 7.8e-01
      L_22_21 :   99.4 :   98.6 :  2.0e-02
      U_21_22 :   99.4 :   98.7 :  1.1e-02
      L_23_21 :    0.0 :    0.0 :  4.7e-01
      U_21_23 :    0.0 :    0.0 :  4.1e-01
      L_24_21 :   97.0 :   97.3 :  3.0e-02
      U_21_24 :   97.0 :   97.0 :  2.5e-02
      L_25_21 :   99.2 :   98.7 :  7.5e-02
      U_21_25 :   99.0 :   98.7 :  6.8e-02
      L_26_21 :   97.2 :   97.8 :  2.7e-02
      U_21_26 :   97.2 :   97.5 :  2.4e-02
      L_27_21 :   99.4 :   98.7 :  8.6e-03
      U_21_27 :   99.4 :   98.7 :  7.2e-03
      L_28_21 :   99.0 :   98.5 :  7.6e-03
      U_21_28 :   99.0 :   98.5 :  6.2e-03
      L_29_21 :   99.2 :   98.4 :  7.0e-03
      U_21_29 :   99.2 :   98.4 :  5.3e-03
      L_30_21 :   99.3 :   98.5 :  9.7e-03
      U_21_30 :   99.3 :   98.4 :  8.3e-03
      L_31_21 :   99.3 :   98.3 :  9.5e-03
      U_21_31 :   99.3 :   98.2 :  8.3e-03
      L_32_21 :   99.3 :   98.6 :  1.0e-02
      U_21_32 :   99.3 :   98.5 :  9.1e-03
      L_33_21 :   99.0 :   98.1 :  6.8e-03
      U_21_33 :   99.0 :   98.1 :  5.2e-03
      L_34_21 :    0.0 :    0.0 :  4.1e-01
      U_21_34 :    0.0 :    0.0 :  3.0e-01
      L_35_21 :   99.2 :   98.3 :  9.3e-03
      U_21_35 :   99.2 :   98.4 :  7.6e-03
      L_36_21 :    0.0 :    0.0 :  2.5e-01
      U_21_36 :    0.0 :    0.0 :  2.4e-01
      L_37_21 :    0.0 :    0.0 :  3.4e-01
      U_21_37 :    0.0 :    0.0 :  2.8e-01
      L_38_21 :    0.0 :    0.0 :  4.2e-01
      U_21_38 :    0.0 :    0.0 :  3.2e-01
      L_39_21 :   99.5 :   98.6 :  9.9e-03
      U_21_39 :   99.5 :   98.6 :  8.6e-03
      L_40_21 :   99.4 :   98.6 :  8.0e-03
      U_21_40 :   99.4 :   98.5 :  6.6e-03
      L_41_21 :   99.4 :   98.7 :  6.9e-03
      U_21_41 :   99.4 :   98.7 :  5.4e-03
      L_42_21 :   99.5 :   98.8 :  8.0e-03
      U_21_42 :   99.5 :   98.8 :  6.5e-03
      L_43_21 :   99.5 :   98.6 :  7.4e-03
      U_21_43 :   99.5 :   98.7 :  5.7e-03
      L_44_21 :   99.5 :   98.7 :  6.3e-03
      U_21_44 :   99.5 :   98.7 :  4.4e-03
      L_45_21 :    0.0 :    0.0 :  4.1e-01
      U_21_45 :    0.0 :    0.0 :  3.2e-01
      L_46_21 :   99.4 :   98.4 :  8.3e-03
      U_21_46 :   99.4 :   98.4 :  7.0e-03
      L_47_21 :   99.4 :   98.8 :  8.1e-03
      U_21_47 :   99.4 :   98.7 :  6.8e-03
      L_48_21 :   99.2 :   98.5 :  6.4e-03
      U_21_48 :   99.2 :   98.6 :  4.5e-03
      L_49_21 :   99.0 :   98.5 :  6.6e-02
      U_21_49 :   98.8 :   98.5 :  5.8e-02
      L_50_21 :   99.6 :   98.8 :  7.6e-03
      U_21_50 :   99.6 :   98.7 :  6.1e-03
      L_51_21 :   99.3 :   98.4 :  8.6e-03
      U_21_51 :   99.3 :   98.4 :  7.1e-03
      L_52_21 :    0.0 :    0.0 :  2.5e-02
      U_21_52 :    0.0 :    0.0 :  1.9e-02
  Block set compression time : 5.7e+00
  Memory (GB) : 3.72e+00 : 4.64e+00 : 3.98e+00
  D_22_22 : 8.0e-01
      L_23_22 :   99.3 :   98.7 :  1.4e-02
      U_22_23 :   99.3 :   98.7 :  1.2e-02
      L_24_22 :   99.2 :   98.1 :  8.6e-03
      U_22_24 :   99.2 :   98.1 :  6.2e-03
      L_25_22 :   99.6 :   98.9 :  9.7e-03
      U_22_25 :   99.6 :   98.9 :  7.7e-03
      L_26_22 :   99.2 :   98.0 :  8.6e-03
      U_22_26 :   99.2 :   98.0 :  6.3e-03
      L_27_22 :   99.3 :   98.7 :  1.1e-02
      U_22_27 :   99.3 :   98.8 :  9.2e-03
      L_28_22 :   98.3 :   98.3 :  6.4e-02
      U_22_28 :   98.3 :   98.5 :  5.8e-02
      L_29_22 :   99.5 :   98.8 :  8.2e-03
      U_22_29 :   99.5 :   98.7 :  5.9e-03
      L_30_22 :   99.2 :   98.7 :  7.4e-02
      U_22_30 :   99.2 :   98.7 :  6.5e-02
      L_31_22 :   99.2 :   98.5 :  6.8e-02
      U_22_31 :   98.8 :   98.2 :  6.4e-02
      L_32_22 :    0.0 :    0.0 :  4.7e-01
      U_22_32 :    0.0 :    0.0 :  3.7e-01
      L_33_22 :   99.4 :   98.6 :  8.3e-03
      U_22_33 :   99.4 :   98.6 :  5.6e-03
      L_34_22 :   99.4 :   98.7 :  1.1e-02
      U_22_34 :   99.5 :   98.9 :  8.8e-03
      L_35_22 :   99.6 :   98.9 :  8.7e-03
      U_22_35 :   99.6 :   98.8 :  6.5e-03
      L_36_22 :   99.1 :   98.8 :  9.7e-03
      U_22_36 :   99.1 :   98.8 :  7.5e-03
      L_37_22 :   99.3 :   98.7 :  1.1e-02
      U_22_37 :   99.3 :   98.6 :  9.2e-03
      L_38_22 :   99.3 :   98.7 :  1.2e-02
      U_22_38 :   99.3 :   98.5 :  1.2e-02
      L_39_22 :    0.0 :    0.0 :  4.5e-01
      U_22_39 :    0.0 :    0.0 :  3.9e-01
      L_40_22 :    0.0 :    0.0 :  3.5e-01
      U_22_40 :    0.0 :    0.0 :  2.7e-01
      L_41_22 :    0.0 :    0.0 :  2.1e-01
      U_22_41 :    0.0 :    0.0 :  1.7e-01
      L_42_22 :   98.8 :   98.1 :  6.0e-02
      U_22_42 :   98.8 :   98.3 :  5.7e-02
      L_43_22 :    0.0 :    0.0 :  3.3e-01
      U_22_43 :    0.0 :    0.0 :  3.0e-01
      L_44_22 :   99.2 :   98.2 :  9.3e-03
      U_22_44 :   99.2 :   98.2 :  6.7e-03
      L_45_22 :   99.3 :   98.4 :  1.2e-02
      U_22_45 :   99.3 :   98.4 :  1.0e-02
      L_46_22 :   99.3 :   98.3 :  1.1e-02
      U_22_46 :   99.3 :   98.3 :  8.5e-03
      L_47_22 :   99.3 :   98.4 :  1.1e-02
      U_22_47 :   99.3 :   98.5 :  8.6e-03
      L_48_22 :   99.0 :   98.2 :  8.7e-03
      U_22_48 :   99.0 :   98.2 :  6.3e-03
      L_49_22 :   99.5 :   98.5 :  8.9e-03
      U_22_49 :   99.5 :   98.6 :  6.7e-03
      L_50_22 :   99.7 :   98.6 :  9.1e-03
      U_22_50 :   99.7 :   98.7 :  6.5e-03
      L_51_22 :   99.6 :   99.0 :  8.5e-03
      U_22_51 :   99.6 :   98.9 :  6.3e-03
      L_52_22 :   94.9 :   93.6 :  7.8e-03
      U_22_52 :   94.9 :   92.3 :  5.2e-03
  Block set compression time : 5.0e+00
  Memory (GB) : 3.73e+00 : 4.65e+00 : 3.98e+00
  D_23_23 : 8.7e-01
      L_24_23 :   97.3 :   97.5 :  3.1e-02
      U_23_24 :   97.3 :   97.8 :  2.7e-02
      L_25_23 :    0.0 :    0.0 :  4.2e-01
      U_23_25 :    0.0 :    0.0 :  3.4e-01
      L_26_23 :   97.0 :   96.7 :  3.0e-02
      U_23_26 :   97.0 :   97.2 :  2.7e-02
      L_27_23 :   99.4 :   98.7 :  9.6e-03
      U_23_27 :   99.4 :   98.8 :  8.3e-03
      L_28_23 :   99.0 :   98.7 :  9.0e-03
      U_23_28 :   99.0 :   98.5 :  7.6e-03
      L_29_23 :   99.3 :   98.7 :  8.0e-03
      U_23_29 :   99.3 :   98.7 :  6.1e-03
      L_30_23 :   99.4 :   98.7 :  1.0e-02
      U_23_30 :   99.4 :   98.7 :  8.8e-03
      L_31_23 :   99.3 :   98.7 :  1.1e-02
      U_23_31 :   99.3 :   98.7 :  9.3e-03
      L_32_23 :   99.2 :   98.6 :  1.3e-02
      U_23_32 :   99.2 :   98.5 :  1.2e-02
      L_33_23 :   99.4 :   98.6 :  7.6e-03
      U_23_33 :   99.4 :   98.5 :  5.8e-03
      L_34_23 :   99.2 :   98.8 :  1.1e-01
      U_23_34 :   99.1 :   98.8 :  7.8e-02
      L_35_23 :   99.5 :   98.7 :  1.8e-02
      U_23_35 :   99.5 :   98.7 :  8.5e-03
      L_36_23 :   98.8 :   98.5 :  9.9e-02
      U_23_36 :   98.7 :   98.7 :  8.8e-02
      L_37_23 :   98.8 :   98.3 :  7.6e-02
      U_23_37 :   98.8 :   98.3 :  7.1e-02
      L_38_23 :    0.0 :    0.0 :  4.9e-01
      U_23_38 :    0.0 :    0.0 :  4.1e-01
      L_39_23 :   99.3 :   98.5 :  1.4e-02
      U_23_39 :   99.3 :   98.6 :  1.2e-02
      L_40_23 :   99.3 :   98.3 :  1.1e-02
      U_23_40 :   99.3 :   98.2 :  1.0e-02
      L_41_23 :   99.1 :   98.5 :  9.1e-03
      U_23_41 :   99.1 :   98.7 :  7.5e-03
      L_42_23 :   99.4 :   98.7 :  1.0e-02
      U_23_42 :   99.4 :   98.7 :  8.5e-03
      L_43_23 :   99.3 :   98.5 :  1.1e-02
      U_23_43 :   99.3 :   98.4 :  1.0e-02
      L_44_23 :   99.2 :   98.4 :  8.5e-03
      U_23_44 :   99.2 :   98.4 :  6.6e-03
      L_45_23 :    0.0 :    0.0 :  5.2e-01
      U_23_45 :    0.0 :    0.0 :  4.1e-01
      L_46_23 :    0.0 :    0.0 :  3.8e-01
      U_23_46 :    0.0 :    0.0 :  3.0e-01
      L_47_23 :    0.0 :    0.0 :  4.1e-01
      U_23_47 :    0.0 :    0.0 :  3.3e-01
      L_48_23 :   99.0 :   98.1 :  8.6e-03
      U_23_48 :   99.0 :   98.1 :  6.6e-03
      L_49_23 :    0.0 :    0.0 :  3.0e-01
      U_23_49 :    0.0 :    0.0 :  2.4e-01
      L_50_23 :   99.2 :   98.3 :  1.1e-02
      U_23_50 :   99.2 :   98.2 :  9.3e-03
      L_51_23 :   99.5 :   98.8 :  8.6e-03
      U_23_51 :   99.5 :   98.8 :  7.2e-03
      L_52_23 :   86.0 :   91.1 :  1.4e-02
      U_23_52 :   87.2 :   91.1 :  1.2e-02
  Block set compression time : 6.4e+00
  Memory (GB) : 3.74e+00 : 4.66e+00 : 3.99e+00
  D_24_24 : 4.5e-02
      L_25_24 :   98.6 :   98.3 :  6.5e-03
      U_24_25 :   98.6 :   98.1 :  6.0e-03
      L_26_24 :   97.4 :   96.5 :  3.5e-03
      U_24_26 :   97.8 :   97.0 :  3.1e-03
      L_27_24 :   99.2 :   98.1 :  3.8e-03
      U_24_27 :   99.2 :   98.1 :  4.1e-03
      L_28_24 :   99.0 :   97.9 :  3.5e-03
      U_24_28 :   99.0 :   97.9 :  3.5e-03
      L_29_24 :   99.0 :   97.4 :  2.5e-03
      U_24_29 :   99.0 :   98.1 :  2.1e-03
      L_30_24 :   98.9 :   97.8 :  4.3e-03
      U_24_30 :   98.9 :   97.8 :  4.3e-03
      L_31_24 :   98.9 :   97.8 :  4.1e-03
      U_24_31 :   98.9 :   97.8 :  4.3e-03
      L_32_24 :   99.2 :   97.9 :  5.5e-03
      U_24_32 :   99.2 :   98.1 :  6.0e-03
      L_33_24 :   98.2 :   97.2 :  2.8e-03
      U_24_33 :   98.2 :   96.8 :  2.4e-03
      L_34_24 :   98.7 :   97.6 :  5.6e-03
      U_24_34 :   98.7 :   97.6 :  5.4e-03
      L_35_24 :   98.4 :   97.0 :  4.6e-03
      U_24_35 :   98.4 :   97.3 :  1.5e-02
      L_36_24 :   96.9 :   96.6 :  2.4e-02
      U_24_36 :   96.6 :   96.6 :  2.4e-02
      L_37_24 :   98.4 :   97.8 :  5.6e-03
      U_24_37 :   98.4 :   97.5 :  5.2e-03
      L_38_24 :   98.1 :   97.6 :  7.6e-03
      U_24_38 :   98.1 :   97.9 :  7.0e-03
      L_39_24 :   98.9 :   98.4 :  5.6e-03
      U_24_39 :   98.9 :   98.1 :  6.1e-03
      L_40_24 :   98.9 :   98.1 :  4.0e-03
      U_24_40 :   98.9 :   98.3 :  4.2e-03
      L_41_24 :   99.0 :   97.9 :  3.5e-03
      U_24_41 :   99.0 :   97.9 :  3.6e-03
      L_42_24 :   99.2 :   98.4 :  3.8e-03
      U_24_42 :   99.2 :   98.4 :  4.0e-03
      L_43_24 :   99.2 :   98.4 :  4.0e-03
      U_24_43 :   99.2 :   98.4 :  4.1e-03
      L_44_24 :   99.0 :   98.1 :  2.5e-03
      U_24_44 :   99.0 :   98.1 :  2.1e-03
      L_45_24 :   98.4 :   98.1 :  7.2e-03
      U_24_45 :   98.4 :   97.6 :  6.8e-03
      L_46_24 :   98.6 :   98.1 :  4.6e-03
      U_24_46 :   98.6 :   98.1 :  4.4e-03
      L_47_24 :   98.9 :   98.4 :  4.7e-03
      U_24_47 :   98.9 :   98.4 :  4.6e-03
      L_48_24 :   98.9 :   97.5 :  2.4e-03
      U_24_48 :   98.9 :   97.9 :  2.0e-03
      L_49_24 :   98.2 :   98.2 :  4.7e-03
      U_24_49 :   98.2 :   98.2 :  4.1e-03
      L_50_24 :   99.2 :   98.4 :  3.2e-03
      U_24_50 :   99.2 :   98.1 :  3.0e-03
      L_51_24 :    0.0 :    0.0 :  8.3e-02
      U_24_51 :    0.0 :    0.0 :  1.0e-01
      L_52_24 :    0.0 :    0.0 :  6.8e-03
      U_24_52 :    0.0 :    0.0 :  5.9e-03
  Block set compression time : 5.2e-01
  Memory (GB) : 3.74e+00 : 4.66e+00 : 3.99e+00
  D_25_25 : 6.8e-01
      L_26_25 :    0.0 :    0.0 :  1.3e-01
      U_25_26 :    0.0 :    0.0 :  1.1e-01
      L_27_25 :   99.6 :   99.0 :  7.7e-03
      U_25_27 :   99.6 :   99.0 :  6.5e-03
      L_28_25 :   99.2 :   98.8 :  7.2e-03
      U_25_28 :   99.2 :   98.8 :  5.9e-03
      L_29_25 :   99.5 :   98.8 :  6.1e-03
      U_25_29 :   99.5 :   98.8 :  4.4e-03
      L_30_25 :   99.6 :   98.9 :  7.7e-03
      U_25_30 :   99.6 :   99.0 :  6.5e-03
      L_31_25 :   99.5 :   98.8 :  7.8e-03
      U_25_31 :   99.5 :   98.9 :  6.7e-03
      L_32_25 :   99.5 :   98.9 :  9.4e-03
      U_25_32 :   99.5 :   99.0 :  8.6e-03
      L_33_25 :   99.4 :   98.8 :  5.9e-03
      U_25_33 :   99.4 :   98.8 :  4.2e-03
      L_34_25 :   99.7 :   99.0 :  1.2e-02
      U_25_34 :   99.7 :   99.0 :  1.6e-02
      L_35_25 :   99.6 :   99.0 :  6.8e-03
      U_25_35 :   99.6 :   99.0 :  5.5e-03
      L_36_25 :   99.4 :   98.8 :  1.5e-02
      U_25_36 :   99.4 :   98.8 :  9.8e-03
      L_37_25 :   99.5 :   98.8 :  8.6e-03
      U_25_37 :   99.5 :   98.9 :  7.3e-03
      L_38_25 :   99.3 :   98.7 :  8.4e-02
      U_25_38 :   99.2 :   98.9 :  7.7e-02
      L_39_25 :   99.5 :   98.9 :  9.9e-03
      U_25_39 :   99.5 :   98.8 :  9.0e-03
      L_40_25 :   99.4 :   98.6 :  8.8e-03
      U_25_40 :   99.4 :   98.6 :  7.7e-03
      L_41_25 :   99.2 :   98.5 :  7.1e-03
      U_25_41 :   99.2 :   98.7 :  5.9e-03
      L_42_25 :   99.6 :   98.8 :  7.5e-03
      U_25_42 :   99.6 :   98.9 :  6.3e-03
      L_43_25 :   99.4 :   98.7 :  8.8e-03
      U_25_43 :   99.4 :   98.5 :  7.8e-03
      L_44_25 :   99.2 :   98.3 :  6.9e-03
      U_25_44 :   99.2 :   98.3 :  5.3e-03
      L_45_25 :   99.1 :   98.8 :  7.9e-02
      U_25_45 :   99.1 :   98.8 :  7.8e-02
      L_46_25 :   98.8 :   98.4 :  9.2e-02
      U_25_46 :   98.9 :   98.4 :  6.7e-02
      L_47_25 :   99.0 :   98.4 :  7.4e-02
      U_25_47 :   99.1 :   98.5 :  7.3e-02
      L_48_25 :   98.8 :   97.8 :  7.4e-03
      U_25_48 :   98.8 :   98.0 :  5.7e-03
      L_49_25 :    0.0 :    0.0 :  3.0e-01
      U_25_49 :    0.0 :    0.0 :  2.9e-01
      L_50_25 :    0.0 :    0.0 :  3.8e-01
      U_25_50 :    0.0 :    0.0 :  3.6e-01
      L_51_25 :   99.4 :   98.8 :  7.1e-03
      U_25_51 :   99.4 :   98.8 :  8.7e-03
      L_52_25 :   94.9 :   92.3 :  1.2e-02
      U_25_52 :   94.9 :   92.3 :  4.7e-03
  Block set compression time : 3.2e+00
  Memory (GB) : 3.74e+00 : 4.67e+00 : 4.00e+00
  D_26_26 : 4.9e-02
      L_27_26 :   99.2 :   98.3 :  4.4e-03
      U_26_27 :   99.2 :   98.3 :  4.4e-03
      L_28_26 :   98.9 :   97.9 :  3.9e-03
      U_26_28 :   98.9 :   97.9 :  3.9e-03
      L_29_26 :   99.0 :   98.1 :  2.9e-03
      U_26_29 :   99.0 :   98.1 :  2.4e-03
      L_30_26 :   99.2 :   98.1 :  4.6e-03
      U_26_30 :   99.2 :   98.1 :  4.5e-03
      L_31_26 :   98.9 :   98.0 :  4.5e-03
      U_26_31 :   98.9 :   98.3 :  4.5e-03
      L_32_26 :   98.7 :   98.1 :  6.2e-03
      U_26_32 :   98.7 :   98.1 :  6.5e-03
      L_33_26 :   98.9 :   97.9 :  2.8e-03
      U_26_33 :   98.9 :   97.9 :  2.3e-03
      L_34_26 :   98.9 :   98.1 :  5.2e-03
      U_26_34 :   98.9 :   98.1 :  5.1e-03
      L_35_26 :   99.2 :   98.3 :  3.5e-03
      U_26_35 :   99.2 :   98.3 :  3.2e-03
      L_36_26 :   98.1 :   98.1 :  5.0e-03
      U_26_36 :   98.1 :   98.1 :  4.8e-03
      L_37_26 :   98.6 :   98.1 :  5.3e-03
      U_26_37 :   98.6 :   97.5 :  5.1e-03
      L_38_26 :   98.1 :   97.8 :  7.9e-03
      U_26_38 :   98.1 :   97.8 :  7.4e-03
      L_39_26 :   98.7 :   97.8 :  6.2e-03
      U_26_39 :   98.7 :   97.6 :  1.0e-02
      L_40_26 :   98.9 :   97.5 :  1.1e-02
      U_26_40 :   98.9 :   97.8 :  8.4e-03
      L_41_26 :   99.0 :   97.6 :  3.9e-03
      U_26_41 :   99.0 :   97.9 :  3.9e-03
      L_42_26 :   98.9 :   97.8 :  8.0e-03
      U_26_42 :   98.9 :   98.1 :  8.4e-03
      L_43_26 :   98.6 :   97.8 :  6.1e-03
      U_26_43 :   98.6 :   97.5 :  5.0e-03
      L_44_26 :   98.7 :   97.7 :  3.0e-03
      U_26_44 :   98.7 :   97.7 :  2.6e-03
      L_45_26 :   98.4 :   97.8 :  8.2e-03
      U_26_45 :   98.4 :   97.6 :  7.8e-03
      L_46_26 :   98.1 :   97.5 :  6.0e-03
      U_26_46 :   98.1 :   97.5 :  5.7e-03
      L_47_26 :   98.1 :   97.8 :  6.2e-03
      U_26_47 :   98.1 :   97.5 :  6.0e-03
      L_48_26 :   97.9 :   97.2 :  3.3e-03
      U_26_48 :   97.9 :   96.8 :  2.8e-03
      L_49_26 :   95.7 :   96.6 :  3.0e-02
      U_26_49 :   95.7 :   96.6 :  2.9e-02
      L_50_26 :   96.7 :   97.0 :  2.6e-02
      U_26_50 :   97.0 :   97.0 :  2.4e-02
      L_51_26 :   98.6 :   98.3 :  3.7e-03
      U_26_51 :   98.6 :   97.7 :  3.6e-03
      L_52_26 :   92.8 :   92.8 :  2.6e-03
      U_26_52 :   92.8 :   89.9 :  2.2e-03
  Block set compression time : 4.0e-01
  Memory (GB) : 3.74e+00 : 4.67e+00 : 4.00e+00
  D_27_27 : 7.7e-01
      L_28_27 :    0.0 :    0.0 :  2.0e-01
      U_27_28 :    0.0 :    0.0 :  1.9e-01
      L_29_27 :    0.0 :    0.0 :  2.3e-01
      U_27_29 :    0.0 :    0.0 :  1.9e-01
      L_30_27 :    0.0 :    0.0 :  4.5e-01
      U_27_30 :    0.0 :    0.0 :  3.5e-01
      L_31_27 :   99.0 :   98.4 :  1.0e-02
      U_27_31 :   99.0 :   98.4 :  8.8e-03
      L_32_27 :   99.3 :   98.8 :  1.1e-02
      U_27_32 :   99.3 :   98.8 :  1.0e-02
      L_33_27 :   98.8 :   98.1 :  6.6e-03
      U_27_33 :   98.8 :   97.9 :  4.8e-03
      L_34_27 :   99.3 :   98.5 :  9.5e-03
      U_27_34 :   99.3 :   98.4 :  8.5e-03
      L_35_27 :   99.4 :   98.6 :  7.2e-03
      U_27_35 :   99.4 :   98.7 :  5.6e-03
      L_36_27 :   99.4 :   98.7 :  6.9e-03
      U_27_36 :   99.4 :   98.7 :  5.5e-03
      L_37_27 :   99.4 :   98.5 :  8.7e-03
      U_27_37 :   99.4 :   98.6 :  7.3e-03
      L_38_27 :   99.4 :   98.7 :  9.9e-03
      U_27_38 :   99.4 :   98.8 :  8.8e-03
      L_39_27 :   99.5 :   98.8 :  9.8e-03
      U_27_39 :   99.5 :   98.8 :  8.3e-03
      L_40_27 :   99.4 :   98.7 :  7.9e-03
      U_27_40 :   99.4 :   98.7 :  6.6e-03
      L_41_27 :   99.2 :   98.9 :  6.5e-03
      U_27_41 :   99.2 :   98.7 :  5.2e-03
      L_42_27 :   99.6 :   98.9 :  6.9e-03
      U_27_42 :   99.6 :   98.9 :  5.6e-03
      L_43_27 :   99.5 :   98.9 :  7.3e-03
      U_27_43 :   99.5 :   98.9 :  9.2e-03
      L_44_27 :   99.5 :   98.8 :  1.0e-02
      U_27_44 :   99.5 :   98.8 :  7.6e-03
      L_45_27 :   99.6 :   98.9 :  1.0e-02
      U_27_45 :   99.6 :   98.8 :  9.1e-03
      L_46_27 :   99.6 :   98.9 :  1.4e-02
      U_27_46 :   99.6 :   98.7 :  7.4e-03
      L_47_27 :   99.7 :   98.9 :  7.3e-03
      U_27_47 :   99.7 :   99.0 :  6.3e-03
      L_48_27 :   99.4 :   98.8 :  5.3e-03
      U_27_48 :   99.4 :   98.8 :  3.3e-03
      L_49_27 :   99.6 :   99.0 :  7.2e-03
      U_27_49 :   99.6 :   99.0 :  5.9e-03
      L_50_27 :   99.7 :   98.9 :  7.1e-03
      U_27_50 :   99.7 :   99.0 :  5.8e-03
      L_51_27 :   99.6 :   98.9 :  6.0e-03
      U_27_51 :   99.6 :   98.9 :  4.5e-03
      L_52_27 :   94.9 :   92.3 :  4.7e-03
      U_27_52 :   96.2 :   92.3 :  2.5e-03
  Block set compression time : 2.7e+00
  Memory (GB) : 3.75e+00 : 4.68e+00 : 4.01e+00
  D_28_28 : 1.6e-01
      L_29_28 :    0.0 :    0.0 :  1.1e-01
      U_28_29 :    0.0 :    0.0 :  1.1e-01
      L_30_28 :    0.0 :    0.0 :  2.2e-01
      U_28_30 :    0.0 :    0.0 :  2.1e-01
      L_31_28 :    0.0 :    0.0 :  2.1e-01
      U_28_31 :    0.0 :    0.0 :  1.8e-01
      L_32_28 :   98.2 :   98.0 :  4.2e-02
      U_28_32 :   98.0 :   98.0 :  4.0e-02
      L_33_28 :   98.4 :   97.6 :  4.9e-03
      U_28_33 :   98.4 :   97.6 :  4.0e-03
      L_34_28 :   98.9 :   98.1 :  8.0e-03
      U_28_34 :   98.9 :   98.1 :  7.8e-03
      L_35_28 :   99.0 :   98.5 :  5.3e-03
      U_28_35 :   99.0 :   98.5 :  4.9e-03
      L_36_28 :   98.7 :   98.2 :  6.0e-03
      U_28_36 :   98.7 :   98.2 :  5.6e-03
      L_37_28 :   98.7 :   98.1 :  7.5e-03
      U_28_37 :   98.7 :   98.1 :  7.2e-03
      L_38_28 :   98.9 :   98.5 :  9.1e-03
      U_28_38 :   98.9 :   98.5 :  8.9e-03
      L_39_28 :   98.4 :   98.5 :  4.0e-02
      U_28_39 :   98.7 :   98.4 :  4.0e-02
      L_40_28 :   99.0 :   98.5 :  6.6e-03
      U_28_40 :   99.0 :   98.5 :  6.1e-03
      L_41_28 :   98.4 :   98.4 :  6.0e-03
      U_28_41 :   98.4 :   98.4 :  5.4e-03
      L_42_28 :   99.0 :   98.7 :  6.0e-03
      U_28_42 :   99.0 :   98.9 :  5.6e-03
      L_43_28 :   99.2 :   98.5 :  6.5e-03
      U_28_43 :   99.0 :   98.9 :  5.9e-03
      L_44_28 :   99.3 :   98.6 :  4.3e-03
      U_28_44 :   99.3 :   98.6 :  3.4e-03
      L_45_28 :   99.1 :   98.5 :  8.4e-03
      U_28_45 :   99.1 :   98.4 :  8.4e-03
      L_46_28 :   99.2 :   98.7 :  6.1e-03
      U_28_46 :   99.2 :   98.7 :  5.8e-03
      L_47_28 :   99.3 :   98.9 :  6.3e-03
      U_28_47 :   99.3 :   98.9 :  6.1e-03
      L_48_28 :   99.2 :   98.4 :  4.1e-03
      U_28_48 :   99.2 :   98.4 :  3.2e-03
      L_49_28 :   99.1 :   98.7 :  6.3e-03
      U_28_49 :   99.1 :   98.7 :  6.1e-03
      L_50_28 :   99.4 :   98.9 :  5.8e-03
      U_28_50 :   99.4 :   98.9 :  5.6e-03
      L_51_28 :   99.2 :   98.8 :  4.9e-03
      U_28_51 :   99.2 :   98.8 :  4.5e-03
      L_52_28 :   94.6 :   91.9 :  3.9e-03
      U_28_52 :   94.6 :   93.2 :  2.8e-03
  Block set compression time : 1.6e+00
  Memory (GB) : 3.75e+00 : 4.68e+00 : 4.01e+00
  D_29_29 : 2.3e-01
      L_30_29 :    0.0 :    0.0 :  2.7e-01
      U_29_30 :    0.0 :    0.0 :  2.4e-01
      L_31_29 :   98.7 :   97.8 :  2.8e-02
      U_29_31 :   98.7 :   98.0 :  2.5e-02
      L_32_29 :   99.2 :   98.4 :  8.3e-03
      U_29_32 :   99.2 :   98.4 :  8.5e-03
      L_33_29 :    0.0 :    0.0 :  1.2e-01
      U_29_33 :    0.0 :    0.0 :  9.2e-02
      L_34_29 :    0.0 :    0.0 :  2.5e-01
      U_29_34 :    0.0 :    0.0 :  2.3e-01
      L_35_29 :   99.0 :   98.0 :  6.1e-03
      U_29_35 :   99.0 :   98.0 :  5.7e-03
      L_36_29 :   99.0 :   98.0 :  6.0e-03
      U_29_36 :   99.0 :   98.0 :  5.7e-03
      L_37_29 :   99.0 :   98.2 :  7.1e-03
      U_29_37 :   99.0 :   98.0 :  7.1e-03
      L_38_29 :   99.2 :   98.4 :  8.3e-03
      U_29_38 :   99.2 :   98.4 :  8.6e-03
      L_39_29 :   99.5 :   98.7 :  7.0e-03
      U_29_39 :   99.4 :   98.7 :  7.4e-03
      L_40_29 :   99.5 :   98.7 :  5.1e-03
      U_29_40 :   99.5 :   98.8 :  5.1e-03
      L_41_29 :   99.3 :   98.6 :  4.5e-03
      U_29_41 :   99.3 :   98.6 :  4.3e-03
      L_42_29 :   99.5 :   98.8 :  5.0e-03
      U_29_42 :   99.5 :   98.8 :  4.8e-03
      L_43_29 :   99.5 :   98.8 :  5.3e-03
      U_29_43 :   99.5 :   98.8 :  5.1e-03
      L_44_29 :   99.4 :   98.5 :  3.5e-03
      U_29_44 :   99.4 :   98.5 :  2.9e-03
      L_45_29 :   99.4 :   98.6 :  7.1e-03
      U_29_45 :   99.4 :   98.6 :  7.3e-03
      L_46_29 :   99.5 :   98.8 :  5.3e-03
      U_29_46 :   99.5 :   98.8 :  8.3e-03
      L_47_29 :   99.5 :   98.9 :  1.6e-02
      U_29_47 :   99.5 :   98.9 :  6.0e-03
      L_48_29 :   99.3 :   98.6 :  3.4e-03
      U_29_48 :   99.3 :   98.6 :  5.3e-03
      L_49_29 :   99.4 :   98.6 :  1.1e-02
      U_29_49 :   99.4 :   98.6 :  7.6e-03
      L_50_29 :   99.5 :   98.7 :  5.4e-03
      U_29_50 :   99.5 :   98.9 :  5.5e-03
      L_51_29 :   99.3 :   98.3 :  5.0e-03
      U_29_51 :   99.3 :   98.3 :  4.5e-03
      L_52_29 :   94.7 :   90.7 :  3.1e-03
      U_29_52 :   94.7 :   90.7 :  2.2e-03
  Block set compression time : 1.7e+00
  Memory (GB) : 3.75e+00 : 4.69e+00 : 4.01e+00
  D_30_30 : 9.3e-01
      L_31_30 :    0.0 :    0.0 :  5.0e-01
      U_30_31 :    0.0 :    0.0 :  4.6e-01
      L_32_30 :   98.9 :   98.5 :  8.8e-02
      U_30_32 :   98.7 :   98.2 :  8.3e-02
      L_33_30 :    0.0 :    0.0 :  2.3e-01
      U_30_33 :    0.0 :    0.0 :  2.0e-01
      L_34_30 :    0.0 :    0.0 :  5.1e-01
      U_30_34 :    0.0 :    0.0 :  4.7e-01
      L_35_30 :   99.4 :   98.4 :  1.1e-02
      U_30_35 :   99.4 :   98.5 :  8.9e-03
      L_36_30 :   99.1 :   98.2 :  1.2e-02
      U_30_36 :   99.1 :   98.4 :  1.0e-02
      L_37_30 :    0.0 :    0.0 :  4.7e-01
      U_30_37 :    0.0 :    0.0 :  3.9e-01
      L_38_30 :   99.3 :   98.5 :  1.5e-02
      U_30_38 :   99.3 :   98.5 :  1.4e-02
      L_39_30 :   99.1 :   98.7 :  8.2e-02
      U_30_39 :   98.8 :   98.7 :  8.1e-02
      L_40_30 :   99.4 :   98.7 :  1.1e-02
      U_30_40 :   99.5 :   98.7 :  9.3e-03
      L_41_30 :   99.2 :   98.7 :  9.3e-03
      U_30_41 :   99.2 :   98.9 :  7.7e-03
      L_42_30 :   99.5 :   98.7 :  1.0e-02
      U_30_42 :   99.5 :   98.8 :  8.5e-03
      L_43_30 :   99.5 :   98.8 :  1.0e-02
      U_30_43 :   99.5 :   98.7 :  8.5e-03
      L_44_30 :   99.5 :   98.8 :  8.0e-03
      U_30_44 :   99.5 :   98.8 :  5.9e-03
      L_45_30 :   99.3 :   98.8 :  1.3e-02
      U_30_45 :   99.3 :   98.8 :  1.2e-02
      L_46_30 :   99.5 :   98.7 :  1.0e-02
      U_30_46 :   99.5 :   98.7 :  8.7e-03
      L_47_30 :   99.5 :   98.9 :  1.0e-02
      U_30_47 :   99.5 :   98.8 :  8.8e-03
      L_48_30 :   99.4 :   98.6 :  1.8e-02
      U_30_48 :   99.4 :   98.8 :  8.5e-03
      L_49_30 :   99.4 :   99.0 :  1.0e-02
      U_30_49 :   99.4 :   99.0 :  8.8e-03
      L_50_30 :   99.7 :   99.0 :  1.9e-02
      U_30_50 :   99.7 :   99.0 :  8.4e-03
      L_51_30 :   99.5 :   98.7 :  9.7e-03
      U_30_51 :   99.5 :   98.7 :  8.0e-03
      L_52_30 :   93.6 :   89.8 :  7.9e-03
      U_30_52 :   93.6 :   91.0 :  5.7e-03
  Block set compression time : 4.8e+00
  Memory (GB) : 3.76e+00 : 4.70e+00 : 4.02e+00
  D_31_31 : 8.4e-01
      L_32_31 :    0.0 :    0.0 :  5.6e-01
      U_31_32 :    0.0 :    0.0 :  5.2e-01
      L_33_31 :   98.0 :   98.0 :  3.7e-02
      U_31_33 :   98.2 :   97.8 :  3.3e-02
      L_34_31 :    0.0 :    0.0 :  5.6e-01
      U_31_34 :    0.0 :    0.0 :  4.8e-01
      L_35_31 :   99.4 :   98.6 :  1.0e-02
      U_31_35 :   99.4 :   98.6 :  8.2e-03
      L_36_31 :   99.1 :   98.3 :  1.1e-02
      U_31_36 :   99.1 :   98.3 :  9.0e-03
      L_37_31 :    0.0 :    0.0 :  5.4e-01
      U_31_37 :    0.0 :    0.0 :  4.6e-01
      L_38_31 :    0.0 :    0.0 :  5.1e-01
      U_31_38 :    0.0 :    0.0 :  4.7e-01
      L_39_31 :   98.7 :   98.3 :  8.5e-02
      U_31_39 :   98.6 :   98.3 :  1.0e-01
      L_40_31 :   99.3 :   98.6 :  1.2e-02
      U_31_40 :   99.3 :   98.6 :  9.6e-03
      L_41_31 :   99.0 :   98.7 :  9.3e-03
      U_31_41 :   99.0 :   98.5 :  7.5e-03
      L_42_31 :   99.4 :   98.8 :  1.0e-02
      U_31_42 :   99.4 :   98.9 :  8.3e-03
      L_43_31 :   99.5 :   98.7 :  1.0e-02
      U_31_43 :   99.5 :   98.6 :  8.7e-03
      L_44_31 :   99.5 :   98.7 :  7.3e-03
      U_31_44 :   99.5 :   98.7 :  5.2e-03
      L_45_31 :   99.2 :   98.4 :  1.4e-02
      U_31_45 :   99.2 :   98.4 :  1.3e-02
      L_46_31 :   99.3 :   98.7 :  1.1e-02
      U_31_46 :   99.3 :   98.7 :  9.5e-03
      L_47_31 :   99.4 :   98.7 :  1.0e-02
      U_31_47 :   99.4 :   98.7 :  8.7e-03
      L_48_31 :   99.4 :   98.6 :  7.1e-03
      U_31_48 :   99.4 :   98.8 :  4.9e-03
      L_49_31 :   99.2 :   98.8 :  9.9e-03
      U_31_49 :   99.2 :   98.9 :  8.2e-03
      L_50_31 :   99.5 :   98.9 :  9.3e-03
      U_31_50 :   99.5 :   99.0 :  7.9e-03
      L_51_31 :   99.5 :   98.7 :  8.4e-03
      U_31_51 :   99.5 :   98.6 :  6.6e-03
      L_52_31 :   93.6 :   89.8 :  7.3e-03
      U_31_52 :   93.6 :   91.0 :  5.0e-03
  Block set compression time : 5.5e+00
  Memory (GB) : 3.77e+00 : 4.71e+00 : 4.03e+00
  D_32_32 : 1.3e+00
      L_33_32 :   99.1 :   98.3 :  1.2e-02
      U_32_33 :   99.1 :   98.5 :  9.5e-03
      L_34_32 :   98.7 :   98.5 :  1.0e-01
      U_32_34 :   98.8 :   98.5 :  8.9e-02
      L_35_32 :   99.5 :   98.7 :  1.2e-02
      U_32_35 :   99.5 :   98.8 :  9.3e-03
      L_36_32 :   99.2 :   98.7 :  1.3e-02
      U_32_36 :   99.2 :   98.7 :  1.1e-02
      L_37_32 :    0.0 :    0.0 :  6.3e-01
      U_32_37 :    0.0 :    0.0 :  5.5e-01
      L_38_32 :    0.0 :    0.0 :  7.1e-01
      U_32_38 :    0.0 :    0.0 :  6.3e-01
      L_39_32 :    0.0 :    0.0 :  7.7e-01
      U_32_39 :    0.0 :    0.0 :  6.8e-01
      L_40_32 :   98.8 :   98.3 :  8.7e-02
      U_32_40 :   98.8 :   98.3 :  9.8e-02
      L_41_32 :   98.2 :   98.4 :  4.4e-02
      U_32_41 :   98.0 :   98.4 :  4.0e-02
      L_42_32 :   99.4 :   98.8 :  1.2e-02
      U_32_42 :   99.4 :   98.9 :  1.0e-02
      L_43_32 :   99.1 :   98.7 :  8.2e-02
      U_32_43 :   99.2 :   98.7 :  7.7e-02
      L_44_32 :   99.4 :   98.6 :  1.0e-02
      U_32_44 :   99.4 :   98.6 :  7.3e-03
      L_45_32 :    0.0 :    0.0 :  6.9e-01
      U_32_45 :    0.0 :    0.0 :  5.9e-01
      L_46_32 :   99.3 :   98.5 :  1.7e-02
      U_32_46 :   99.3 :   98.5 :  1.3e-02
      L_47_32 :   99.5 :   98.7 :  1.4e-02
      U_32_47 :   99.5 :   98.7 :  1.2e-02
      L_48_32 :   99.4 :   98.7 :  9.4e-03
      U_32_48 :   99.4 :   98.7 :  6.7e-03
      L_49_32 :   99.2 :   98.9 :  1.2e-02
      U_32_49 :   99.2 :   98.7 :  1.0e-02
      L_50_32 :   99.6 :   98.8 :  1.2e-02
      U_32_50 :   99.6 :   98.7 :  9.8e-03
      L_51_32 :   99.5 :   98.9 :  1.1e-02
      U_32_51 :   99.5 :   98.9 :  8.2e-03
      L_52_32 :   93.6 :   91.1 :  9.4e-03
      U_32_52 :   93.6 :   91.1 :  6.7e-03
  Block set compression time : 7.5e+00
  Memory (GB) : 3.78e+00 : 4.72e+00 : 4.04e+00
  D_33_33 : 1.2e-01
      L_34_33 :    0.0 :    0.0 :  2.6e-01
      U_33_34 :    0.0 :    0.0 :  2.7e-01
      L_35_33 :    0.0 :    0.0 :  2.0e-01
      U_33_35 :    0.0 :    0.0 :  1.9e-01
      L_36_33 :    0.0 :    0.0 :  1.3e-01
      U_33_36 :    0.0 :    0.0 :  1.2e-01
      L_37_33 :   98.3 :   97.7 :  3.9e-02
      U_33_37 :   98.3 :   97.7 :  3.8e-02
      L_38_33 :   99.1 :   98.5 :  1.2e-02
      U_33_38 :   99.1 :   98.5 :  2.0e-02
      L_39_33 :   99.4 :   98.5 :  1.3e-02
      U_33_39 :   99.4 :   98.7 :  9.3e-03
      L_40_33 :   99.4 :   98.6 :  5.1e-03
      U_33_40 :   99.4 :   98.8 :  8.9e-03
      L_41_33 :   99.2 :   98.4 :  8.4e-03
      U_33_41 :   99.2 :   98.4 :  5.8e-03
      L_42_33 :   99.4 :   98.8 :  4.9e-03
      U_33_42 :   99.4 :   98.8 :  5.2e-03
      L_43_33 :   99.4 :   98.6 :  5.1e-03
      U_33_43 :   99.4 :   98.8 :  5.2e-03
      L_44_33 :   99.3 :   98.5 :  3.3e-03
      U_33_44 :   99.3 :   98.5 :  2.8e-03
      L_45_33 :   99.4 :   98.5 :  8.3e-03
      U_33_45 :   99.4 :   98.7 :  9.1e-03
      L_46_33 :   99.4 :   98.6 :  5.3e-03
      U_33_46 :   99.4 :   98.8 :  5.3e-03
      L_47_33 :   99.4 :   98.7 :  5.3e-03
      U_33_47 :   99.4 :   98.9 :  5.6e-03
      L_48_33 :   99.2 :   98.4 :  3.1e-03
      U_33_48 :   99.2 :   98.4 :  2.6e-03
      L_49_33 :   99.3 :   98.6 :  5.3e-03
      U_33_49 :   99.3 :   98.6 :  5.6e-03
      L_50_33 :   99.4 :   98.9 :  5.0e-03
      U_33_50 :   99.4 :   98.9 :  5.2e-03
      L_51_33 :   98.8 :   98.0 :  5.8e-03
      U_33_51 :   98.8 :   97.8 :  5.7e-03
      L_52_33 :   93.2 :   87.8 :  3.1e-03
      U_33_52 :   93.2 :   89.2 :  2.4e-03
  Block set compression time : 1.6e+00
  Memory (GB) : 3.78e+00 : 4.72e+00 : 4.04e+00
  D_34_34 : 1.2e+00
      L_35_34 :    0.0 :    0.0 :  5.8e-01
      U_34_35 :    0.0 :    0.0 :  5.3e-01
      L_36_34 :    0.0 :    0.0 :  4.3e-01
      U_34_36 :    0.0 :    0.0 :  3.9e-01
      L_37_34 :    0.0 :    0.0 :  7.3e-01
      U_34_37 :    0.0 :    0.0 :  6.6e-01
      L_38_34 :   98.2 :   98.3 :  1.7e-01
      U_34_38 :   98.4 :   98.4 :  1.9e-01
      L_39_34 :   99.4 :   98.7 :  1.9e-02
      U_34_39 :   99.4 :   98.7 :  1.7e-02
      L_40_34 :   99.5 :   98.6 :  1.3e-02
      U_34_40 :   99.5 :   98.7 :  1.1e-02
      L_41_34 :   99.3 :   98.9 :  1.2e-02
      U_34_41 :   99.3 :   98.7 :  9.6e-03
      L_42_34 :   99.7 :   99.0 :  1.2e-02
      U_34_42 :   99.7 :   98.9 :  2.0e-02
      L_43_34 :   99.7 :   98.8 :  1.6e-02
      U_34_43 :   99.7 :   98.9 :  1.1e-02
      L_44_34 :   99.5 :   98.9 :  1.8e-02
      U_34_44 :   99.5 :   98.9 :  9.7e-03
      L_45_34 :   99.0 :   98.7 :  9.9e-02
      U_34_45 :   99.0 :   98.7 :  9.6e-02
      L_46_34 :   99.5 :   98.8 :  1.4e-02
      U_34_46 :   99.5 :   98.8 :  1.2e-02
      L_47_34 :   99.7 :   98.9 :  1.3e-02
      U_34_47 :   99.7 :   98.8 :  1.1e-02
      L_48_34 :   99.4 :   98.7 :  1.0e-02
      U_34_48 :   99.4 :   98.9 :  7.4e-03
      L_49_34 :   99.4 :   98.8 :  1.3e-02
      U_34_49 :   99.4 :   98.7 :  1.1e-02
      L_50_34 :   99.7 :   98.9 :  1.3e-02
      U_34_50 :   99.7 :   99.0 :  1.0e-02
      L_51_34 :   99.3 :   98.6 :  1.3e-02
      U_34_51 :   99.3 :   98.6 :  1.1e-02
      L_52_34 :   88.5 :   88.5 :  1.6e-02
      U_34_52 :   89.8 :   88.5 :  1.2e-02
  Block set compression time : 5.5e+00
  Memory (GB) : 3.79e+00 : 4.74e+00 : 4.05e+00
  D_35_35 : 9.5e-01
      L_36_35 :    0.0 :    0.0 :  3.9e-01
      U_35_36 :    0.0 :    0.0 :  3.7e-01
      L_37_35 :   98.6 :   98.5 :  9.1e-02
      U_35_37 :   98.6 :   98.4 :  8.2e-02
      L_38_35 :   99.3 :   98.8 :  1.7e-02
      U_35_38 :   99.3 :   98.7 :  1.6e-02
      L_39_35 :   99.6 :   98.8 :  1.2e-02
      U_35_39 :   99.6 :   98.9 :  1.2e-02
      L_40_35 :   99.6 :   98.9 :  8.9e-03
      U_35_40 :   99.6 :   98.8 :  7.7e-03
      L_41_35 :   99.4 :   98.9 :  7.9e-03
      U_35_41 :   99.4 :   98.9 :  6.4e-03
      L_42_35 :   99.7 :   99.0 :  8.6e-03
      U_35_42 :   99.7 :   99.0 :  7.2e-03
      L_43_35 :   99.7 :   99.0 :  8.8e-03
      U_35_43 :   99.7 :   99.0 :  7.6e-03
      L_44_35 :   99.5 :   98.9 :  6.9e-03
      U_35_44 :   99.5 :   98.9 :  4.9e-03
      L_45_35 :   99.6 :   98.9 :  1.3e-02
      U_35_45 :   99.6 :   98.8 :  1.3e-02
      L_46_35 :   99.5 :   98.8 :  9.3e-03
      U_35_46 :   99.5 :   98.9 :  8.0e-03
      L_47_35 :   99.7 :   98.9 :  9.1e-03
      U_35_47 :   99.7 :   99.0 :  8.0e-03
      L_48_35 :   99.4 :   98.6 :  6.7e-03
      U_35_48 :   99.4 :   98.8 :  4.6e-03
      L_49_35 :   99.4 :   99.0 :  9.4e-03
      U_35_49 :   99.4 :   99.0 :  9.8e-03
      L_50_35 :   99.7 :   98.9 :  2.0e-02
      U_35_50 :   99.7 :   99.0 :  8.8e-03
      L_51_35 :    0.0 :    0.0 :  4.9e-01
      U_35_51 :    0.0 :    0.0 :  4.3e-01
      L_52_35 :    0.0 :    0.0 :  3.2e-02
      U_35_52 :    0.0 :    0.0 :  2.4e-02
  Block set compression time : 3.1e+00
  Memory (GB) : 3.80e+00 : 4.75e+00 : 4.06e+00
  D_36_36 : 3.9e-01
      L_37_36 :    0.0 :    0.0 :  4.3e-01
      U_36_37 :    0.0 :    0.0 :  4.0e-01
      L_38_36 :   97.9 :   98.4 :  6.6e-02
      U_36_38 :   97.7 :   98.3 :  6.2e-02
      L_39_36 :   99.2 :   98.7 :  1.4e-02
      U_36_39 :   99.2 :   98.7 :  1.3e-02
      L_40_36 :   99.4 :   98.8 :  9.5e-03
      U_36_40 :   99.4 :   98.6 :  8.7e-03
      L_41_36 :   99.1 :   98.7 :  8.5e-03
      U_36_41 :   99.1 :   98.7 :  7.4e-03
      L_42_36 :   99.6 :   99.0 :  8.9e-03
      U_36_42 :   99.6 :   99.0 :  8.0e-03
      L_43_36 :   99.3 :   99.0 :  2.3e-02
      U_36_43 :   99.3 :   99.0 :  8.7e-03
      L_44_36 :   99.4 :   98.6 :  7.3e-03
      U_36_44 :   99.4 :   98.6 :  9.4e-03
      L_45_36 :   98.3 :   98.7 :  6.7e-02
      U_36_45 :   98.2 :   98.6 :  6.0e-02
      L_46_36 :   99.3 :   98.8 :  1.0e-02
      U_36_46 :   99.3 :   98.8 :  9.3e-03
      L_47_36 :   99.4 :   98.8 :  1.0e-02
      U_36_47 :   99.4 :   98.8 :  9.1e-03
      L_48_36 :   99.3 :   98.4 :  7.1e-03
      U_36_48 :   99.3 :   98.6 :  5.5e-03
      L_49_36 :   98.9 :   98.7 :  1.1e-02
      U_36_49 :   98.9 :   98.7 :  9.6e-03
      L_50_36 :   99.4 :   98.8 :  9.5e-03
      U_36_50 :   99.4 :   99.0 :  8.6e-03
      L_51_36 :    0.0 :    0.0 :  3.2e-01
      U_36_51 :    0.0 :    0.0 :  3.2e-01
      L_52_36 :    0.0 :    0.0 :  2.7e-02
      U_36_52 :    0.0 :    0.0 :  2.3e-02
  Block set compression time : 2.4e+00
  Memory (GB) : 3.81e+00 : 4.75e+00 : 4.06e+00
  D_37_37 : 1.2e+00
      L_38_37 :    0.0 :    0.0 :  7.9e-01
      U_37_38 :    0.0 :    0.0 :  7.6e-01
      L_39_37 :   98.9 :   98.5 :  1.3e-01
      U_37_39 :   98.8 :   98.5 :  1.0e-01
      L_40_37 :   99.3 :   98.6 :  1.7e-02
      U_37_40 :   99.3 :   98.7 :  1.6e-02
      L_41_37 :   99.1 :   98.5 :  1.4e-02
      U_37_41 :   99.1 :   98.5 :  1.2e-02
      L_42_37 :   99.5 :   98.7 :  1.5e-02
      U_37_42 :   99.5 :   98.8 :  1.3e-02
      L_43_37 :   99.4 :   98.6 :  1.6e-02
      U_37_43 :   99.4 :   98.7 :  1.4e-02
      L_44_37 :   99.5 :   98.5 :  1.2e-02
      U_37_44 :   99.5 :   98.8 :  9.9e-03
      L_45_37 :   98.7 :   98.4 :  1.7e-01
      U_37_45 :   98.5 :   98.3 :  1.9e-01
      L_46_37 :   99.3 :   98.6 :  1.8e-02
      U_37_46 :   99.3 :   98.6 :  1.6e-02
      L_47_37 :   99.4 :   98.8 :  1.6e-02
      U_37_47 :   99.4 :   98.9 :  1.4e-02
      L_48_37 :   99.4 :   98.6 :  1.2e-02
      U_37_48 :   99.4 :   98.6 :  9.6e-03
      L_49_37 :   99.3 :   98.7 :  1.6e-02
      U_37_49 :   99.3 :   98.8 :  2.4e-02
      L_50_37 :   99.5 :   98.6 :  1.8e-02
      U_37_50 :   99.5 :   98.9 :  2.2e-02
      L_51_37 :   98.9 :   98.5 :  5.8e-02
      U_37_51 :   98.8 :   98.6 :  5.5e-02
      L_52_37 :   83.4 :   87.2 :  1.9e-02
      U_37_52 :   83.4 :   88.5 :  1.6e-02
  Block set compression time : 3.8e+00
  Memory (GB) : 3.82e+00 : 4.76e+00 : 4.07e+00
  D_38_38 : 1.5e+00
      L_39_38 :    0.0 :    0.0 :  8.4e-01
      U_38_39 :    0.0 :    0.0 :  7.6e-01
      L_40_38 :   99.3 :   98.4 :  2.0e-02
      U_38_40 :   99.3 :   98.4 :  1.8e-02
      L_41_38 :   98.9 :   98.6 :  2.6e-02
      U_38_41 :   98.9 :   98.6 :  1.7e-02
      L_42_38 :   99.6 :   98.8 :  2.3e-02
      U_38_42 :   99.6 :   98.8 :  1.6e-02
      L_43_38 :   99.4 :   98.7 :  1.8e-02
      U_38_43 :   99.4 :   98.7 :  1.6e-02
      L_44_38 :   99.4 :   98.6 :  1.4e-02
      U_38_44 :   99.4 :   98.7 :  1.1e-02
      L_45_38 :    0.0 :    0.0 :  9.7e-01
      U_38_45 :    0.0 :    0.0 :  8.9e-01
      L_46_38 :   98.6 :   98.3 :  9.5e-02
      U_38_46 :   98.8 :   98.2 :  8.7e-02
      L_47_38 :   99.2 :   98.8 :  9.7e-02
      U_38_47 :   99.1 :   98.7 :  9.1e-02
      L_48_38 :   99.1 :   98.5 :  1.4e-02
      U_38_48 :   99.1 :   98.7 :  1.1e-02
      L_49_38 :   98.3 :   98.7 :  8.9e-02
      U_38_49 :   98.3 :   98.6 :  6.1e-02
      L_50_38 :   99.5 :   98.7 :  1.7e-02
      U_38_50 :   99.5 :   98.8 :  1.4e-02
      L_51_38 :   99.2 :   98.8 :  1.8e-02
      U_38_51 :   99.2 :   98.8 :  1.6e-02
      L_52_38 :   83.5 :   89.8 :  1.9e-02
      U_38_52 :   83.5 :   89.8 :  1.7e-02
  Block set compression time : 5.8e+00
  Memory (GB) : 3.83e+00 : 4.78e+00 : 4.09e+00
  D_39_39 : 1.5e+00
      L_40_39 :    0.0 :    0.0 :  7.0e-01
      U_39_40 :    0.0 :    0.0 :  6.5e-01
      L_41_39 :   98.2 :   98.0 :  4.7e-02
      U_39_41 :   98.2 :   98.0 :  4.4e-02
      L_42_39 :   99.5 :   98.7 :  1.7e-02
      U_39_42 :   99.5 :   98.7 :  1.5e-02
      L_43_39 :   98.9 :   98.1 :  1.2e-01
      U_39_43 :   98.8 :   98.1 :  8.4e-02
      L_44_39 :   99.2 :   98.4 :  1.4e-02
      U_39_44 :   99.2 :   98.3 :  1.1e-02
      L_45_39 :    0.0 :    0.0 :  9.4e-01
      U_39_45 :    0.0 :    0.0 :  8.6e-01
      L_46_39 :    0.0 :    0.0 :  6.8e-01
      U_39_46 :    0.0 :    0.0 :  6.3e-01
      L_47_39 :   99.4 :   98.5 :  1.9e-02
      U_39_47 :   99.4 :   98.5 :  1.7e-02
      L_48_39 :   99.1 :   98.5 :  1.4e-02
      U_39_48 :   99.1 :   98.3 :  1.1e-02
      L_49_39 :   99.2 :   98.6 :  1.7e-02
      U_39_49 :   99.2 :   98.6 :  1.5e-02
      L_50_39 :   99.5 :   98.7 :  1.6e-02
      U_39_50 :   99.5 :   98.8 :  1.4e-02
      L_51_39 :   99.5 :   98.9 :  1.5e-02
      U_39_51 :   99.5 :   98.9 :  1.3e-02
      L_52_39 :   92.4 :   92.4 :  1.3e-02
      U_39_52 :   92.4 :   92.4 :  1.0e-02
  Block set compression time : 6.5e+00
  Memory (GB) : 3.84e+00 : 4.79e+00 : 4.10e+00
  D_40_40 : 9.5e-01
      L_41_40 :    0.0 :    0.0 :  3.0e-01
      U_40_41 :    0.0 :    0.0 :  2.7e-01
      L_42_40 :   99.2 :   98.3 :  1.4e-02
      U_40_42 :   99.2 :   98.1 :  1.3e-02
      L_43_40 :    0.0 :    0.0 :  6.3e-01
      U_40_43 :    0.0 :    0.0 :  5.5e-01
      L_44_40 :   99.0 :   97.8 :  1.1e-02
      U_40_44 :   99.0 :   97.8 :  8.4e-03
      L_45_40 :    0.0 :    0.0 :  7.4e-01
      U_40_45 :    0.0 :    0.0 :  6.8e-01
      L_46_40 :    0.0 :    0.0 :  6.3e-01
      U_40_46 :    0.0 :    0.0 :  5.8e-01
      L_47_40 :    0.0 :    0.0 :  6.1e-01
      U_40_47 :    0.0 :    0.0 :  5.7e-01
      L_48_40 :   98.8 :   97.8 :  1.0e-02
      U_40_48 :   98.8 :   98.0 :  8.0e-03
      L_49_40 :   99.1 :   98.2 :  1.3e-02
      U_40_49 :   99.1 :   98.3 :  1.1e-02
      L_50_40 :   99.4 :   98.6 :  1.2e-02
      U_40_50 :   99.4 :   98.7 :  1.1e-02
      L_51_40 :   99.5 :   99.0 :  1.1e-02
      U_40_51 :   99.5 :   99.0 :  9.2e-03
      L_52_40 :   92.3 :   92.3 :  8.0e-03
      U_40_52 :   92.3 :   92.3 :  5.4e-03
  Block set compression time : 6.7e+00
  Memory (GB) : 3.85e+00 : 4.80e+00 : 4.11e+00
  D_41_41 : 1.8e-01
      L_42_41 :    0.0 :    0.0 :  2.9e-01
      U_41_42 :    0.0 :    0.0 :  2.6e-01
      L_43_41 :    0.0 :    0.0 :  3.0e-01
      U_41_43 :    0.0 :    0.0 :  3.1e-01
      L_44_41 :    0.0 :    0.0 :  1.4e-01
      U_41_44 :    0.0 :    0.0 :  1.4e-01
      L_45_41 :   98.2 :   98.6 :  5.4e-02
      U_41_45 :   98.4 :   98.4 :  4.9e-02
      L_46_41 :   97.7 :   98.3 :  4.0e-02
      U_41_46 :   97.7 :   97.9 :  3.8e-02
      L_47_41 :   98.5 :   98.0 :  4.1e-02
      U_41_47 :   98.7 :   98.2 :  5.4e-02
      L_48_41 :   98.7 :   97.3 :  6.3e-03
      U_41_48 :   98.7 :   97.3 :  1.2e-02
      L_49_41 :   99.1 :   98.2 :  1.0e-02
      U_41_49 :   99.1 :   98.2 :  8.0e-03
      L_50_41 :   99.3 :   98.3 :  7.8e-03
      U_41_50 :   99.3 :   98.5 :  7.7e-03
      L_51_41 :   99.4 :   98.8 :  7.6e-03
      U_41_51 :   99.4 :   98.8 :  7.6e-03
      L_52_41 :   94.6 :   93.3 :  4.7e-03
      U_41_52 :   94.6 :   93.3 :  3.7e-03
  Block set compression time : 2.0e+00
  Memory (GB) : 3.86e+00 : 4.80e+00 : 4.11e+00
  D_42_42 : 1.0e+00
      L_43_42 :    0.0 :    0.0 :  6.2e-01
      U_42_43 :    0.0 :    0.0 :  6.1e-01
      L_44_42 :    0.0 :    0.0 :  3.6e-01
      U_42_44 :    0.0 :    0.0 :  3.1e-01
      L_45_42 :   99.2 :   98.8 :  1.9e-02
      U_42_45 :   99.2 :   98.8 :  1.9e-02
      L_46_42 :   99.3 :   98.6 :  1.4e-02
      U_42_46 :   99.3 :   98.6 :  1.3e-02
      L_47_42 :   99.3 :   98.5 :  1.4e-02
      U_42_47 :   99.3 :   98.4 :  1.3e-02
      L_48_42 :   98.8 :   97.7 :  9.5e-03
      U_42_48 :   98.8 :   98.1 :  7.5e-03
      L_49_42 :   99.3 :   98.7 :  1.0e-02
      U_42_49 :   99.3 :   98.5 :  9.0e-03
      L_50_42 :   99.5 :   98.6 :  1.1e-02
      U_42_50 :   99.5 :   98.6 :  1.0e-02
      L_51_42 :   99.6 :   99.0 :  9.6e-03
      U_42_51 :   99.6 :   99.0 :  8.6e-03
      L_52_42 :   94.9 :   93.6 :  6.5e-03
      U_42_52 :   94.9 :   93.6 :  4.3e-03
  Block set compression time : 3.1e+00
  Memory (GB) : 3.87e+00 : 4.81e+00 : 4.12e+00
  D_43_43 : 1.1e+00
      L_44_43 :    0.0 :    0.0 :  3.8e-01
      U_43_44 :    0.0 :    0.0 :  3.7e-01
      L_45_43 :   98.5 :   98.4 :  1.0e-01
      U_43_45 :   98.6 :   98.5 :  9.2e-02
      L_46_43 :    0.0 :    0.0 :  6.8e-01
      U_43_46 :    0.0 :    0.0 :  6.2e-01
      L_47_43 :    0.0 :    0.0 :  7.4e-01
      U_43_47 :    0.0 :    0.0 :  6.8e-01
      L_48_43 :    0.0 :    0.0 :  2.7e-01
      U_43_48 :    0.0 :    0.0 :  2.5e-01
      L_49_43 :   99.0 :   98.4 :  1.5e-02
      U_43_49 :   99.0 :   98.4 :  1.4e-02
      L_50_43 :   99.3 :   98.4 :  1.6e-02
      U_43_50 :   99.3 :   98.5 :  1.4e-02
      L_51_43 :   99.6 :   99.0 :  1.2e-02
      U_43_51 :   99.6 :   99.0 :  1.1e-02
      L_52_43 :   93.6 :   93.6 :  9.9e-03
      U_43_52 :   94.9 :   92.3 :  7.5e-03
  Block set compression time : 5.4e+00
  Memory (GB) : 3.88e+00 : 4.82e+00 : 4.13e+00
  D_44_44 : 2.9e-01
      L_45_44 :   99.2 :   98.6 :  1.7e-02
      U_44_45 :   99.2 :   98.4 :  1.8e-02
      L_46_44 :   98.3 :   98.0 :  5.2e-02
      U_44_46 :   98.5 :   98.0 :  4.8e-02
      L_47_44 :    0.0 :    0.0 :  3.9e-01
      U_44_47 :    0.0 :    0.0 :  4.0e-01
      L_48_44 :    0.0 :    0.0 :  1.6e-01
      U_44_48 :    0.0 :    0.0 :  1.5e-01
      L_49_44 :   99.0 :   98.0 :  9.1e-03
      U_44_49 :   99.0 :   97.8 :  8.9e-03
      L_50_44 :   99.0 :   98.1 :  1.0e-02
      U_44_50 :   99.0 :   98.2 :  1.0e-02
      L_51_44 :   99.5 :   98.8 :  7.6e-03
      U_44_51 :   99.5 :   98.8 :  7.8e-03
      L_52_44 :   94.7 :   93.4 :  4.5e-03
      U_44_52 :   94.7 :   93.4 :  3.4e-03
  Block set compression time : 1.6e+00
  Memory (GB) : 3.88e+00 : 4.82e+00 : 4.14e+00
  D_45_45 : 1.8e+00
      L_46_45 :    0.0 :    0.0 :  9.8e-01
      U_45_46 :    0.0 :    0.0 :  8.8e-01
      L_47_45 :   98.4 :   98.3 :  2.0e-01
      U_45_47 :   98.5 :   98.4 :  1.7e-01
      L_48_45 :   99.1 :   98.5 :  1.9e-02
      U_45_48 :   99.1 :   98.3 :  1.5e-02
      L_49_45 :   98.2 :   98.3 :  7.3e-02
      U_45_49 :   98.0 :   98.5 :  6.7e-02
      L_50_45 :   99.4 :   98.7 :  2.2e-02
      U_45_50 :   99.4 :   98.8 :  1.9e-02
      L_51_45 :   99.3 :   98.8 :  2.1e-02
      U_45_51 :   99.2 :   99.0 :  1.8e-02
      L_52_45 :   83.5 :   89.8 :  2.3e-02
      U_45_52 :   87.3 :   91.1 :  1.9e-02
  Block set compression time : 4.4e+00
  Memory (GB) : 3.89e+00 : 4.84e+00 : 4.15e+00
  D_46_46 : 1.2e+00
      L_47_46 :    0.0 :    0.0 :  8.6e-01
      U_46_47 :    0.0 :    0.0 :  8.3e-01
      L_48_46 :   98.2 :   97.9 :  6.6e-02
      U_46_48 :   98.2 :   97.9 :  4.0e-02
      L_49_46 :    0.0 :    0.0 :  4.6e-01
      U_46_49 :    0.0 :    0.0 :  4.5e-01
      L_50_46 :   99.2 :   98.4 :  2.0e-02
      U_46_50 :   99.2 :   98.5 :  1.8e-02
      L_51_46 :   99.2 :   99.0 :  1.6e-02
      U_46_51 :   99.4 :   98.9 :  1.5e-02
      L_52_46 :   89.8 :   92.3 :  1.3e-02
      U_46_52 :   89.8 :   91.0 :  1.2e-02
  Block set compression time : 4.0e+00
  Memory (GB) : 3.90e+00 : 4.85e+00 : 4.16e+00
  D_47_47 : 1.5e+00
      L_48_47 :    0.0 :    0.0 :  3.6e-01
      U_47_48 :    0.0 :    0.0 :  3.5e-01
      L_49_47 :    0.0 :    0.0 :  5.8e-01
      U_47_49 :    0.0 :    0.0 :  5.0e-01
      L_50_47 :    0.0 :    0.0 :  8.2e-01
      U_47_50 :    0.0 :    0.0 :  7.4e-01
      L_51_47 :   99.4 :   99.0 :  1.6e-02
      U_47_51 :   99.4 :   98.9 :  1.4e-02
      L_52_47 :   91.1 :   93.6 :  1.3e-02
      U_47_52 :   92.4 :   93.6 :  1.0e-02
  Block set compression time : 4.9e+00
  Memory (GB) : 3.92e+00 : 4.86e+00 : 4.17e+00
  D_48_48 : 1.9e-01
      L_49_48 :    0.0 :    0.0 :  2.1e-01
      U_48_49 :    0.0 :    0.0 :  2.0e-01
      L_50_48 :    0.0 :    0.0 :  3.3e-01
      U_48_50 :    0.0 :    0.0 :  3.4e-01
      L_51_48 :   99.4 :   98.8 :  7.6e-03
      U_48_51 :   99.4 :   98.6 :  7.8e-03
      L_52_48 :   93.2 :   93.2 :  4.2e-03
      U_48_52 :   95.9 :   91.9 :  3.3e-03
  Block set compression time : 1.3e+00
  Memory (GB) : 3.92e+00 : 4.86e+00 : 4.17e+00
  D_49_49 : 5.1e-01
      L_50_49 :    0.0 :    0.0 :  5.6e-01
      U_49_50 :    0.0 :    0.0 :  5.6e-01
      L_51_49 :   99.1 :   98.9 :  1.3e-02
      U_49_51 :   99.1 :   98.9 :  1.2e-02
      L_52_49 :   93.5 :   93.5 :  9.2e-03
      U_49_52 :   92.1 :   93.5 :  8.4e-03
  Block set compression time : 1.7e+00
  Memory (GB) : 3.92e+00 : 4.87e+00 : 4.18e+00
  D_50_50 : 1.4e+00
      L_51_50 :   99.4 :   99.0 :  1.5e-02
      U_50_51 :   99.4 :   98.9 :  2.5e-02
      L_52_50 :   91.1 :   93.6 :  2.3e-02
      U_50_52 :   92.4 :   93.6 :  1.8e-02
  Block set compression time : 1.5e+00
  Memory (GB) : 3.94e+00 : 4.88e+00 : 4.19e+00
  D_51_51 : 8.8e-01
      L_52_51 :    0.0 :    0.0 :  4.2e-02
      U_51_52 :    0.0 :    0.0 :  3.4e-02
  Block set compression time : 9.6e-01
  Memory (GB) : 3.94e+00 : 4.89e+00 : 4.20e+00
  D_52_52 : 3.2e-03

  LU build time : 162.894
 
  LU CPU RSVD Compression end  


 -------- Solver End ----------

  Back Solve (Begin)

  Applying permutation to all RHS ... end (1.5e-03 sec)
 
  Applying L column block set 1 of 52 to all RHS
  Applying L column block set 2 of 52 to all RHS
  Applying L column block set 3 of 52 to all RHS
  Applying L column block set 4 of 52 to all RHS
  Applying L column block set 5 of 52 to all RHS
  Applying L column block set 6 of 52 to all RHS
  Applying L column block set 7 of 52 to all RHS
  Applying L column block set 8 of 52 to all RHS
  Applying L column block set 9 of 52 to all RHS
  Applying L column block set 10 of 52 to all RHS
  Applying L column block set 11 of 52 to all RHS
  Applying L column block set 12 of 52 to all RHS
  Applying L column block set 13 of 52 to all RHS
  Applying L column block set 14 of 52 to all RHS
  Applying L column block set 15 of 52 to all RHS
  Applying L column block set 16 of 52 to all RHS
  Applying L column block set 17 of 52 to all RHS
  Applying L column block set 18 of 52 to all RHS
  Applying L column block set 19 of 52 to all RHS
  Applying L column block set 20 of 52 to all RHS
  Applying L column block set 21 of 52 to all RHS
  Applying L column block set 22 of 52 to all RHS
  Applying L column block set 23 of 52 to all RHS
  Applying L column block set 24 of 52 to all RHS
  Applying L column block set 25 of 52 to all RHS
  Applying L column block set 26 of 52 to all RHS
  Applying L column block set 27 of 52 to all RHS
  Applying L column block set 28 of 52 to all RHS
  Applying L column block set 29 of 52 to all RHS
  Applying L column block set 30 of 52 to all RHS
  Applying L column block set 31 of 52 to all RHS
  Applying L column block set 32 of 52 to all RHS
  Applying L column block set 33 of 52 to all RHS
  Applying L column block set 34 of 52 to all RHS
  Applying L column block set 35 of 52 to all RHS
  Applying L column block set 36 of 52 to all RHS
  Applying L column block set 37 of 52 to all RHS
  Applying L column block set 38 of 52 to all RHS
  Applying L column block set 39 of 52 to all RHS
  Applying L column block set 40 of 52 to all RHS
  Applying L column block set 41 of 52 to all RHS
  Applying L column block set 42 of 52 to all RHS
  Applying L column block set 43 of 52 to all RHS
  Applying L column block set 44 of 52 to all RHS
  Applying L column block set 45 of 52 to all RHS
  Applying L column block set 46 of 52 to all RHS
  Applying L column block set 47 of 52 to all RHS
  Applying L column block set 48 of 52 to all RHS
  Applying L column block set 49 of 52 to all RHS
  Applying L column block set 50 of 52 to all RHS
  Applying L column block set 51 of 52 to all RHS
  Applying L column block set 52 of 52 to all RHS
 
  Applying D_52_52 to all RHS
  Applying U column block set 52 of 52 to all RHS
  Applying D_51_51 to all RHS
  Applying U column block set 51 of 52 to all RHS
  Applying D_50_50 to all RHS
  Applying U column block set 50 of 52 to all RHS
  Applying D_49_49 to all RHS
  Applying U column block set 49 of 52 to all RHS
  Applying D_48_48 to all RHS
  Applying U column block set 48 of 52 to all RHS
  Applying D_47_47 to all RHS
  Applying U column block set 47 of 52 to all RHS
  Applying D_46_46 to all RHS
  Applying U column block set 46 of 52 to all RHS
  Applying D_45_45 to all RHS
  Applying U column block set 45 of 52 to all RHS
  Applying D_44_44 to all RHS
  Applying U column block set 44 of 52 to all RHS
  Applying D_43_43 to all RHS
  Applying U column block set 43 of 52 to all RHS
  Applying D_42_42 to all RHS
  Applying U column block set 42 of 52 to all RHS
  Applying D_41_41 to all RHS
  Applying U column block set 41 of 52 to all RHS
  Applying D_40_40 to all RHS
  Applying U column block set 40 of 52 to all RHS
  Applying D_39_39 to all RHS
  Applying U column block set 39 of 52 to all RHS
  Applying D_38_38 to all RHS
  Applying U column block set 38 of 52 to all RHS
  Applying D_37_37 to all RHS
  Applying U column block set 37 of 52 to all RHS
  Applying D_36_36 to all RHS
  Applying U column block set 36 of 52 to all RHS
  Applying D_35_35 to all RHS
  Applying U column block set 35 of 52 to all RHS
  Applying D_34_34 to all RHS
  Applying U column block set 34 of 52 to all RHS
  Applying D_33_33 to all RHS
  Applying U column block set 33 of 52 to all RHS
  Applying D_32_32 to all RHS
  Applying U column block set 32 of 52 to all RHS
  Applying D_31_31 to all RHS
  Applying U column block set 31 of 52 to all RHS
  Applying D_30_30 to all RHS
  Applying U column block set 30 of 52 to all RHS
  Applying D_29_29 to all RHS
  Applying U column block set 29 of 52 to all RHS
  Applying D_28_28 to all RHS
  Applying U column block set 28 of 52 to all RHS
  Applying D_27_27 to all RHS
  Applying U column block set 27 of 52 to all RHS
  Applying D_26_26 to all RHS
  Applying U column block set 26 of 52 to all RHS
  Applying D_25_25 to all RHS
  Applying U column block set 25 of 52 to all RHS
  Applying D_24_24 to all RHS
  Applying U column block set 24 of 52 to all RHS
  Applying D_23_23 to all RHS
  Applying U column block set 23 of 52 to all RHS
  Applying D_22_22 to all RHS
  Applying U column block set 22 of 52 to all RHS
  Applying D_21_21 to all RHS
  Applying U column block set 21 of 52 to all RHS
  Applying D_20_20 to all RHS
  Applying U column block set 20 of 52 to all RHS
  Applying D_19_19 to all RHS
  Applying U column block set 19 of 52 to all RHS
  Applying D_18_18 to all RHS
  Applying U column block set 18 of 52 to all RHS
  Applying D_17_17 to all RHS
  Applying U column block set 17 of 52 to all RHS
  Applying D_16_16 to all RHS
  Applying U column block set 16 of 52 to all RHS
  Applying D_15_15 to all RHS
  Applying U column block set 15 of 52 to all RHS
  Applying D_14_14 to all RHS
  Applying U column block set 14 of 52 to all RHS
  Applying D_13_13 to all RHS
  Applying U column block set 13 of 52 to all RHS
  Applying D_12_12 to all RHS
  Applying U column block set 12 of 52 to all RHS
  Applying D_11_11 to all RHS
  Applying U column block set 11 of 52 to all RHS
  Applying D_10_10 to all RHS
  Applying U column block set 10 of 52 to all RHS
  Applying D_9_9 to all RHS
  Applying U column block set 9 of 52 to all RHS
  Applying D_8_8 to all RHS
  Applying U column block set 8 of 52 to all RHS
  Applying D_7_7 to all RHS
  Applying U column block set 7 of 52 to all RHS
  Applying D_6_6 to all RHS
  Applying U column block set 6 of 52 to all RHS
  Applying D_5_5 to all RHS
  Applying U column block set 5 of 52 to all RHS
  Applying D_4_4 to all RHS
  Applying U column block set 4 of 52 to all RHS
  Applying D_3_3 to all RHS
  Applying U column block set 3 of 52 to all RHS
  Applying D_2_2 to all RHS
  Applying U column block set 2 of 52 to all RHS
  Applying D_1_1 to all RHS
  Applying U column block set 1 of 52 to all RHS
  Applying D_0_0 to all RHS
 
  Applying permutation to all RHS ... end (2.5e-04 sec)

  Back Solve time : 2.62e-01

  Back Solve (End)
